zip,shipping_time
395002,5-6 Days
416315,5-6 Days
612402,5-6 Days
488001,5-6 Days
326529,5-6 Days
140802,5-6 Days
472118,5-6 Days
415011,5-6 Days
590003,5-6 Days
635108,5-6 Days
602107,5-6 Days
244102,5-6 Days
828303,5-6 Days
845305,5-6 Days
243407,5-6 Days
695304,5-6 Days
209210,5-6 Days
627415,5-6 Days
465441,5-6 Days
612303,5-6 Days
226305,5-6 Days
700125,5-6 Days
713219,5-6 Days
642202,5-6 Days
721603,5-6 Days
172104,5-6 Days
743383,5-6 Days
711113,5-6 Days
132102,5-6 Days
382029,5-6 Days
563161,5-6 Days
400043,5-6 Days
679357,5-6 Days
441207,5-6 Days
312021,5-6 Days
761200,5-6 Days
700080,5-6 Days
140111,5-6 Days
229130,5-6 Days
764072,5-6 Days
506369,5-6 Days
465116,5-6 Days
402402,5-6 Days
754291,5-6 Days
228145,5-6 Days
732149,5-6 Days
571146,5-6 Days
382405,5-6 Days
766014,5-6 Days
802101,5-6 Days
581102,5-6 Days
304502,5-6 Days
641023,5-6 Days
370511,5-6 Days
577557,5-6 Days
829138,5-6 Days
741189,5-6 Days
431211,5-6 Days
735302,5-6 Days
686604,5-6 Days
603405,5-6 Days
577117,5-6 Days
262545,5-6 Days
755006,5-6 Days
480109,5-6 Days
458441,5-6 Days
524137,5-6 Days
463111,5-6 Days
522402,5-6 Days
844141,5-6 Days
515842,5-6 Days
770002,5-6 Days
110112,5-6 Days
795122,5-6 Days
411056,5-6 Days
413515,5-6 Days
624108,5-6 Days
627133,5-6 Days
122234,5-6 Days
641002,5-6 Days
416114,5-6 Days
814102,5-6 Days
263138,5-6 Days
175003,5-6 Days
110066,5-6 Days
580112,5-6 Days
848239,5-6 Days
110044,5-6 Days
793017,5-6 Days
783372,5-6 Days
328026,5-6 Days
470441,5-6 Days
490011,5-6 Days
501323,5-6 Days
737134,5-6 Days
172021,5-6 Days
590012,5-6 Days
413728,5-6 Days
182147,5-6 Days
444302,5-6 Days
444719,5-6 Days
516433,5-6 Days
788155,5-6 Days
500077,5-6 Days
636451,5-6 Days
143001,5-6 Days
625120,5-6 Days
686721,5-6 Days
841234,5-6 Days
571429,5-6 Days
522007,5-6 Days
742409,5-6 Days
532284,5-6 Days
768217,5-6 Days
515731,5-6 Days
516004,5-6 Days
301708,5-6 Days
614803,5-6 Days
305801,5-6 Days
577232,5-6 Days
534122,5-6 Days
756137,5-6 Days
574218,5-6 Days
843121,5-6 Days
581306,5-6 Days
229416,5-6 Days
523367,5-6 Days
560016,5-6 Days
431114,5-6 Days
602001,5-6 Days
742407,5-6 Days
391740,5-6 Days
205268,5-6 Days
571802,5-6 Days
177213,5-6 Days
828135,5-6 Days
228151,5-6 Days
110106,5-6 Days
794109,5-6 Days
741507,5-6 Days
384345,5-6 Days
422620,5-6 Days
360550,5-6 Days
123507,5-6 Days
743510,5-6 Days
721457,5-6 Days
174304,5-6 Days
713379,5-6 Days
685588,5-6 Days
274208,5-6 Days
534452,5-6 Days
629175,5-6 Days
392011,5-6 Days
814149,5-6 Days
344028,5-6 Days
533341,5-6 Days
228411,5-6 Days
743744,5-6 Days
415413,5-6 Days
132104,5-6 Days
673017,5-6 Days
627601,5-6 Days
622105,5-6 Days
626526,5-6 Days
242127,5-6 Days
753011,5-6 Days
752017,5-6 Days
682025,5-6 Days
126114,5-6 Days
690561,5-6 Days
461116,5-6 Days
631701,5-6 Days
415722,5-6 Days
574253,5-6 Days
606905,5-6 Days
591231,5-6 Days
454116,5-6 Days
723146,5-6 Days
642204,5-6 Days
133102,5-6 Days
333012,5-6 Days
496107,5-6 Days
207301,5-6 Days
686546,5-6 Days
431701,5-6 Days
635130,5-6 Days
560091,5-6 Days
811201,5-6 Days
441107,5-6 Days
343043,5-6 Days
444204,5-6 Days
394270,5-6 Days
689544,5-6 Days
691511,5-6 Days
804421,5-6 Days
388530,5-6 Days
503101,5-6 Days
676307,5-6 Days
741161,5-6 Days
140701,5-6 Days
147102,5-6 Days
781008,5-6 Days
605201,5-6 Days
276123,5-6 Days
626109,5-6 Days
793012,5-6 Days
224147,5-6 Days
500103,5-6 Days
713378,5-6 Days
415609,5-6 Days
470113,5-6 Days
821306,5-6 Days
624102,5-6 Days
626513,5-6 Days
688508,5-6 Days
495222,5-6 Days
841441,5-6 Days
262723,5-6 Days
614902,5-6 Days
132040,5-6 Days
532408,5-6 Days
723142,5-6 Days
263622,5-6 Days
723215,5-6 Days
305819,5-6 Days
688501,5-6 Days
643213,5-6 Days
413722,5-6 Days
756169,5-6 Days
461772,5-6 Days
334601,5-6 Days
143416,5-6 Days
244001,5-6 Days
852214,5-6 Days
477447,5-6 Days
643004,5-6 Days
415804,5-6 Days
388570,5-6 Days
177202,5-6 Days
416436,5-6 Days
480108,5-6 Days
431138,5-6 Days
843129,5-6 Days
686022,5-6 Days
402404,5-6 Days
190009,5-6 Days
283113,5-6 Days
678707,5-6 Days
263154,5-6 Days
518176,5-6 Days
126125,5-6 Days
125038,5-6 Days
389172,5-6 Days
423501,5-6 Days
783376,5-6 Days
767016,5-6 Days
204208,5-6 Days
382445,5-6 Days
441002,5-6 Days
721507,5-6 Days
192302,5-6 Days
751022,5-6 Days
400065,5-6 Days
440037,5-6 Days
444901,5-6 Days
131027,5-6 Days
131029,5-6 Days
733143,5-6 Days
416529,5-6 Days
224238,5-6 Days
207245,5-6 Days
508287,5-6 Days
768119,5-6 Days
441210,5-6 Days
562157,5-6 Days
505450,5-6 Days
415713,5-6 Days
845430,5-6 Days
560053,5-6 Days
784528,5-6 Days
465680,5-6 Days
486220,5-6 Days
673603,5-6 Days
396135,5-6 Days
441115,5-6 Days
847211,5-6 Days
185101,5-6 Days
362540,5-6 Days
206121,5-6 Days
517586,5-6 Days
500178,5-6 Days
141111,5-6 Days
313330,5-6 Days
735230,5-6 Days
785676,5-6 Days
392130,5-6 Days
690571,5-6 Days
766023,5-6 Days
176314,5-6 Days
151201,5-6 Days
535161,5-6 Days
244104,5-6 Days
440023,5-6 Days
722110,5-6 Days
222135,5-6 Days
387420,5-6 Days
686671,5-6 Days
146102,5-6 Days
431708,5-6 Days
242301,5-6 Days
416216,5-6 Days
581107,5-6 Days
736172,5-6 Days
782475,5-6 Days
136136,5-6 Days
230124,5-6 Days
824124,5-6 Days
411046,5-6 Days
700099,5-6 Days
641030,5-6 Days
783339,5-6 Days
635307,5-6 Days
387220,5-6 Days
124104,5-6 Days
571102,5-6 Days
781319,5-6 Days
829111,5-6 Days
505531,5-6 Days
127043,5-6 Days
307022,5-6 Days
523346,5-6 Days
327031,5-6 Days
813112,5-6 Days
680319,5-6 Days
534001,5-6 Days
754113,5-6 Days
638460,5-6 Days
606802,5-6 Days
241125,5-6 Days
741257,5-6 Days
384440,5-6 Days
341024,5-6 Days
410405,5-6 Days
576226,5-6 Days
586105,5-6 Days
184201,5-6 Days
821112,5-6 Days
609204,5-6 Days
690108,5-6 Days
766017,5-6 Days
688502,5-6 Days
515303,5-6 Days
628716,5-6 Days
765002,5-6 Days
531085,5-6 Days
362250,5-6 Days
242306,5-6 Days
602109,5-6 Days
581402,5-6 Days
313333,5-6 Days
623522,5-6 Days
326502,5-6 Days
732125,5-6 Days
630313,5-6 Days
734219,5-6 Days
673523,5-6 Days
413504,5-6 Days
248125,5-6 Days
245412,5-6 Days
518005,5-6 Days
637409,5-6 Days
144026,5-6 Days
690536,5-6 Days
380010,5-6 Days
733142,5-6 Days
441204,5-6 Days
751026,5-6 Days
321403,5-6 Days
571236,5-6 Days
531077,5-6 Days
332029,5-6 Days
144526,5-6 Days
523212,5-6 Days
475675,5-6 Days
603305,5-6 Days
691576,5-6 Days
263139,5-6 Days
571445,5-6 Days
622002,5-6 Days
736146,5-6 Days
521129,5-6 Days
464670,5-6 Days
636401,5-6 Days
682504,5-6 Days
689590,5-6 Days
208006,5-6 Days
686548,5-6 Days
145002,5-6 Days
228119,5-6 Days
759019,5-6 Days
743337,5-6 Days
534301,5-6 Days
770016,5-6 Days
758045,5-6 Days
333303,5-6 Days
803116,5-6 Days
227816,5-6 Days
486666,5-6 Days
828403,5-6 Days
481445,5-6 Days
346003,5-6 Days
637102,5-6 Days
591225,5-6 Days
322245,5-6 Days
626142,5-6 Days
679306,5-6 Days
802136,5-6 Days
626104,5-6 Days
523329,5-6 Days
444507,5-6 Days
670642,5-6 Days
500080,5-6 Days
572124,5-6 Days
734215,5-6 Days
685512,5-6 Days
670103,5-6 Days
400604,5-6 Days
244224,5-6 Days
380041,5-6 Days
535260,5-6 Days
786172,5-6 Days
363330,5-6 Days
389260,5-6 Days
636106,5-6 Days
450052,5-6 Days
682503,5-6 Days
110034,5-6 Days
323026,5-6 Days
392180,5-6 Days
277121,5-6 Days
301420,5-6 Days
232102,5-6 Days
781351,5-6 Days
247343,5-6 Days
173204,5-6 Days
323305,5-6 Days
635101,5-6 Days
842010,5-6 Days
793016,5-6 Days
483770,5-6 Days
534326,5-6 Days
813102,5-6 Days
812001,5-6 Days
261401,5-6 Days
495671,5-6 Days
362258,5-6 Days
613102,5-6 Days
620001,5-6 Days
736169,5-6 Days
688010,5-6 Days
151510,5-6 Days
123101,5-6 Days
626106,5-6 Days
685601,5-6 Days
412307,5-6 Days
533212,5-6 Days
689613,5-6 Days
416517,5-6 Days
209861,5-6 Days
832109,5-6 Days
271318,5-6 Days
507138,5-6 Days
799288,5-6 Days
573144,5-6 Days
462016,5-6 Days
311203,5-6 Days
175011,5-6 Days
683564,5-6 Days
632007,5-6 Days
613005,5-6 Days
800023,5-6 Days
629502,5-6 Days
576210,5-6 Days
734203,5-6 Days
394340,5-6 Days
171009,5-6 Days
110011,5-6 Days
382027,5-6 Days
587120,5-6 Days
361230,5-6 Days
207402,5-6 Days
143004,5-6 Days
533217,5-6 Days
412408,5-6 Days
571116,5-6 Days
382655,5-6 Days
442005,5-6 Days
639004,5-6 Days
212401,5-6 Days
795104,5-6 Days
785664,5-6 Days
680573,5-6 Days
497333,5-6 Days
413739,5-6 Days
451660,5-6 Days
110082,5-6 Days
741245,5-6 Days
573147,5-6 Days
673307,5-6 Days
743263,5-6 Days
755007,5-6 Days
135021,5-6 Days
470226,5-6 Days
176207,5-6 Days
136020,5-6 Days
686124,5-6 Days
442701,5-6 Days
753012,5-6 Days
799141,5-6 Days
303302,5-6 Days
627109,5-6 Days
580005,5-6 Days
110512,5-6 Days
209864,5-6 Days
503114,5-6 Days
700101,5-6 Days
641655,5-6 Days
762029,5-6 Days
766018,5-6 Days
394440,5-6 Days
425442,5-6 Days
334305,5-6 Days
341522,5-6 Days
382000,5-6 Days
572115,5-6 Days
685618,5-6 Days
612703,5-6 Days
612702,5-6 Days
576247,5-6 Days
577551,5-6 Days
628303,5-6 Days
712104,5-6 Days
804401,5-6 Days
175031,5-6 Days
686601,5-6 Days
341504,5-6 Days
413211,5-6 Days
182161,5-6 Days
624004,5-6 Days
571610,5-6 Days
345027,5-6 Days
486002,5-6 Days
440034,5-6 Days
211021,5-6 Days
576229,5-6 Days
632002,5-6 Days
627051,5-6 Days
845416,5-6 Days
227807,5-6 Days
148027,5-6 Days
146023,5-6 Days
180004,5-6 Days
440006,5-6 Days
208120,5-6 Days
828302,5-6 Days
614612,5-6 Days
226010,5-6 Days
521344,5-6 Days
132122,5-6 Days
121009,5-6 Days
722204,5-6 Days
711307,5-6 Days
743512,5-6 Days
127311,5-6 Days
601202,5-6 Days
689580,5-6 Days
491227,5-6 Days
305405,5-6 Days
444004,5-6 Days
271502,5-6 Days
785702,5-6 Days
225205,5-6 Days
495330,5-6 Days
590015,5-6 Days
848516,5-6 Days
341302,5-6 Days
229204,5-6 Days
587118,5-6 Days
799284,5-6 Days
560047,5-6 Days
466125,5-6 Days
827013,5-6 Days
501511,5-6 Days
679554,5-6 Days
691538,5-6 Days
415619,5-6 Days
241302,5-6 Days
522256,5-6 Days
332301,5-6 Days
462017,5-6 Days
515835,5-6 Days
485002,5-6 Days
784117,5-6 Days
534426,5-6 Days
691022,5-6 Days
737132,5-6 Days
758078,5-6 Days
241124,5-6 Days
230306,5-6 Days
495007,5-6 Days
176065,5-6 Days
262726,5-6 Days
243634,5-6 Days
465697,5-6 Days
533214,5-6 Days
152024,5-6 Days
303122,5-6 Days
415214,5-6 Days
333020,5-6 Days
695543,5-6 Days
382325,5-6 Days
627130,5-6 Days
311408,5-6 Days
110105,5-6 Days
852110,5-6 Days
581175,5-6 Days
517193,5-6 Days
301035,5-6 Days
342011,5-6 Days
584201,5-6 Days
575005,5-6 Days
503185,5-6 Days
522660,5-6 Days
629165,5-6 Days
829107,5-6 Days
628618,5-6 Days
590016,5-6 Days
416123,5-6 Days
203399,5-6 Days
759027,5-6 Days
522415,5-6 Days
627105,5-6 Days
845402,5-6 Days
271904,5-6 Days
360004,5-6 Days
686616,5-6 Days
587317,5-6 Days
343044,5-6 Days
444702,5-6 Days
246127,5-6 Days
691547,5-6 Days
587204,5-6 Days
625707,5-6 Days
683572,5-6 Days
226016,5-6 Days
209727,5-6 Days
842007,5-6 Days
136042,5-6 Days
333503,5-6 Days
304501,5-6 Days
303118,5-6 Days
443405,5-6 Days
854327,5-6 Days
209125,5-6 Days
756037,5-6 Days
792121,5-6 Days
160055,5-6 Days
506391,5-6 Days
445303,5-6 Days
577126,5-6 Days
600047,5-6 Days
785626,5-6 Days
577435,5-6 Days
382260,5-6 Days
508218,5-6 Days
680687,5-6 Days
781029,5-6 Days
201306,5-6 Days
680695,5-6 Days
202525,5-6 Days
248008,5-6 Days
415540,5-6 Days
581331,5-6 Days
500100,5-6 Days
144028,5-6 Days
444807,5-6 Days
224225,5-6 Days
784170,5-6 Days
636308,5-6 Days
759014,5-6 Days
571430,5-6 Days
638672,5-6 Days
466001,5-6 Days
190019,5-6 Days
723162,5-6 Days
450112,5-6 Days
590005,5-6 Days
621110,5-6 Days
211003,5-6 Days
515211,5-6 Days
670582,5-6 Days
532410,5-6 Days
523111,5-6 Days
683594,5-6 Days
700049,5-6 Days
788738,5-6 Days
847233,5-6 Days
700005,5-6 Days
388430,5-6 Days
387305,5-6 Days
342013,5-6 Days
585220,5-6 Days
600020,5-6 Days
851122,5-6 Days
523185,5-6 Days
143527,5-6 Days
583214,5-6 Days
335524,5-6 Days
212405,5-6 Days
143022,5-6 Days
754240,5-6 Days
515101,5-6 Days
442918,5-6 Days
143601,5-6 Days
624218,5-6 Days
574202,5-6 Days
636813,5-6 Days
411024,5-6 Days
758022,5-6 Days
847109,5-6 Days
261207,5-6 Days
751017,5-6 Days
576115,5-6 Days
451228,5-6 Days
642134,5-6 Days
757101,5-6 Days
821307,5-6 Days
482051,5-6 Days
135106,5-6 Days
305011,5-6 Days
796111,5-6 Days
580029,5-6 Days
637212,5-6 Days
209402,5-6 Days
443402,5-6 Days
825106,5-6 Days
181221,5-6 Days
243601,5-6 Days
424204,5-6 Days
711111,5-6 Days
755049,5-6 Days
227131,5-6 Days
444126,5-6 Days
721659,5-6 Days
695104,5-6 Days
781026,5-6 Days
144510,5-6 Days
500089,5-6 Days
785633,5-6 Days
688545,5-6 Days
700068,5-6 Days
627956,5-6 Days
521165,5-6 Days
110511,5-6 Days
574272,5-6 Days
274205,5-6 Days
689647,5-6 Days
500039,5-6 Days
413202,5-6 Days
731245,5-6 Days
271805,5-6 Days
741137,5-6 Days
673125,5-6 Days
473446,5-6 Days
177105,5-6 Days
482009,5-6 Days
613601,5-6 Days
835244,5-6 Days
802207,5-6 Days
272128,5-6 Days
572123,5-6 Days
203407,5-6 Days
160026,5-6 Days
829118,5-6 Days
783360,5-6 Days
472001,5-6 Days
638315,5-6 Days
792122,5-6 Days
758015,5-6 Days
232332,5-6 Days
602105,5-6 Days
457119,5-6 Days
387100,5-6 Days
591136,5-6 Days
761105,5-6 Days
334004,5-6 Days
190004,5-6 Days
481672,5-6 Days
782411,5-6 Days
323803,5-6 Days
505188,5-6 Days
741301,5-6 Days
788119,5-6 Days
754282,5-6 Days
756086,5-6 Days
613207,5-6 Days
574314,5-6 Days
805109,5-6 Days
620017,5-6 Days
384320,5-6 Days
682029,5-6 Days
364365,5-6 Days
175137,5-6 Days
481222,5-6 Days
790002,5-6 Days
515803,5-6 Days
841313,5-6 Days
571448,5-6 Days
683546,5-6 Days
609801,5-6 Days
416435,5-6 Days
396185,5-6 Days
180017,5-6 Days
732101,5-6 Days
305002,5-6 Days
230304,5-6 Days
221719,5-6 Days
509407,5-6 Days
805103,5-6 Days
604601,5-6 Days
533247,5-6 Days
333514,5-6 Days
285129,5-6 Days
600064,5-6 Days
826006,5-6 Days
848110,5-6 Days
123401,5-6 Days
202139,5-6 Days
523368,5-6 Days
722156,5-6 Days
752021,5-6 Days
412220,5-6 Days
689106,5-6 Days
676542,5-6 Days
364330,5-6 Days
440003,5-6 Days
686025,5-6 Days
624613,5-6 Days
177107,5-6 Days
573126,5-6 Days
635001,5-6 Days
627116,5-6 Days
520016,5-6 Days
500071,5-6 Days
229308,5-6 Days
415539,5-6 Days
628207,5-6 Days
413224,5-6 Days
843301,5-6 Days
700105,5-6 Days
626128,5-6 Days
761009,5-6 Days
281301,5-6 Days
192304,5-6 Days
421002,5-6 Days
171012,5-6 Days
515501,5-6 Days
303806,5-6 Days
285211,5-6 Days
524127,5-6 Days
796571,5-6 Days
844119,5-6 Days
384435,5-6 Days
303303,5-6 Days
788003,5-6 Days
560042,5-6 Days
516289,5-6 Days
563152,5-6 Days
176022,5-6 Days
508214,5-6 Days
191204,5-6 Days
457990,5-6 Days
272207,5-6 Days
621308,5-6 Days
524239,5-6 Days
673317,5-6 Days
494335,5-6 Days
843352,5-6 Days
177206,5-6 Days
712124,5-6 Days
500051,5-6 Days
741501,5-6 Days
306603,5-6 Days
673006,5-6 Days
731246,5-6 Days
854105,5-6 Days
735303,5-6 Days
629202,5-6 Days
184210,5-6 Days
700022,5-6 Days
151209,5-6 Days
752023,5-6 Days
573213,5-6 Days
271832,5-6 Days
577550,5-6 Days
382430,5-6 Days
143202,5-6 Days
382321,5-6 Days
383001,5-6 Days
577538,5-6 Days
382255,5-6 Days
621002,5-6 Days
611001,5-6 Days
388335,5-6 Days
623802,5-6 Days
343039,5-6 Days
284202,5-6 Days
321030,5-6 Days
576124,5-6 Days
757086,5-6 Days
334005,5-6 Days
174507,5-6 Days
502269,5-6 Days
754286,5-6 Days
284206,5-6 Days
491004,5-6 Days
227812,5-6 Days
847224,5-6 Days
689667,5-6 Days
535102,5-6 Days
402101,5-6 Days
673101,5-6 Days
221103,5-6 Days
631202,5-6 Days
700128,5-6 Days
416501,5-6 Days
741164,5-6 Days
785625,5-6 Days
263145,5-6 Days
229401,5-6 Days
177119,5-6 Days
244103,5-6 Days
814113,5-6 Days
228142,5-6 Days
624707,5-6 Days
570018,5-6 Days
416532,5-6 Days
263401,5-6 Days
500081,5-6 Days
517423,5-6 Days
481883,5-6 Days
688011,5-6 Days
425516,5-6 Days
180019,5-6 Days
521148,5-6 Days
737139,5-6 Days
689663,5-6 Days
517257,5-6 Days
125011,5-6 Days
509002,5-6 Days
464111,5-6 Days
799011,5-6 Days
452013,5-6 Days
764056,5-6 Days
458226,5-6 Days
782470,5-6 Days
629164,5-6 Days
152130,5-6 Days
521424,5-6 Days
614403,5-6 Days
335805,5-6 Days
690554,5-6 Days
798621,5-6 Days
415615,5-6 Days
175047,5-6 Days
506004,5-6 Days
691555,5-6 Days
762019,5-6 Days
393155,5-6 Days
635804,5-6 Days
721606,5-6 Days
784151,5-6 Days
312605,5-6 Days
580004,5-6 Days
678004,5-6 Days
465447,5-6 Days
462014,5-6 Days
160011,5-6 Days
781122,5-6 Days
465113,5-6 Days
136027,5-6 Days
811313,5-6 Days
752035,5-6 Days
412110,5-6 Days
306307,5-6 Days
328024,5-6 Days
202004,5-6 Days
533343,5-6 Days
700136,5-6 Days
572130,5-6 Days
342902,5-6 Days
491336,5-6 Days
713160,5-6 Days
582206,5-6 Days
176401,5-6 Days
500012,5-6 Days
333030,5-6 Days
768150,5-6 Days
624614,5-6 Days
757104,5-6 Days
110065,5-6 Days
172102,5-6 Days
686695,5-6 Days
700043,5-6 Days
691307,5-6 Days
144221,5-6 Days
530001,5-6 Days
122100,5-6 Days
628206,5-6 Days
631501,5-6 Days
148004,5-6 Days
690544,5-6 Days
334302,5-6 Days
712245,5-6 Days
575152,5-6 Days
787056,5-6 Days
679305,5-6 Days
825421,5-6 Days
835207,5-6 Days
673316,5-6 Days
614721,5-6 Days
521212,5-6 Days
743294,5-6 Days
144602,5-6 Days
735217,5-6 Days
600082,5-6 Days
743398,5-6 Days
212306,5-6 Days
713428,5-6 Days
713305,5-6 Days
713167,5-6 Days
629166,5-6 Days
516380,5-6 Days
144402,5-6 Days
303702,5-6 Days
365545,5-6 Days
735218,5-6 Days
321405,5-6 Days
621207,5-6 Days
577226,5-6 Days
444706,5-6 Days
734213,5-6 Days
222112,5-6 Days
680631,5-6 Days
721406,5-6 Days
122214,5-6 Days
122213,5-6 Days
761029,5-6 Days
491661,5-6 Days
678553,5-6 Days
755022,5-6 Days
642106,5-6 Days
441111,5-6 Days
623544,5-6 Days
181141,5-6 Days
643225,5-6 Days
793109,5-6 Days
380059,5-6 Days
277201,5-6 Days
636009,5-6 Days
768120,5-6 Days
571476,5-6 Days
517401,5-6 Days
721641,5-6 Days
577147,5-6 Days
176094,5-6 Days
814141,5-6 Days
784163,5-6 Days
515556,5-6 Days
743339,5-6 Days
848201,5-6 Days
585109,5-6 Days
577514,5-6 Days
678594,5-6 Days
638476,5-6 Days
632054,5-6 Days
530049,5-6 Days
743121,5-6 Days
151208,5-6 Days
248110,5-6 Days
431115,5-6 Days
534261,5-6 Days
685562,5-6 Days
152116,5-6 Days
305026,5-6 Days
414112,5-6 Days
509325,5-6 Days
843102,5-6 Days
754294,5-6 Days
209860,5-6 Days
691013,5-6 Days
136044,5-6 Days
787031,5-6 Days
585292,5-6 Days
160017,5-6 Days
206003,5-6 Days
759020,5-6 Days
457773,5-6 Days
713154,5-6 Days
770048,5-6 Days
221110,5-6 Days
679351,5-6 Days
577516,5-6 Days
396107,5-6 Days
584133,5-6 Days
246172,5-6 Days
742139,5-6 Days
517001,5-6 Days
691588,5-6 Days
400057,5-6 Days
281502,5-6 Days
679104,5-6 Days
676554,5-6 Days
210427,5-6 Days
110029,5-6 Days
679571,5-6 Days
784116,5-6 Days
230406,5-6 Days
388170,5-6 Days
781025,5-6 Days
425201,5-6 Days
533431,5-6 Days
110053,5-6 Days
623307,5-6 Days
521211,5-6 Days
794110,5-6 Days
624211,5-6 Days
207244,5-6 Days
585402,5-6 Days
148025,5-6 Days
313002,5-6 Days
394365,5-6 Days
591241,5-6 Days
244223,5-6 Days
396020,5-6 Days
841226,5-6 Days
176064,5-6 Days
841414,5-6 Days
605501,5-6 Days
627760,5-6 Days
221508,5-6 Days
691601,5-6 Days
573216,5-6 Days
670565,5-6 Days
736123,5-6 Days
415521,5-6 Days
335039,5-6 Days
786191,5-6 Days
586227,5-6 Days
212303,5-6 Days
262311,5-6 Days
732147,5-6 Days
781368,5-6 Days
637403,5-6 Days
791102,5-6 Days
676552,5-6 Days
843320,5-6 Days
713158,5-6 Days
534316,5-6 Days
400105,5-6 Days
231224,5-6 Days
380061,5-6 Days
577532,5-6 Days
689696,5-6 Days
642153,5-6 Days
822134,5-6 Days
451411,5-6 Days
394326,5-6 Days
143517,5-6 Days
621109,5-6 Days
502313,5-6 Days
243406,5-6 Days
577556,5-6 Days
523270,5-6 Days
678510,5-6 Days
518122,5-6 Days
624219,5-6 Days
683512,5-6 Days
493992,5-6 Days
782108,5-6 Days
799207,5-6 Days
591245,5-6 Days
364270,5-6 Days
721144,5-6 Days
382011,5-6 Days
689650,5-6 Days
210123,5-6 Days
620016,5-6 Days
515321,5-6 Days
444404,5-6 Days
680681,5-6 Days
627420,5-6 Days
203395,5-6 Days
731235,5-6 Days
444506,5-6 Days
786188,5-6 Days
421505,5-6 Days
835301,5-6 Days
736135,5-6 Days
752031,5-6 Days
721125,5-6 Days
621201,5-6 Days
334001,5-6 Days
144517,5-6 Days
679338,5-6 Days
425408,5-6 Days
335707,5-6 Days
608401,5-6 Days
410516,5-6 Days
321001,5-6 Days
712246,5-6 Days
284003,5-6 Days
262901,5-6 Days
521333,5-6 Days
412803,5-6 Days
742236,5-6 Days
712405,5-6 Days
848204,5-6 Days
492011,5-6 Days
641040,5-6 Days
844131,5-6 Days
382330,5-6 Days
722182,5-6 Days
522112,5-6 Days
473995,5-6 Days
222204,5-6 Days
781123,5-6 Days
782480,5-6 Days
721665,5-6 Days
331029,5-6 Days
743126,5-6 Days
334303,5-6 Days
311202,5-6 Days
576220,5-6 Days
413219,5-6 Days
741140,5-6 Days
393105,5-6 Days
382001,5-6 Days
251305,5-6 Days
783131,5-6 Days
851129,5-6 Days
423607,5-6 Days
769012,5-6 Days
641008,5-6 Days
307512,5-6 Days
523101,5-6 Days
757042,5-6 Days
301002,5-6 Days
637003,5-6 Days
148001,5-6 Days
422403,5-6 Days
402208,5-6 Days
523121,5-6 Days
600056,5-6 Days
416217,5-6 Days
629301,5-6 Days
384290,5-6 Days
305622,5-6 Days
192212,5-6 Days
533296,5-6 Days
451115,5-6 Days
641305,5-6 Days
784110,5-6 Days
641662,5-6 Days
506313,5-6 Days
524415,5-6 Days
416511,5-6 Days
785703,5-6 Days
175033,5-6 Days
670327,5-6 Days
144521,5-6 Days
636121,5-6 Days
403524,5-6 Days
695042,5-6 Days
503245,5-6 Days
452012,5-6 Days
324004,5-6 Days
495113,5-6 Days
182128,5-6 Days
212645,5-6 Days
577131,5-6 Days
682017,5-6 Days
226021,5-6 Days
229304,5-6 Days
636201,5-6 Days
134007,5-6 Days
783348,5-6 Days
743349,5-6 Days
713515,5-6 Days
586101,5-6 Days
682305,5-6 Days
682315,5-6 Days
584138,5-6 Days
643204,5-6 Days
361013,5-6 Days
301707,5-6 Days
313322,5-6 Days
495550,5-6 Days
516131,5-6 Days
606714,5-6 Days
431151,5-6 Days
515154,5-6 Days
754221,5-6 Days
606753,5-6 Days
689695,5-6 Days
413713,5-6 Days
756038,5-6 Days
250010,5-6 Days
382730,5-6 Days
507128,5-6 Days
673021,5-6 Days
813221,5-6 Days
233234,5-6 Days
464221,5-6 Days
673306,5-6 Days
785009,5-6 Days
244231,5-6 Days
831006,5-6 Days
504272,5-6 Days
639106,5-6 Days
342301,5-6 Days
757025,5-6 Days
783134,5-6 Days
793110,5-6 Days
412402,5-6 Days
783373,5-6 Days
517505,5-6 Days
759025,5-6 Days
307510,5-6 Days
221402,5-6 Days
688504,5-6 Days
222113,5-6 Days
523211,5-6 Days
457112,5-6 Days
402308,5-6 Days
271901,5-6 Days
422608,5-6 Days
534343,5-6 Days
121705,5-6 Days
600105,5-6 Days
673516,5-6 Days
451448,5-6 Days
281104,5-6 Days
246761,5-6 Days
140901,5-6 Days
176090,5-6 Days
690512,5-6 Days
769009,5-6 Days
391345,5-6 Days
304024,5-6 Days
690538,5-6 Days
126112,5-6 Days
521340,5-6 Days
604305,5-6 Days
151505,5-6 Days
124111,5-6 Days
424102,5-6 Days
531021,5-6 Days
144633,5-6 Days
523345,5-6 Days
570027,5-6 Days
251308,5-6 Days
585415,5-6 Days
175036,5-6 Days
517502,5-6 Days
612603,5-6 Days
743428,5-6 Days
416632,5-6 Days
604405,5-6 Days
517640,5-6 Days
441603,5-6 Days
829128,5-6 Days
391110,5-6 Days
441614,5-6 Days
313022,5-6 Days
563125,5-6 Days
848130,5-6 Days
495004,5-6 Days
683103,5-6 Days
606115,5-6 Days
444728,5-6 Days
829130,5-6 Days
203001,5-6 Days
227407,5-6 Days
852127,5-6 Days
700003,5-6 Days
174001,5-6 Days
228115,5-6 Days
671124,5-6 Days
521117,5-6 Days
143026,5-6 Days
680543,5-6 Days
816109,5-6 Days
683519,5-6 Days
722140,5-6 Days
582101,5-6 Days
721459,5-6 Days
518598,5-6 Days
804408,5-6 Days
841460,5-6 Days
492006,5-6 Days
272270,5-6 Days
636202,5-6 Days
788010,5-6 Days
175008,5-6 Days
842005,5-6 Days
343026,5-6 Days
625022,5-6 Days
301604,5-6 Days
532322,5-6 Days
124102,5-6 Days
761108,5-6 Days
754081,5-6 Days
628620,5-6 Days
281405,5-6 Days
620006,5-6 Days
574266,5-6 Days
110001,5-6 Days
131101,5-6 Days
713426,5-6 Days
491225,5-6 Days
425506,5-6 Days
841223,5-6 Days
695411,5-6 Days
603308,5-6 Days
123508,5-6 Days
610210,5-6 Days
676313,5-6 Days
844116,5-6 Days
795146,5-6 Days
414105,5-6 Days
835215,5-6 Days
584128,5-6 Days
571234,5-6 Days
243726,5-6 Days
382428,5-6 Days
534266,5-6 Days
784523,5-6 Days
721167,5-6 Days
411053,5-6 Days
784002,5-6 Days
209862,5-6 Days
828119,5-6 Days
743301,5-6 Days
334201,5-6 Days
534313,5-6 Days
581322,5-6 Days
523254,5-6 Days
802203,5-6 Days
364510,5-6 Days
415519,5-6 Days
282007,5-6 Days
613205,5-6 Days
394160,5-6 Days
209206,5-6 Days
508256,5-6 Days
172107,5-6 Days
506103,5-6 Days
458110,5-6 Days
683576,5-6 Days
275302,5-6 Days
591128,5-6 Days
805127,5-6 Days
751023,5-6 Days
327024,5-6 Days
680012,5-6 Days
425504,5-6 Days
679573,5-6 Days
743610,5-6 Days
848112,5-6 Days
623003,5-6 Days
480551,5-6 Days
573101,5-6 Days
334023,5-6 Days
847239,5-6 Days
415207,5-6 Days
624708,5-6 Days
851210,5-6 Days
788150,5-6 Days
621705,5-6 Days
517642,5-6 Days
802165,5-6 Days
473226,5-6 Days
533284,5-6 Days
306305,5-6 Days
416218,5-6 Days
591230,5-6 Days
582207,5-6 Days
396406,5-6 Days
847403,5-6 Days
524401,5-6 Days
583275,5-6 Days
484664,5-6 Days
534208,5-6 Days
601303,5-6 Days
805135,5-6 Days
144206,5-6 Days
761109,5-6 Days
785701,5-6 Days
752025,5-6 Days
152102,5-6 Days
743286,5-6 Days
786173,5-6 Days
560102,5-6 Days
385515,5-6 Days
609117,5-6 Days
342024,5-6 Days
805122,5-6 Days
141416,5-6 Days
524132,5-6 Days
365435,5-6 Days
524320,5-6 Days
742168,5-6 Days
415719,5-6 Days
307514,5-6 Days
524402,5-6 Days
695562,5-6 Days
580024,5-6 Days
695604,5-6 Days
682031,5-6 Days
394218,5-6 Days
185111,5-6 Days
244221,5-6 Days
680563,5-6 Days
572223,5-6 Days
641406,5-6 Days
798625,5-6 Days
682012,5-6 Days
781338,5-6 Days
631006,5-6 Days
509235,5-6 Days
121104,5-6 Days
586212,5-6 Days
609810,5-6 Days
670306,5-6 Days
331302,5-6 Days
637202,5-6 Days
344032,5-6 Days
516434,5-6 Days
643220,5-6 Days
621113,5-6 Days
148030,5-6 Days
623533,5-6 Days
440022,5-6 Days
783129,5-6 Days
321416,5-6 Days
586115,5-6 Days
251202,5-6 Days
518006,5-6 Days
585308,5-6 Days
852137,5-6 Days
321602,5-6 Days
814122,5-6 Days
700065,5-6 Days
583235,5-6 Days
403103,5-6 Days
765013,5-6 Days
828130,5-6 Days
854305,5-6 Days
735350,5-6 Days
505185,5-6 Days
734204,5-6 Days
423101,5-6 Days
262527,5-6 Days
787054,5-6 Days
284126,5-6 Days
192211,5-6 Days
225121,5-6 Days
415523,5-6 Days
416423,5-6 Days
451551,5-6 Days
210003,5-6 Days
691573,5-6 Days
521153,5-6 Days
423701,5-6 Days
110099,5-6 Days
515822,5-6 Days
576119,5-6 Days
581359,5-6 Days
624010,5-6 Days
577123,5-6 Days
143537,5-6 Days
600062,5-6 Days
123028,5-6 Days
249202,5-6 Days
585324,5-6 Days
151507,5-6 Days
712503,5-6 Days
176054,5-6 Days
643243,5-6 Days
609608,5-6 Days
445105,5-6 Days
629004,5-6 Days
679303,5-6 Days
783310,5-6 Days
628619,5-6 Days
682018,5-6 Days
581145,5-6 Days
392040,5-6 Days
160082,5-6 Days
180003,5-6 Days
680609,5-6 Days
416521,5-6 Days
576235,5-6 Days
424305,5-6 Days
795142,5-6 Days
383251,5-6 Days
852128,5-6 Days
341513,5-6 Days
147003,5-6 Days
246429,5-6 Days
241204,5-6 Days
571212,5-6 Days
621132,5-6 Days
683563,5-6 Days
415629,5-6 Days
415715,5-6 Days
735228,5-6 Days
636017,5-6 Days
848506,5-6 Days
301036,5-6 Days
762012,5-6 Days
639110,5-6 Days
400049,5-6 Days
132115,5-6 Days
384271,5-6 Days
441112,5-6 Days
700106,5-6 Days
400021,5-6 Days
394330,5-6 Days
560086,5-6 Days
712703,5-6 Days
388460,5-6 Days
754141,5-6 Days
600083,5-6 Days
560033,5-6 Days
271840,5-6 Days
742113,5-6 Days
249306,5-6 Days
509412,5-6 Days
311201,5-6 Days
148111,5-6 Days
475112,5-6 Days
382044,5-6 Days
500041,5-6 Days
505445,5-6 Days
533002,5-6 Days
755045,5-6 Days
212304,5-6 Days
445211,5-6 Days
761010,5-6 Days
783380,5-6 Days
262905,5-6 Days
521229,5-6 Days
423106,5-6 Days
759100,5-6 Days
734421,5-6 Days
151207,5-6 Days
210205,5-6 Days
230133,5-6 Days
326034,5-6 Days
732127,5-6 Days
303504,5-6 Days
786182,5-6 Days
272190,5-6 Days
630555,5-6 Days
303805,5-6 Days
424107,5-6 Days
700002,5-6 Days
506145,5-6 Days
226030,5-6 Days
783349,5-6 Days
626130,5-6 Days
515621,5-6 Days
416508,5-6 Days
362267,5-6 Days
146109,5-6 Days
143508,5-6 Days
562138,5-6 Days
560095,5-6 Days
834011,5-6 Days
415119,5-6 Days
632003,5-6 Days
470004,5-6 Days
323304,5-6 Days
795115,5-6 Days
126110,5-6 Days
516421,5-6 Days
762011,5-6 Days
212308,5-6 Days
614904,5-6 Days
176204,5-6 Days
277402,5-6 Days
643240,5-6 Days
410501,5-6 Days
344703,5-6 Days
516391,5-6 Days
628210,5-6 Days
795133,5-6 Days
441305,5-6 Days
144008,5-6 Days
444814,5-6 Days
226017,5-6 Days
362551,5-6 Days
455116,5-6 Days
686001,5-6 Days
361006,5-6 Days
394190,5-6 Days
610207,5-6 Days
522613,5-6 Days
522203,5-6 Days
753132,5-6 Days
802202,5-6 Days
689583,5-6 Days
122209,5-6 Days
756122,5-6 Days
364730,5-6 Days
391168,5-6 Days
571441,5-6 Days
786103,5-6 Days
364560,5-6 Days
441205,5-6 Days
415206,5-6 Days
711225,5-6 Days
625523,5-6 Days
224208,5-6 Days
283145,5-6 Days
721135,5-6 Days
413255,5-6 Days
626515,5-6 Days
606701,5-6 Days
206451,5-6 Days
844124,5-6 Days
121015,5-6 Days
735210,5-6 Days
623203,5-6 Days
581304,5-6 Days
621015,5-6 Days
804403,5-6 Days
415702,5-6 Days
110095,5-6 Days
480887,5-6 Days
841101,5-6 Days
804419,5-6 Days
415211,5-6 Days
212413,5-6 Days
465693,5-6 Days
638009,5-6 Days
804434,5-6 Days
713340,5-6 Days
342601,5-6 Days
686617,5-6 Days
585210,5-6 Days
624001,5-6 Days
515271,5-6 Days
333026,5-6 Days
323022,5-6 Days
144525,5-6 Days
591309,5-6 Days
331502,5-6 Days
735306,5-6 Days
143201,5-6 Days
494444,5-6 Days
462023,5-6 Days
815314,5-6 Days
845460,5-6 Days
144222,5-6 Days
757074,5-6 Days
395012,5-6 Days
444104,5-6 Days
305623,5-6 Days
414503,5-6 Days
222141,5-6 Days
686002,5-6 Days
814166,5-6 Days
613302,5-6 Days
523335,5-6 Days
272152,5-6 Days
416003,5-6 Days
673591,5-6 Days
612103,5-6 Days
622303,5-6 Days
577201,5-6 Days
172029,5-6 Days
517592,5-6 Days
271903,5-6 Days
415807,5-6 Days
361170,5-6 Days
560065,5-6 Days
689532,5-6 Days
174013,5-6 Days
686652,5-6 Days
769042,5-6 Days
304802,5-6 Days
382745,5-6 Days
250626,5-6 Days
440004,5-6 Days
695102,5-6 Days
734123,5-6 Days
613401,5-6 Days
224183,5-6 Days
515531,5-6 Days
416601,5-6 Days
583152,5-6 Days
766011,5-6 Days
670312,5-6 Days
380043,5-6 Days
841435,5-6 Days
689506,5-6 Days
793009,5-6 Days
445209,5-6 Days
393236,5-6 Days
341029,5-6 Days
625009,5-6 Days
303904,5-6 Days
147301,5-6 Days
517326,5-6 Days
688014,5-6 Days
246448,5-6 Days
143044,5-6 Days
762025,5-6 Days
713146,5-6 Days
686041,5-6 Days
524234,5-6 Days
229209,5-6 Days
691318,5-6 Days
332027,5-6 Days
802304,5-6 Days
470235,5-6 Days
582112,5-6 Days
686105,5-6 Days
517102,5-6 Days
621011,5-6 Days
685607,5-6 Days
413516,5-6 Days
148020,5-6 Days
574227,5-6 Days
480111,5-6 Days
742171,5-6 Days
313325,5-6 Days
462024,5-6 Days
813225,5-6 Days
306126,5-6 Days
721401,5-6 Days
176200,5-6 Days
786621,5-6 Days
671312,5-6 Days
843123,5-6 Days
643238,5-6 Days
686517,5-6 Days
364470,5-6 Days
391810,5-6 Days
360050,5-6 Days
611112,5-6 Days
431008,5-6 Days
700143,5-6 Days
670693,5-6 Days
742150,5-6 Days
400702,5-6 Days
173217,5-6 Days
412001,5-6 Days
382716,5-6 Days
803109,5-6 Days
685539,5-6 Days
847238,5-6 Days
561210,5-6 Days
713380,5-6 Days
690547,5-6 Days
274149,5-6 Days
201013,5-6 Days
152121,5-6 Days
751011,5-6 Days
518221,5-6 Days
679301,5-6 Days
485112,5-6 Days
691501,5-6 Days
670337,5-6 Days
670646,5-6 Days
515766,5-6 Days
400709,5-6 Days
811101,5-6 Days
244415,5-6 Days
828111,5-6 Days
396209,5-6 Days
370115,5-6 Days
396424,5-6 Days
676311,5-6 Days
533102,5-6 Days
846002,5-6 Days
712415,5-6 Days
110028,5-6 Days
444103,5-6 Days
695022,5-6 Days
524407,5-6 Days
678623,5-6 Days
231205,5-6 Days
388421,5-6 Days
743291,5-6 Days
380025,5-6 Days
505174,5-6 Days
799001,5-6 Days
691559,5-6 Days
415408,5-6 Days
431213,5-6 Days
500027,5-6 Days
394221,5-6 Days
603127,5-6 Days
321612,5-6 Days
758086,5-6 Days
503002,5-6 Days
231207,5-6 Days
326035,5-6 Days
722136,5-6 Days
673632,5-6 Days
505498,5-6 Days
413401,5-6 Days
573211,5-6 Days
454660,5-6 Days
735102,5-6 Days
276001,5-6 Days
735215,5-6 Days
585437,5-6 Days
721456,5-6 Days
783127,5-6 Days
821105,5-6 Days
301426,5-6 Days
762001,5-6 Days
325215,5-6 Days
713211,5-6 Days
507301,5-6 Days
732128,5-6 Days
283205,5-6 Days
509326,5-6 Days
627414,5-6 Days
799046,5-6 Days
623512,5-6 Days
851217,5-6 Days
362014,5-6 Days
785618,5-6 Days
509340,5-6 Days
341012,5-6 Days
678761,5-6 Days
262521,5-6 Days
587102,5-6 Days
471301,5-6 Days
323604,5-6 Days
844126,5-6 Days
176092,5-6 Days
174301,5-6 Days
741167,5-6 Days
402103,5-6 Days
531127,5-6 Days
690574,5-6 Days
621707,5-6 Days
144032,5-6 Days
845303,5-6 Days
613705,5-6 Days
425426,5-6 Days
641405,5-6 Days
854104,5-6 Days
382475,5-6 Days
571446,5-6 Days
441203,5-6 Days
741203,5-6 Days
441908,5-6 Days
193501,5-6 Days
621730,5-6 Days
670005,5-6 Days
741101,5-6 Days
713408,5-6 Days
413514,5-6 Days
524421,5-6 Days
742152,5-6 Days
583105,5-6 Days
758032,5-6 Days
247002,5-6 Days
174031,5-6 Days
415524,5-6 Days
387350,5-6 Days
591317,5-6 Days
591131,5-6 Days
464228,5-6 Days
712601,5-6 Days
360035,5-6 Days
506005,5-6 Days
422112,5-6 Days
441104,5-6 Days
751003,5-6 Days
691530,5-6 Days
571101,5-6 Days
176216,5-6 Days
400607,5-6 Days
365610,5-6 Days
591311,5-6 Days
230002,5-6 Days
364241,5-6 Days
695609,5-6 Days
394641,5-6 Days
393150,5-6 Days
577007,5-6 Days
743412,5-6 Days
176049,5-6 Days
761055,5-6 Days
121012,5-6 Days
844111,5-6 Days
412801,5-6 Days
493338,5-6 Days
591228,5-6 Days
803204,5-6 Days
676103,5-6 Days
713407,5-6 Days
613703,5-6 Days
673302,5-6 Days
638153,5-6 Days
403106,5-6 Days
638401,5-6 Days
631211,5-6 Days
621214,5-6 Days
495449,5-6 Days
134102,5-6 Days
755026,5-6 Days
522019,5-6 Days
695524,5-6 Days
416208,5-6 Days
141101,5-6 Days
581344,5-6 Days
734425,5-6 Days
453441,5-6 Days
518021,5-6 Days
521225,5-6 Days
341030,5-6 Days
403502,5-6 Days
682317,5-6 Days
481101,5-6 Days
431142,5-6 Days
416234,5-6 Days
382418,5-6 Days
741302,5-6 Days
614714,5-6 Days
614202,5-6 Days
413507,5-6 Days
576213,5-6 Days
502321,5-6 Days
276304,5-6 Days
756002,5-6 Days
325202,5-6 Days
331301,5-6 Days
680689,5-6 Days
460660,5-6 Days
561208,5-6 Days
581340,5-6 Days
204102,5-6 Days
271870,5-6 Days
140118,5-6 Days
628613,5-6 Days
591122,5-6 Days
632510,5-6 Days
638751,5-6 Days
587113,5-6 Days
341506,5-6 Days
641007,5-6 Days
452018,5-6 Days
250501,5-6 Days
465689,5-6 Days
732150,5-6 Days
202397,5-6 Days
306302,5-6 Days
832302,5-6 Days
614630,5-6 Days
683544,5-6 Days
423201,5-6 Days
581412,5-6 Days
638812,5-6 Days
261502,5-6 Days
783135,5-6 Days
606206,5-6 Days
410217,5-6 Days
521151,5-6 Days
522102,5-6 Days
683592,5-6 Days
796101,5-6 Days
711406,5-6 Days
689626,5-6 Days
495454,5-6 Days
753009,5-6 Days
206302,5-6 Days
606208,5-6 Days
425444,5-6 Days
678621,5-6 Days
522235,5-6 Days
577134,5-6 Days
733125,5-6 Days
680522,5-6 Days
802210,5-6 Days
474008,5-6 Days
781136,5-6 Days
229215,5-6 Days
243639,5-6 Days
302000,5-6 Days
227305,5-6 Days
385505,5-6 Days
574119,5-6 Days
205301,5-6 Days
828115,5-6 Days
342004,5-6 Days
700163,5-6 Days
140407,5-6 Days
628851,5-6 Days
416112,5-6 Days
612904,5-6 Days
341023,5-6 Days
804451,5-6 Days
491335,5-6 Days
394550,5-6 Days
781007,5-6 Days
277218,5-6 Days
143305,5-6 Days
201308,5-6 Days
736160,5-6 Days
743331,5-6 Days
682312,5-6 Days
642154,5-6 Days
475003,5-6 Days
754135,5-6 Days
302011,5-6 Days
795107,5-6 Days
611101,5-6 Days
246178,5-6 Days
211006,5-6 Days
580115,5-6 Days
532484,5-6 Days
361141,5-6 Days
471313,5-6 Days
124109,5-6 Days
307803,5-6 Days
176310,5-6 Days
411041,5-6 Days
812006,5-6 Days
583217,5-6 Days
754030,5-6 Days
623807,5-6 Days
721454,5-6 Days
690517,5-6 Days
456006,5-6 Days
171217,5-6 Days
246749,5-6 Days
391243,5-6 Days
144519,5-6 Days
587103,5-6 Days
415525,5-6 Days
412305,5-6 Days
243002,5-6 Days
621719,5-6 Days
641669,5-6 Days
643253,5-6 Days
721505,5-6 Days
734403,5-6 Days
262902,5-6 Days
700133,5-6 Days
135003,5-6 Days
502301,5-6 Days
508206,5-6 Days
781376,5-6 Days
560066,5-6 Days
754238,5-6 Days
585441,5-6 Days
670662,5-6 Days
638116,5-6 Days
388545,5-6 Days
472331,5-6 Days
700161,5-6 Days
854205,5-6 Days
828108,5-6 Days
841403,5-6 Days
331025,5-6 Days
741157,5-6 Days
364710,5-6 Days
769013,5-6 Days
585307,5-6 Days
276122,5-6 Days
533483,5-6 Days
643270,5-6 Days
533288,5-6 Days
731201,5-6 Days
678706,5-6 Days
629153,5-6 Days
632209,5-6 Days
784190,5-6 Days
768033,5-6 Days
327602,5-6 Days
614617,5-6 Days
301001,5-6 Days
396238,5-6 Days
768031,5-6 Days
670691,5-6 Days
600113,5-6 Days
508224,5-6 Days
788011,5-6 Days
582205,5-6 Days
686584,5-6 Days
630710,5-6 Days
761003,5-6 Days
506167,5-6 Days
731101,5-6 Days
504002,5-6 Days
506144,5-6 Days
756165,5-6 Days
759125,5-6 Days
392105,5-6 Days
490028,5-6 Days
177211,5-6 Days
770022,5-6 Days
841206,5-6 Days
736132,5-6 Days
231305,5-6 Days
500001,5-6 Days
636016,5-6 Days
786184,5-6 Days
825301,5-6 Days
631209,5-6 Days
721652,5-6 Days
272001,5-6 Days
466115,5-6 Days
211007,5-6 Days
313602,5-6 Days
844101,5-6 Days
146112,5-6 Days
712258,5-6 Days
206120,5-6 Days
230139,5-6 Days
233227,5-6 Days
712513,5-6 Days
301712,5-6 Days
722161,5-6 Days
754035,5-6 Days
627814,5-6 Days
303004,5-6 Days
855105,5-6 Days
691007,5-6 Days
134113,5-6 Days
782447,5-6 Days
622401,5-6 Days
133104,5-6 Days
813227,5-6 Days
492013,5-6 Days
482006,5-6 Days
225306,5-6 Days
759024,5-6 Days
688506,5-6 Days
752015,5-6 Days
689653,5-6 Days
626127,5-6 Days
201011,5-6 Days
722146,5-6 Days
441201,5-6 Days
673653,5-6 Days
841440,5-6 Days
500040,5-6 Days
690528,5-6 Days
413324,5-6 Days
210125,5-6 Days
360578,5-6 Days
721425,5-6 Days
671533,5-6 Days
585326,5-6 Days
125005,5-6 Days
400083,5-6 Days
125021,5-6 Days
627103,5-6 Days
384131,5-6 Days
534432,5-6 Days
444505,5-6 Days
362260,5-6 Days
734216,5-6 Days
788164,5-6 Days
496450,5-6 Days
572218,5-6 Days
272177,5-6 Days
700021,5-6 Days
283114,5-6 Days
713322,5-6 Days
402302,5-6 Days
403510,5-6 Days
306104,5-6 Days
734321,5-6 Days
416121,5-6 Days
574123,5-6 Days
854312,5-6 Days
680506,5-6 Days
695010,5-6 Days
680604,5-6 Days
769041,5-6 Days
802316,5-6 Days
457552,5-6 Days
209724,5-6 Days
591307,5-6 Days
497451,5-6 Days
635710,5-6 Days
731255,5-6 Days
829101,5-6 Days
769004,5-6 Days
576103,5-6 Days
610106,5-6 Days
623612,5-6 Days
534451,5-6 Days
413216,5-6 Days
743245,5-6 Days
262534,5-6 Days
441302,5-6 Days
613204,5-6 Days
625708,5-6 Days
600021,5-6 Days
273017,5-6 Days
713372,5-6 Days
754142,5-6 Days
230142,5-6 Days
679101,5-6 Days
209722,5-6 Days
226023,5-6 Days
581128,5-6 Days
441206,5-6 Days
501203,5-6 Days
532460,5-6 Days
518165,5-6 Days
442001,5-6 Days
431713,5-6 Days
828142,5-6 Days
735304,5-6 Days
690523,5-6 Days
181124,5-6 Days
712424,5-6 Days
151101,5-6 Days
627012,5-6 Days
621651,5-6 Days
396171,5-6 Days
613202,5-6 Days
673645,5-6 Days
327021,5-6 Days
574235,5-6 Days
795103,5-6 Days
411044,5-6 Days
395345,5-6 Days
312002,5-6 Days
721430,5-6 Days
683575,5-6 Days
769015,5-6 Days
627908,5-6 Days
431129,5-6 Days
581315,5-6 Days
585422,5-6 Days
573123,5-6 Days
531117,5-6 Days
201010,5-6 Days
712121,5-6 Days
411035,5-6 Days
332312,5-6 Days
606105,5-6 Days
441105,5-6 Days
581347,5-6 Days
242227,5-6 Days
302039,5-6 Days
680721,5-6 Days
784526,5-6 Days
641042,5-6 Days
271861,5-6 Days
608501,5-6 Days
713123,5-6 Days
731223,5-6 Days
621108,5-6 Days
581332,5-6 Days
505490,5-6 Days
483440,5-6 Days
787051,5-6 Days
783354,5-6 Days
785107,5-6 Days
412201,5-6 Days
832101,5-6 Days
148034,5-6 Days
800030,5-6 Days
403731,5-6 Days
690107,5-6 Days
591312,5-6 Days
331001,5-6 Days
754100,5-6 Days
638453,5-6 Days
768003,5-6 Days
605110,5-6 Days
127308,5-6 Days
805236,5-6 Days
142031,5-6 Days
382230,5-6 Days
523112,5-6 Days
415622,5-6 Days
690541,5-6 Days
193201,5-6 Days
781341,5-6 Days
689705,5-6 Days
638664,5-6 Days
686597,5-6 Days
563101,5-6 Days
208016,5-6 Days
521390,5-6 Days
410507,5-6 Days
461775,5-6 Days
412415,5-6 Days
142002,5-6 Days
679329,5-6 Days
845107,5-6 Days
635202,5-6 Days
531031,5-6 Days
560010,5-6 Days
476332,5-6 Days
623208,5-6 Days
450332,5-6 Days
361130,5-6 Days
573127,5-6 Days
416122,5-6 Days
688542,5-6 Days
193123,5-6 Days
624104,5-6 Days
741232,5-6 Days
625532,5-6 Days
176095,5-6 Days
384207,5-6 Days
488448,5-6 Days
413118,5-6 Days
622506,5-6 Days
144503,5-6 Days
762109,5-6 Days
483330,5-6 Days
576211,5-6 Days
626139,5-6 Days
522259,5-6 Days
160065,5-6 Days
676553,5-6 Days
600076,5-6 Days
841208,5-6 Days
412412,5-6 Days
743424,5-6 Days
847204,5-6 Days
768034,5-6 Days
800005,5-6 Days
841209,5-6 Days
148101,5-6 Days
360012,5-6 Days
752019,5-6 Days
583135,5-6 Days
561209,5-6 Days
741253,5-6 Days
606704,5-6 Days
631207,5-6 Days
757106,5-6 Days
360025,5-6 Days
781141,5-6 Days
713517,5-6 Days
323303,5-6 Days
607005,5-6 Days
711408,5-6 Days
177028,5-6 Days
509382,5-6 Days
229415,5-6 Days
723152,5-6 Days
605757,5-6 Days
184202,5-6 Days
583233,5-6 Days
641103,5-6 Days
577213,5-6 Days
262532,5-6 Days
743124,5-6 Days
678732,5-6 Days
324010,5-6 Days
411007,5-6 Days
628209,5-6 Days
731123,5-6 Days
508115,5-6 Days
736159,5-6 Days
784153,5-6 Days
383450,5-6 Days
242001,5-6 Days
563123,5-6 Days
632314,5-6 Days
673504,5-6 Days
431604,5-6 Days
176304,5-6 Days
679503,5-6 Days
756127,5-6 Days
500047,5-6 Days
401302,5-6 Days
244410,5-6 Days
241001,5-6 Days
273311,5-6 Days
415310,5-6 Days
226102,5-6 Days
620009,5-6 Days
273010,5-6 Days
244411,5-6 Days
683523,5-6 Days
534455,5-6 Days
275201,5-6 Days
504231,5-6 Days
722137,5-6 Days
834010,5-6 Days
572227,5-6 Days
312902,5-6 Days
575020,5-6 Days
583239,5-6 Days
686020,5-6 Days
627129,5-6 Days
177001,5-6 Days
110035,5-6 Days
680702,5-6 Days
334022,5-6 Days
695318,5-6 Days
223226,5-6 Days
752090,5-6 Days
680603,5-6 Days
491003,5-6 Days
141206,5-6 Days
413116,5-6 Days
175016,5-6 Days
400112,5-6 Days
754023,5-6 Days
177111,5-6 Days
382010,5-6 Days
522330,5-6 Days
451331,5-6 Days
764003,5-6 Days
477557,5-6 Days
507170,5-6 Days
507129,5-6 Days
627718,5-6 Days
416230,5-6 Days
786170,5-6 Days
224117,5-6 Days
722134,5-6 Days
638501,5-6 Days
781320,5-6 Days
560020,5-6 Days
791104,5-6 Days
441202,5-6 Days
530046,5-6 Days
516501,5-6 Days
110051,5-6 Days
799130,5-6 Days
423602,5-6 Days
680615,5-6 Days
494222,5-6 Days
152127,5-6 Days
841243,5-6 Days
344601,5-6 Days
802111,5-6 Days
591282,5-6 Days
388240,5-6 Days
201001,5-6 Days
391152,5-6 Days
560081,5-6 Days
416229,5-6 Days
721137,5-6 Days
174023,5-6 Days
517588,5-6 Days
414701,5-6 Days
517390,5-6 Days
605801,5-6 Days
754289,5-6 Days
627770,5-6 Days
712205,5-6 Days
311011,5-6 Days
712149,5-6 Days
208024,5-6 Days
341306,5-6 Days
639119,5-6 Days
321406,5-6 Days
221711,5-6 Days
606102,5-6 Days
721443,5-6 Days
271208,5-6 Days
845440,5-6 Days
581326,5-6 Days
737113,5-6 Days
679314,5-6 Days
230127,5-6 Days
721303,5-6 Days
689648,5-6 Days
122008,5-6 Days
695588,5-6 Days
303007,5-6 Days
582116,5-6 Days
754104,5-6 Days
390013,5-6 Days
781380,5-6 Days
828207,5-6 Days
122219,5-6 Days
757092,5-6 Days
492007,5-6 Days
793018,5-6 Days
577214,5-6 Days
305925,5-6 Days
695575,5-6 Days
700066,5-6 Days
586128,5-6 Days
625012,5-6 Days
625119,5-6 Days
422501,5-6 Days
604408,5-6 Days
465335,5-6 Days
515711,5-6 Days
413721,5-6 Days
413563,5-6 Days
177032,5-6 Days
623409,5-6 Days
209503,5-6 Days
523214,5-6 Days
123302,5-6 Days
313324,5-6 Days
628104,5-6 Days
700047,5-6 Days
845102,5-6 Days
814153,5-6 Days
517417,5-6 Days
414502,5-6 Days
502295,5-6 Days
182126,5-6 Days
250033,5-6 Days
604203,5-6 Days
854101,5-6 Days
494230,5-6 Days
181103,5-6 Days
741234,5-6 Days
535003,5-6 Days
700158,5-6 Days
531028,5-6 Days
571442,5-6 Days
683557,5-6 Days
829110,5-6 Days
140109,5-6 Days
515425,5-6 Days
848504,5-6 Days
262725,5-6 Days
848109,5-6 Days
768107,5-6 Days
504299,5-6 Days
160070,5-6 Days
670018,5-6 Days
673634,5-6 Days
415621,5-6 Days
484117,5-6 Days
148104,5-6 Days
793102,5-6 Days
782440,5-6 Days
247232,5-6 Days
637401,5-6 Days
673640,5-6 Days
622505,5-6 Days
743221,5-6 Days
143513,5-6 Days
638115,5-6 Days
686030,5-6 Days
223105,5-6 Days
636003,5-6 Days
413712,5-6 Days
443206,5-6 Days
802126,5-6 Days
425107,5-6 Days
515231,5-6 Days
614013,5-6 Days
614623,5-6 Days
614019,5-6 Days
233224,5-6 Days
799145,5-6 Days
631208,5-6 Days
224232,5-6 Days
416210,5-6 Days
571216,5-6 Days
424207,5-6 Days
244923,5-6 Days
689654,5-6 Days
486003,5-6 Days
841411,5-6 Days
145026,5-6 Days
227408,5-6 Days
614809,5-6 Days
210010,5-6 Days
629155,5-6 Days
497101,5-6 Days
522529,5-6 Days
721658,5-6 Days
761141,5-6 Days
382728,5-6 Days
534156,5-6 Days
606402,5-6 Days
481116,5-6 Days
635818,5-6 Days
670319,5-6 Days
360002,5-6 Days
271802,5-6 Days
523108,5-6 Days
488220,5-6 Days
152031,5-6 Days
798612,5-6 Days
751010,5-6 Days
805125,5-6 Days
673532,5-6 Days
303508,5-6 Days
182141,5-6 Days
721253,5-6 Days
173021,5-6 Days
712426,5-6 Days
515134,5-6 Days
247778,5-6 Days
389380,5-6 Days
326514,5-6 Days
133301,5-6 Days
605013,5-6 Days
477116,5-6 Days
843124,5-6 Days
626005,5-6 Days
641304,5-6 Days
385519,5-6 Days
670507,5-6 Days
573201,5-6 Days
382620,5-6 Days
781373,5-6 Days
516162,5-6 Days
473865,5-6 Days
768225,5-6 Days
631606,5-6 Days
686578,5-6 Days
781132,5-6 Days
141007,5-6 Days
713201,5-6 Days
416005,5-6 Days
176030,5-6 Days
497224,5-6 Days
825321,5-6 Days
586220,5-6 Days
248001,5-6 Days
532168,5-6 Days
146103,5-6 Days
681029,5-6 Days
442902,5-6 Days
440030,5-6 Days
506175,5-6 Days
520010,5-6 Days
394350,5-6 Days
573128,5-6 Days
635819,5-6 Days
500085,5-6 Days
682034,5-6 Days
401207,5-6 Days
461251,5-6 Days
146113,5-6 Days
490001,5-6 Days
174503,5-6 Days
581325,5-6 Days
790116,5-6 Days
221107,5-6 Days
802102,5-6 Days
151210,5-6 Days
518401,5-6 Days
625221,5-6 Days
431154,5-6 Days
770051,5-6 Days
805128,5-6 Days
411220,5-6 Days
670521,5-6 Days
283130,5-6 Days
585217,5-6 Days
756028,5-6 Days
813213,5-6 Days
614614,5-6 Days
382861,5-6 Days
843127,5-6 Days
440019,5-6 Days
523286,5-6 Days
785698,5-6 Days
743345,5-6 Days
627551,5-6 Days
641118,5-6 Days
638657,5-6 Days
172034,5-6 Days
851132,5-6 Days
144606,5-6 Days
620013,5-6 Days
385543,5-6 Days
781127,5-6 Days
781303,5-6 Days
835203,5-6 Days
581361,5-6 Days
731216,5-6 Days
394375,5-6 Days
607807,5-6 Days
785674,5-6 Days
812010,5-6 Days
573212,5-6 Days
416143,5-6 Days
625536,5-6 Days
764044,5-6 Days
781337,5-6 Days
389370,5-6 Days
332030,5-6 Days
793104,5-6 Days
768109,5-6 Days
624308,5-6 Days
274705,5-6 Days
623604,5-6 Days
209214,5-6 Days
229419,5-6 Days
841432,5-6 Days
229124,5-6 Days
743329,5-6 Days
845302,5-6 Days
629188,5-6 Days
364006,5-6 Days
637014,5-6 Days
731239,5-6 Days
500021,5-6 Days
143008,5-6 Days
497559,5-6 Days
211016,5-6 Days
394716,5-6 Days
600014,5-6 Days
580025,5-6 Days
577566,5-6 Days
403713,5-6 Days
534166,5-6 Days
335073,5-6 Days
410613,5-6 Days
613701,5-6 Days
686631,5-6 Days
613008,5-6 Days
570015,5-6 Days
110041,5-6 Days
142046,5-6 Days
380014,5-6 Days
671321,5-6 Days
803232,5-6 Days
517319,5-6 Days
143536,5-6 Days
144205,5-6 Days
530006,5-6 Days
413720,5-6 Days
388515,5-6 Days
585305,5-6 Days
721161,5-6 Days
533434,5-6 Days
396120,5-6 Days
272178,5-6 Days
754157,5-6 Days
505469,5-6 Days
160047,5-6 Days
574173,5-6 Days
844121,5-6 Days
813108,5-6 Days
854107,5-6 Days
122051,5-6 Days
814155,5-6 Days
607203,5-6 Days
732121,5-6 Days
731131,5-6 Days
458116,5-6 Days
472446,5-6 Days
488443,5-6 Days
203141,5-6 Days
416206,5-6 Days
303339,5-6 Days
571434,5-6 Days
209201,5-6 Days
627652,5-6 Days
700116,5-6 Days
228120,5-6 Days
412103,5-6 Days
173222,5-6 Days
271830,5-6 Days
384445,5-6 Days
122014,5-6 Days
802154,5-6 Days
416213,5-6 Days
638402,5-6 Days
303305,5-6 Days
314035,5-6 Days
135103,5-6 Days
635110,5-6 Days
410406,5-6 Days
581308,5-6 Days
712331,5-6 Days
788727,5-6 Days
691566,5-6 Days
560109,5-6 Days
314032,5-6 Days
481332,5-6 Days
493344,5-6 Days
509381,5-6 Days
229502,5-6 Days
403717,5-6 Days
176027,5-6 Days
389330,5-6 Days
793022,5-6 Days
591237,5-6 Days
444908,5-6 Days
345023,5-6 Days
307513,5-6 Days
695528,5-6 Days
742136,5-6 Days
394212,5-6 Days
323021,5-6 Days
828104,5-6 Days
313026,5-6 Days
600116,5-6 Days
626612,5-6 Days
441123,5-6 Days
503186,5-6 Days
301706,5-6 Days
121007,5-6 Days
400026,5-6 Days
143108,5-6 Days
695606,5-6 Days
110016,5-6 Days
273401,5-6 Days
494777,5-6 Days
757035,5-6 Days
175122,5-6 Days
670622,5-6 Days
403715,5-6 Days
586206,5-6 Days
785673,5-6 Days
712137,5-6 Days
403512,5-6 Days
441306,5-6 Days
323025,5-6 Days
814111,5-6 Days
741314,5-6 Days
627801,5-6 Days
301024,5-6 Days
641105,5-6 Days
400050,5-6 Days
600103,5-6 Days
627128,5-6 Days
680621,5-6 Days
723164,5-6 Days
141316,5-6 Days
691534,5-6 Days
742187,5-6 Days
841504,5-6 Days
416103,5-6 Days
333021,5-6 Days
628302,5-6 Days
440009,5-6 Days
229841,5-6 Days
228159,5-6 Days
415212,5-6 Days
712305,5-6 Days
440018,5-6 Days
396194,5-6 Days
522303,5-6 Days
843122,5-6 Days
424005,5-6 Days
250620,5-6 Days
444608,5-6 Days
271303,5-6 Days
517419,5-6 Days
133001,5-6 Days
522510,5-6 Days
177042,5-6 Days
782125,5-6 Days
562123,5-6 Days
686573,5-6 Days
415124,5-6 Days
412214,5-6 Days
481666,5-6 Days
262405,5-6 Days
853205,5-6 Days
851118,5-6 Days
425507,5-6 Days
713210,5-6 Days
781317,5-6 Days
144509,5-6 Days
144404,5-6 Days
825109,5-6 Days
384153,5-6 Days
562160,5-6 Days
462038,5-6 Days
600007,5-6 Days
142039,5-6 Days
583236,5-6 Days
384170,5-6 Days
201004,5-6 Days
700029,5-6 Days
110602,5-6 Days
212111,5-6 Days
642133,5-6 Days
174316,5-6 Days
821101,5-6 Days
784180,5-6 Days
625538,5-6 Days
416219,5-6 Days
683521,5-6 Days
515415,5-6 Days
516150,5-6 Days
826004,5-6 Days
321611,5-6 Days
400016,5-6 Days
304001,5-6 Days
642115,5-6 Days
494347,5-6 Days
362120,5-6 Days
344037,5-6 Days
632531,5-6 Days
382760,5-6 Days
722201,5-6 Days
326510,5-6 Days
522036,5-6 Days
711308,5-6 Days
626132,5-6 Days
516228,5-6 Days
792131,5-6 Days
623404,5-6 Days
400086,5-6 Days
721126,5-6 Days
623205,5-6 Days
638007,5-6 Days
641603,5-6 Days
629305,5-6 Days
574301,5-6 Days
456008,5-6 Days
460554,5-6 Days
765022,5-6 Days
362725,5-6 Days
306501,5-6 Days
768047,5-6 Days
401605,5-6 Days
831002,5-6 Days
431536,5-6 Days
601207,5-6 Days
335002,5-6 Days
700044,5-6 Days
833105,5-6 Days
678531,5-6 Days
382327,5-6 Days
636503,5-6 Days
829204,5-6 Days
766106,5-6 Days
515741,5-6 Days
144407,5-6 Days
612002,5-6 Days
142022,5-6 Days
742302,5-6 Days
833219,5-6 Days
175121,5-6 Days
305404,5-6 Days
144007,5-6 Days
431714,5-6 Days
176215,5-6 Days
835205,5-6 Days
571174,5-6 Days
331518,5-6 Days
456009,5-6 Days
383276,5-6 Days
802351,5-6 Days
403724,5-6 Days
816116,5-6 Days
452008,5-6 Days
848503,5-6 Days
415802,5-6 Days
122220,5-6 Days
759021,5-6 Days
606305,5-6 Days
673123,5-6 Days
304022,5-6 Days
563126,5-6 Days
180016,5-6 Days
636115,5-6 Days
844129,5-6 Days
627106,5-6 Days
843302,5-6 Days
785643,5-6 Days
573135,5-6 Days
212503,5-6 Days
711322,5-6 Days
678102,5-6 Days
605756,5-6 Days
229123,5-6 Days
442907,5-6 Days
231001,5-6 Days
627902,5-6 Days
523301,5-6 Days
458389,5-6 Days
689542,5-6 Days
415805,5-6 Days
413102,5-6 Days
679123,5-6 Days
841222,5-6 Days
612804,5-6 Days
574143,5-6 Days
680005,5-6 Days
845449,5-6 Days
229305,5-6 Days
754108,5-6 Days
394305,5-6 Days
686607,5-6 Days
301401,5-6 Days
431808,5-6 Days
394410,5-6 Days
623406,5-6 Days
635805,5-6 Days
783302,5-6 Days
573112,5-6 Days
176052,5-6 Days
603002,5-6 Days
572201,5-6 Days
613403,5-6 Days
695126,5-6 Days
604154,5-6 Days
509202,5-6 Days
503322,5-6 Days
743232,5-6 Days
385310,5-6 Days
530035,5-6 Days
670701,5-6 Days
400085,5-6 Days
688001,5-6 Days
534340,5-6 Days
507204,5-6 Days
852124,5-6 Days
582203,5-6 Days
326519,5-6 Days
364250,5-6 Days
518465,5-6 Days
509153,5-6 Days
641020,5-6 Days
680518,5-6 Days
209747,5-6 Days
695309,5-6 Days
271215,5-6 Days
755033,5-6 Days
146022,5-6 Days
743246,5-6 Days
582212,5-6 Days
754005,5-6 Days
364110,5-6 Days
752022,5-6 Days
403726,5-6 Days
842002,5-6 Days
855117,5-6 Days
209720,5-6 Days
400109,5-6 Days
713140,5-6 Days
110507,5-6 Days
482001,5-6 Days
679125,5-6 Days
462047,5-6 Days
441919,5-6 Days
232114,5-6 Days
712705,5-6 Days
686510,5-6 Days
794005,5-6 Days
733201,5-6 Days
364620,5-6 Days
383335,5-6 Days
785007,5-6 Days
700156,5-6 Days
382830,5-6 Days
754295,5-6 Days
335512,5-6 Days
768011,5-6 Days
250110,5-6 Days
415705,5-6 Days
244712,5-6 Days
360375,5-6 Days
803111,5-6 Days
799045,5-6 Days
636102,5-6 Days
791125,5-6 Days
722170,5-6 Days
507159,5-6 Days
176042,5-6 Days
612605,5-6 Days
758044,5-6 Days
509371,5-6 Days
577416,5-6 Days
848209,5-6 Days
520008,5-6 Days
415610,5-6 Days
845434,5-6 Days
623108,5-6 Days
224161,5-6 Days
764041,5-6 Days
530023,5-6 Days
843116,5-6 Days
144624,5-6 Days
226013,5-6 Days
722145,5-6 Days
493196,5-6 Days
232106,5-6 Days
506244,5-6 Days
786157,5-6 Days
758016,5-6 Days
466445,5-6 Days
500011,5-6 Days
680505,5-6 Days
212664,5-6 Days
854315,5-6 Days
124501,5-6 Days
741181,5-6 Days
600087,5-6 Days
281307,5-6 Days
227409,5-6 Days
678558,5-6 Days
841247,5-6 Days
421101,5-6 Days
360590,5-6 Days
607112,5-6 Days
522201,5-6 Days
636007,5-6 Days
680610,5-6 Days
464665,5-6 Days
713386,5-6 Days
721142,5-6 Days
522659,5-6 Days
591218,5-6 Days
742188,5-6 Days
852112,5-6 Days
413252,5-6 Days
621714,5-6 Days
212214,5-6 Days
501506,5-6 Days
673655,5-6 Days
639008,5-6 Days
524318,5-6 Days
233231,5-6 Days
307001,5-6 Days
626183,5-6 Days
390011,5-6 Days
387430,5-6 Days
734423,5-6 Days
713326,5-6 Days
202399,5-6 Days
680586,5-6 Days
229122,5-6 Days
273152,5-6 Days
123412,5-6 Days
392014,5-6 Days
174402,5-6 Days
508255,5-6 Days
521164,5-6 Days
641302,5-6 Days
246123,5-6 Days
712303,5-6 Days
396220,5-6 Days
584134,5-6 Days
723129,5-6 Days
204101,5-6 Days
575023,5-6 Days
452056,5-6 Days
629151,5-6 Days
785691,5-6 Days
630108,5-6 Days
571404,5-6 Days
757043,5-6 Days
755013,5-6 Days
721449,5-6 Days
721651,5-6 Days
284402,5-6 Days
582118,5-6 Days
396236,5-6 Days
786185,5-6 Days
632008,5-6 Days
453331,5-6 Days
835204,5-6 Days
444714,5-6 Days
231206,5-6 Days
638111,5-6 Days
285124,5-6 Days
797109,5-6 Days
500053,5-6 Days
132039,5-6 Days
470772,5-6 Days
431526,5-6 Days
144103,5-6 Days
624801,5-6 Days
210430,5-6 Days
752027,5-6 Days
160058,5-6 Days
221101,5-6 Days
762014,5-6 Days
274701,5-6 Days
752045,5-6 Days
828205,5-6 Days
272173,5-6 Days
700045,5-6 Days
413531,5-6 Days
486123,5-6 Days
160014,5-6 Days
176097,5-6 Days
454749,5-6 Days
364505,5-6 Days
576244,5-6 Days
327027,5-6 Days
673514,5-6 Days
741222,5-6 Days
827006,5-6 Days
160048,5-6 Days
332025,5-6 Days
491230,5-6 Days
363621,5-6 Days
110088,5-6 Days
492016,5-6 Days
416410,5-6 Days
393050,5-6 Days
501144,5-6 Days
508377,5-6 Days
387110,5-6 Days
497231,5-6 Days
321202,5-6 Days
370650,5-6 Days
678685,5-6 Days
507163,5-6 Days
533346,5-6 Days
503217,5-6 Days
530047,5-6 Days
793114,5-6 Days
721433,5-6 Days
591344,5-6 Days
624316,5-6 Days
325225,5-6 Days
756167,5-6 Days
424301,5-6 Days
833218,5-6 Days
441216,5-6 Days
281005,5-6 Days
461223,5-6 Days
631304,5-6 Days
201005,5-6 Days
641046,5-6 Days
414306,5-6 Days
384160,5-6 Days
506132,5-6 Days
384350,5-6 Days
480105,5-6 Days
470232,5-6 Days
335026,5-6 Days
700303,5-6 Days
755027,5-6 Days
814114,5-6 Days
508373,5-6 Days
502307,5-6 Days
394317,5-6 Days
202143,5-6 Days
521150,5-6 Days
470125,5-6 Days
577125,5-6 Days
451550,5-6 Days
441303,5-6 Days
248160,5-6 Days
221108,5-6 Days
382030,5-6 Days
503123,5-6 Days
734429,5-6 Days
110402,5-6 Days
486887,5-6 Days
574203,5-6 Days
486007,5-6 Days
443203,5-6 Days
761143,5-6 Days
384225,5-6 Days
509131,5-6 Days
431001,5-6 Days
562109,5-6 Days
141014,5-6 Days
141009,5-6 Days
456005,5-6 Days
628501,5-6 Days
392170,5-6 Days
403110,5-6 Days
493526,5-6 Days
177040,5-6 Days
574260,5-6 Days
261501,5-6 Days
572211,5-6 Days
630411,5-6 Days
391775,5-6 Days
415603,5-6 Days
534392,5-6 Days
743248,5-6 Days
131102,5-6 Days
577205,5-6 Days
754227,5-6 Days
855114,5-6 Days
396211,5-6 Days
611003,5-6 Days
802134,5-6 Days
323615,5-6 Days
497001,5-6 Days
232107,5-6 Days
480224,5-6 Days
201201,5-6 Days
782142,5-6 Days
507303,5-6 Days
683102,5-6 Days
733154,5-6 Days
712106,5-6 Days
160059,5-6 Days
713433,5-6 Days
380053,5-6 Days
503125,5-6 Days
516432,5-6 Days
622305,5-6 Days
342602,5-6 Days
522211,5-6 Days
713427,5-6 Days
124517,5-6 Days
630602,5-6 Days
533305,5-6 Days
321411,5-6 Days
211018,5-6 Days
534206,5-6 Days
387515,5-6 Days
517551,5-6 Days
517277,5-6 Days
712306,5-6 Days
611103,5-6 Days
832402,5-6 Days
828116,5-6 Days
623111,5-6 Days
312027,5-6 Days
493101,5-6 Days
451669,5-6 Days
443308,5-6 Days
331031,5-6 Days
629193,5-6 Days
621126,5-6 Days
442006,5-6 Days
192301,5-6 Days
202151,5-6 Days
670110,5-6 Days
176319,5-6 Days
396412,5-6 Days
327023,5-6 Days
485666,5-6 Days
136043,5-6 Days
132117,5-6 Days
796009,5-6 Days
462003,5-6 Days
502277,5-6 Days
831014,5-6 Days
845487,5-6 Days
742237,5-6 Days
815301,5-6 Days
456668,5-6 Days
846001,5-6 Days
731219,5-6 Days
574212,5-6 Days
821304,5-6 Days
783374,5-6 Days
202395,5-6 Days
241126,5-6 Days
670102,5-6 Days
281121,5-6 Days
210207,5-6 Days
501158,5-6 Days
283206,5-6 Days
250103,5-6 Days
515291,5-6 Days
680020,5-6 Days
229306,5-6 Days
425116,5-6 Days
770070,5-6 Days
765024,5-6 Days
342604,5-6 Days
160045,5-6 Days
360360,5-6 Days
132026,5-6 Days
176115,5-6 Days
380057,5-6 Days
610001,5-6 Days
221208,5-6 Days
643103,5-6 Days
202305,5-6 Days
484774,5-6 Days
383315,5-6 Days
670704,5-6 Days
521121,5-6 Days
505503,5-6 Days
209401,5-6 Days
670567,5-6 Days
209827,5-6 Days
521201,5-6 Days
851218,5-6 Days
325203,5-6 Days
635209,5-6 Days
732124,5-6 Days
516268,5-6 Days
394355,5-6 Days
124106,5-6 Days
637302,5-6 Days
576113,5-6 Days
791002,5-6 Days
494227,5-6 Days
811308,5-6 Days
484114,5-6 Days
638057,5-6 Days
678545,5-6 Days
679340,5-6 Days
802222,5-6 Days
577121,5-6 Days
481551,5-6 Days
673502,5-6 Days
312402,5-6 Days
272153,5-6 Days
768223,5-6 Days
629901,5-6 Days
607205,5-6 Days
680124,5-6 Days
534350,5-6 Days
327606,5-6 Days
518503,5-6 Days
123102,5-6 Days
413212,5-6 Days
630105,5-6 Days
711411,5-6 Days
385320,5-6 Days
522268,5-6 Days
721306,5-6 Days
630314,5-6 Days
203390,5-6 Days
600112,5-6 Days
416310,5-6 Days
401407,5-6 Days
614018,5-6 Days
713161,5-6 Days
847212,5-6 Days
643218,5-6 Days
401106,5-6 Days
460225,5-6 Days
686514,5-6 Days
624205,5-6 Days
686677,5-6 Days
413405,5-6 Days
586112,5-6 Days
761041,5-6 Days
110094,5-6 Days
302001,5-6 Days
686007,5-6 Days
713214,5-6 Days
680572,5-6 Days
533444,5-6 Days
641014,5-6 Days
584121,5-6 Days
174314,5-6 Days
632521,5-6 Days
683504,5-6 Days
392030,5-6 Days
531149,5-6 Days
630566,5-6 Days
845408,5-6 Days
396155,5-6 Days
431528,5-6 Days
523373,5-6 Days
583129,5-6 Days
209208,5-6 Days
533126,5-6 Days
621716,5-6 Days
144036,5-6 Days
413544,5-6 Days
761115,5-6 Days
853207,5-6 Days
451225,5-6 Days
802206,5-6 Days
689652,5-6 Days
673507,5-6 Days
243631,5-6 Days
523331,5-6 Days
735201,5-6 Days
184103,5-6 Days
743355,5-6 Days
506002,5-6 Days
229206,5-6 Days
797107,5-6 Days
752063,5-6 Days
226104,5-6 Days
343023,5-6 Days
124127,5-6 Days
670643,5-6 Days
636502,5-6 Days
734434,5-6 Days
141418,5-6 Days
496224,5-6 Days
795011,5-6 Days
111120,5-6 Days
416146,5-6 Days
301029,5-6 Days
639207,5-6 Days
734301,5-6 Days
824216,5-6 Days
141415,5-6 Days
793116,5-6 Days
712136,5-6 Days
813105,5-6 Days
518343,5-6 Days
691532,5-6 Days
712234,5-6 Days
343002,5-6 Days
673510,5-6 Days
276288,5-6 Days
713362,5-6 Days
500195,5-6 Days
533297,5-6 Days
325224,5-6 Days
250606,5-6 Days
210424,5-6 Days
271210,5-6 Days
416312,5-6 Days
122106,5-6 Days
425502,5-6 Days
508002,5-6 Days
387635,5-6 Days
209801,5-6 Days
151509,5-6 Days
416118,5-6 Days
754253,5-6 Days
486771,5-6 Days
396463,5-6 Days
768037,5-6 Days
516257,5-6 Days
575029,5-6 Days
731132,5-6 Days
680685,5-6 Days
680101,5-6 Days
532402,5-6 Days
132116,5-6 Days
302013,5-6 Days
572213,5-6 Days
845429,5-6 Days
441224,5-6 Days
415602,5-6 Days
723153,5-6 Days
522317,5-6 Days
721653,5-6 Days
364002,5-6 Days
273007,5-6 Days
391347,5-6 Days
333704,5-6 Days
623001,5-6 Days
713519,5-6 Days
403720,5-6 Days
736157,5-6 Days
751027,5-6 Days
571218,5-6 Days
581170,5-6 Days
742161,5-6 Days
333035,5-6 Days
781112,5-6 Days
143003,5-6 Days
670661,5-6 Days
500063,5-6 Days
614102,5-6 Days
766025,5-6 Days
505102,5-6 Days
535001,5-6 Days
362020,5-6 Days
311024,5-6 Days
413204,5-6 Days
690566,5-6 Days
680546,5-6 Days
416416,5-6 Days
811303,5-6 Days
828206,5-6 Days
223103,5-6 Days
334404,5-6 Days
122215,5-6 Days
755043,5-6 Days
814110,5-6 Days
626101,5-6 Days
571421,5-6 Days
533446,5-6 Days
735224,5-6 Days
587112,5-6 Days
486008,5-6 Days
784182,5-6 Days
577303,5-6 Days
802226,5-6 Days
515672,5-6 Days
335801,5-6 Days
413113,5-6 Days
612503,5-6 Days
141124,5-6 Days
734008,5-6 Days
743200,5-6 Days
828134,5-6 Days
394530,5-6 Days
623501,5-6 Days
521183,5-6 Days
509376,5-6 Days
607301,5-6 Days
515159,5-6 Days
828105,5-6 Days
604205,5-6 Days
521144,5-6 Days
311013,5-6 Days
222301,5-6 Days
641022,5-6 Days
524310,5-6 Days
605107,5-6 Days
481051,5-6 Days
600084,5-6 Days
788009,5-6 Days
229504,5-6 Days
263651,5-6 Days
227005,5-6 Days
524308,5-6 Days
431603,5-6 Days
624624,5-6 Days
273004,5-6 Days
400011,5-6 Days
797111,5-6 Days
828112,5-6 Days
209505,5-6 Days
608301,5-6 Days
392310,5-6 Days
221314,5-6 Days
466665,5-6 Days
360070,5-6 Days
801111,5-6 Days
754103,5-6 Days
148100,5-6 Days
341508,5-6 Days
700017,5-6 Days
504295,5-6 Days
678684,5-6 Days
524346,5-6 Days
734315,5-6 Days
764084,5-6 Days
533236,5-6 Days
816102,5-6 Days
202150,5-6 Days
691552,5-6 Days
577513,5-6 Days
500072,5-6 Days
844117,5-6 Days
401209,5-6 Days
385001,5-6 Days
273165,5-6 Days
477446,5-6 Days
843103,5-6 Days
413719,5-6 Days
365440,5-6 Days
261125,5-6 Days
124107,5-6 Days
761151,5-6 Days
141004,5-6 Days
600068,5-6 Days
630307,5-6 Days
825327,5-6 Days
333027,5-6 Days
207250,5-6 Days
421003,5-6 Days
385421,5-6 Days
431103,5-6 Days
686010,5-6 Days
481768,5-6 Days
570031,5-6 Days
625527,5-6 Days
515867,5-6 Days
251327,5-6 Days
713171,5-6 Days
604201,5-6 Days
516002,5-6 Days
425523,5-6 Days
332405,5-6 Days
733156,5-6 Days
141002,5-6 Days
695312,5-6 Days
327001,5-6 Days
517131,5-6 Days
403514,5-6 Days
301414,5-6 Days
122506,5-6 Days
517584,5-6 Days
627806,5-6 Days
225124,5-6 Days
486446,5-6 Days
735208,5-6 Days
497335,5-6 Days
761006,5-6 Days
759111,5-6 Days
500252,5-6 Days
828123,5-6 Days
524227,5-6 Days
828201,5-6 Days
415639,5-6 Days
614622,5-6 Days
209866,5-6 Days
490010,5-6 Days
695505,5-6 Days
600128,5-6 Days
245201,5-6 Days
629168,5-6 Days
571232,5-6 Days
670353,5-6 Days
755014,5-6 Days
209728,5-6 Days
243506,5-6 Days
431736,5-6 Days
686523,5-6 Days
124202,5-6 Days
274122,5-6 Days
637021,5-6 Days
414111,5-6 Days
560112,5-6 Days
605502,5-6 Days
603004,5-6 Days
621314,5-6 Days
160062,5-6 Days
852139,5-6 Days
380030,5-6 Days
571440,5-6 Days
384221,5-6 Days
185201,5-6 Days
284301,5-6 Days
465669,5-6 Days
362004,5-6 Days
501101,5-6 Days
400070,5-6 Days
326517,5-6 Days
721403,5-6 Days
627253,5-6 Days
602026,5-6 Days
673631,5-6 Days
631401,5-6 Days
635703,5-6 Days
392162,5-6 Days
768213,5-6 Days
271851,5-6 Days
212660,5-6 Days
342022,5-6 Days
690105,5-6 Days
591224,5-6 Days
581341,5-6 Days
802161,5-6 Days
507134,5-6 Days
713501,5-6 Days
182202,5-6 Days
713520,5-6 Days
380055,5-6 Days
441116,5-6 Days
387650,5-6 Days
768042,5-6 Days
630611,5-6 Days
625502,5-6 Days
639003,5-6 Days
571104,5-6 Days
562128,5-6 Days
410062,5-6 Days
522614,5-6 Days
263636,5-6 Days
691021,5-6 Days
752046,5-6 Days
143413,5-6 Days
678555,5-6 Days
570020,5-6 Days
332039,5-6 Days
396330,5-6 Days
795130,5-6 Days
605004,5-6 Days
755018,5-6 Days
822117,5-6 Days
614012,5-6 Days
174021,5-6 Days
700052,5-6 Days
622408,5-6 Days
201006,5-6 Days
835220,5-6 Days
581328,5-6 Days
212635,5-6 Days
175129,5-6 Days
401702,5-6 Days
285121,5-6 Days
690527,5-6 Days
444005,5-6 Days
455048,5-6 Days
143506,5-6 Days
444805,5-6 Days
614101,5-6 Days
742403,5-6 Days
229315,5-6 Days
680004,5-6 Days
364001,5-6 Days
415720,5-6 Days
761110,5-6 Days
743201,5-6 Days
680561,5-6 Days
723148,5-6 Days
613406,5-6 Days
689582,5-6 Days
396215,5-6 Days
307802,5-6 Days
712612,5-6 Days
410102,5-6 Days
636908,5-6 Days
517192,5-6 Days
131002,5-6 Days
676561,5-6 Days
627005,5-6 Days
752112,5-6 Days
313014,5-6 Days
221709,5-6 Days
752120,5-6 Days
852122,5-6 Days
600035,5-6 Days
193224,5-6 Days
454435,5-6 Days
641114,5-6 Days
621652,5-6 Days
632404,5-6 Days
624712,5-6 Days
688536,5-6 Days
795009,5-6 Days
683501,5-6 Days
752018,5-6 Days
607204,5-6 Days
759121,5-6 Days
273002,5-6 Days
229418,5-6 Days
425418,5-6 Days
535532,5-6 Days
691553,5-6 Days
604204,5-6 Days
581105,5-6 Days
285202,5-6 Days
314031,5-6 Days
144202,5-6 Days
141119,5-6 Days
243503,5-6 Days
209506,5-6 Days
614707,5-6 Days
206125,5-6 Days
627008,5-6 Days
443204,5-6 Days
500097,5-6 Days
609109,5-6 Days
562162,5-6 Days
494229,5-6 Days
151503,5-6 Days
530041,5-6 Days
636705,5-6 Days
466554,5-6 Days
127022,5-6 Days
641604,5-6 Days
700020,5-6 Days
600111,5-6 Days
312606,5-6 Days
577120,5-6 Days
768046,5-6 Days
583238,5-6 Days
670315,5-6 Days
586106,5-6 Days
206246,5-6 Days
782486,5-6 Days
741224,5-6 Days
203202,5-6 Days
396015,5-6 Days
847424,5-6 Days
523181,5-6 Days
621129,5-6 Days
676108,5-6 Days
629401,5-6 Days
629157,5-6 Days
731127,5-6 Days
689547,5-6 Days
577421,5-6 Days
614705,5-6 Days
572139,5-6 Days
829115,5-6 Days
396126,5-6 Days
753025,5-6 Days
523274,5-6 Days
785631,5-6 Days
274401,5-6 Days
535502,5-6 Days
517128,5-6 Days
402108,5-6 Days
484776,5-6 Days
249205,5-6 Days
271313,5-6 Days
484551,5-6 Days
734014,5-6 Days
403404,5-6 Days
581127,5-6 Days
643002,5-6 Days
274409,5-6 Days
625115,5-6 Days
847427,5-6 Days
845519,5-6 Days
600012,5-6 Days
508117,5-6 Days
394125,5-6 Days
313902,5-6 Days
443209,5-6 Days
313326,5-6 Days
141401,5-6 Days
670302,5-6 Days
784101,5-6 Days
442404,5-6 Days
614615,5-6 Days
521132,5-6 Days
277304,5-6 Days
209111,5-6 Days
688548,5-6 Days
752105,5-6 Days
605002,5-6 Days
388120,5-6 Days
495002,5-6 Days
788098,5-6 Days
412217,5-6 Days
577220,5-6 Days
146006,5-6 Days
755001,5-6 Days
721139,5-6 Days
523316,5-6 Days
364310,5-6 Days
841201,5-6 Days
768200,5-6 Days
203412,5-6 Days
762024,5-6 Days
262528,5-6 Days
131304,5-6 Days
457993,5-6 Days
629801,5-6 Days
575028,5-6 Days
321205,5-6 Days
560068,5-6 Days
801118,5-6 Days
228141,5-6 Days
761211,5-6 Days
788106,5-6 Days
141121,5-6 Days
630702,5-6 Days
742223,5-6 Days
401609,5-6 Days
122017,5-6 Days
770037,5-6 Days
141417,5-6 Days
673511,5-6 Days
678583,5-6 Days
784164,5-6 Days
600016,5-6 Days
303903,5-6 Days
415726,5-6 Days
685613,5-6 Days
713104,5-6 Days
638154,5-6 Days
481996,5-6 Days
603001,5-6 Days
695013,5-6 Days
382742,5-6 Days
221712,5-6 Days
855116,5-6 Days
767003,5-6 Days
522316,5-6 Days
761020,5-6 Days
173024,5-6 Days
785690,5-6 Days
271601,5-6 Days
676122,5-6 Days
560092,5-6 Days
411030,5-6 Days
691517,5-6 Days
691581,5-6 Days
614715,5-6 Days
520011,5-6 Days
380038,5-6 Days
143534,5-6 Days
497448,5-6 Days
185152,5-6 Days
127307,5-6 Days
743456,5-6 Days
272172,5-6 Days
562112,5-6 Days
382740,5-6 Days
831021,5-6 Days
508285,5-6 Days
413701,5-6 Days
591254,5-6 Days
389250,5-6 Days
363760,5-6 Days
515261,5-6 Days
481105,5-6 Days
263160,5-6 Days
577589,5-6 Days
508233,5-6 Days
630106,5-6 Days
628720,5-6 Days
363427,5-6 Days
400087,5-6 Days
824120,5-6 Days
756021,5-6 Days
613307,5-6 Days
641106,5-6 Days
854303,5-6 Days
401610,5-6 Days
495448,5-6 Days
571603,5-6 Days
636103,5-6 Days
144011,5-6 Days
126102,5-6 Days
841437,5-6 Days
534007,5-6 Days
847236,5-6 Days
496245,5-6 Days
841443,5-6 Days
799263,5-6 Days
370040,5-6 Days
390025,5-6 Days
678557,5-6 Days
445302,5-6 Days
271301,5-6 Days
431120,5-6 Days
134005,5-6 Days
629501,5-6 Days
303102,5-6 Days
384210,5-6 Days
231225,5-6 Days
271204,5-6 Days
680620,5-6 Days
680581,5-6 Days
303509,5-6 Days
583270,5-6 Days
572127,5-6 Days
621302,5-6 Days
175025,5-6 Days
560018,5-6 Days
758023,5-6 Days
110113,5-6 Days
743427,5-6 Days
571801,5-6 Days
303010,5-6 Days
768029,5-6 Days
562137,5-6 Days
122005,5-6 Days
441103,5-6 Days
144304,5-6 Days
623531,5-6 Days
680724,5-6 Days
458667,5-6 Days
764055,5-6 Days
493662,5-6 Days
517167,5-6 Days
491885,5-6 Days
444913,5-6 Days
831035,5-6 Days
370427,5-6 Days
505306,5-6 Days
799113,5-6 Days
671351,5-6 Days
852131,5-6 Days
835226,5-6 Days
732126,5-6 Days
141412,5-6 Days
507306,5-6 Days
391220,5-6 Days
230126,5-6 Days
275202,5-6 Days
110108,5-6 Days
515414,5-6 Days
712613,5-6 Days
752067,5-6 Days
273301,5-6 Days
142023,5-6 Days
685533,5-6 Days
360515,5-6 Days
678596,5-6 Days
700076,5-6 Days
202396,5-6 Days
636122,5-6 Days
781002,5-6 Days
416308,5-6 Days
678507,5-6 Days
522646,5-6 Days
829150,5-6 Days
827015,5-6 Days
421102,5-6 Days
794101,5-6 Days
176059,5-6 Days
695305,5-6 Days
110058,5-6 Days
271608,5-6 Days
126116,5-6 Days
788734,5-6 Days
723151,5-6 Days
491881,5-6 Days
424201,5-6 Days
262310,5-6 Days
500107,5-6 Days
110071,5-6 Days
722206,5-6 Days
847402,5-6 Days
614020,5-6 Days
384276,5-6 Days
573164,5-6 Days
804424,5-6 Days
233226,5-6 Days
227116,5-6 Days
382721,5-6 Days
757028,5-6 Days
689515,5-6 Days
534280,5-6 Days
271001,5-6 Days
396425,5-6 Days
284205,5-6 Days
271404,5-6 Days
583230,5-6 Days
425318,5-6 Days
811311,5-6 Days
695106,5-6 Days
721211,5-6 Days
643219,5-6 Days
473585,5-6 Days
212652,5-6 Days
370201,5-6 Days
743313,5-6 Days
222142,5-6 Days
521136,5-6 Days
754132,5-6 Days
781104,5-6 Days
110030,5-6 Days
518102,5-6 Days
686612,5-6 Days
508247,5-6 Days
784102,5-6 Days
731233,5-6 Days
411021,5-6 Days
755062,5-6 Days
735237,5-6 Days
609505,5-6 Days
207302,5-6 Days
487114,5-6 Days
516390,5-6 Days
424109,5-6 Days
342008,5-6 Days
854202,5-6 Days
580023,5-6 Days
202122,5-6 Days
363351,5-6 Days
263663,5-6 Days
134114,5-6 Days
845450,5-6 Days
394335,5-6 Days
680616,5-6 Days
841426,5-6 Days
533290,5-6 Days
676107,5-6 Days
600115,5-6 Days
490020,5-6 Days
325217,5-6 Days
691578,5-6 Days
127031,5-6 Days
781344,5-6 Days
209739,5-6 Days
603203,5-6 Days
811103,5-6 Days
494556,5-6 Days
581411,5-6 Days
756042,5-6 Days
516155,5-6 Days
201000,5-6 Days
275304,5-6 Days
571311,5-6 Days
400005,5-6 Days
276302,5-6 Days
848115,5-6 Days
577528,5-6 Days
628006,5-6 Days
505302,5-6 Days
230122,5-6 Days
785104,5-6 Days
391443,5-6 Days
535004,5-6 Days
764073,5-6 Days
670694,5-6 Days
679531,5-6 Days
770012,5-6 Days
630310,5-6 Days
208004,5-6 Days
686572,5-6 Days
212661,5-6 Days
423111,5-6 Days
700124,5-6 Days
493221,5-6 Days
424119,5-6 Days
635002,5-6 Days
688526,5-6 Days
610104,5-6 Days
768019,5-6 Days
627811,5-6 Days
246725,5-6 Days
756133,5-6 Days
496225,5-6 Days
125037,5-6 Days
402113,5-6 Days
461228,5-6 Days
394421,5-6 Days
500005,5-6 Days
784507,5-6 Days
521178,5-6 Days
743508,5-6 Days
384220,5-6 Days
571316,5-6 Days
624005,5-6 Days
688532,5-6 Days
401506,5-6 Days
273013,5-6 Days
228178,5-6 Days
743513,5-6 Days
584116,5-6 Days
131030,5-6 Days
768038,5-6 Days
690542,5-6 Days
389265,5-6 Days
814148,5-6 Days
609201,5-6 Days
534251,5-6 Days
136130,5-6 Days
263601,5-6 Days
250402,5-6 Days
273408,5-6 Days
321401,5-6 Days
205121,5-6 Days
603106,5-6 Days
631604,5-6 Days
533005,5-6 Days
412215,5-6 Days
273016,5-6 Days
741150,5-6 Days
603406,5-6 Days
814143,5-6 Days
688565,5-6 Days
384130,5-6 Days
400056,5-6 Days
441605,5-6 Days
721502,5-6 Days
606709,5-6 Days
401103,5-6 Days
577436,5-6 Days
781314,5-6 Days
585330,5-6 Days
415729,5-6 Days
695584,5-6 Days
757030,5-6 Days
231211,5-6 Days
400612,5-6 Days
686563,5-6 Days
509380,5-6 Days
396380,5-6 Days
572143,5-6 Days
495683,5-6 Days
843333,5-6 Days
176086,5-6 Days
577243,5-6 Days
136132,5-6 Days
632101,5-6 Days
851133,5-6 Days
140301,5-6 Days
829125,5-6 Days
600060,5-6 Days
486669,5-6 Days
110072,5-6 Days
643104,5-6 Days
246162,5-6 Days
415528,5-6 Days
852220,5-6 Days
474005,5-6 Days
731215,5-6 Days
416807,5-6 Days
577554,5-6 Days
841439,5-6 Days
670502,5-6 Days
785601,5-6 Days
451661,5-6 Days
143519,5-6 Days
531173,5-6 Days
814101,5-6 Days
606808,5-6 Days
480557,5-6 Days
283115,5-6 Days
765017,5-6 Days
342012,5-6 Days
503235,5-6 Days
614022,5-6 Days
721129,5-6 Days
410508,5-6 Days
731125,5-6 Days
843111,5-6 Days
621003,5-6 Days
847426,5-6 Days
628802,5-6 Days
516267,5-6 Days
577530,5-6 Days
416314,5-6 Days
534461,5-6 Days
497446,5-6 Days
680691,5-6 Days
639202,5-6 Days
332404,5-6 Days
791119,5-6 Days
712310,5-6 Days
152125,5-6 Days
851128,5-6 Days
822123,5-6 Days
458468,5-6 Days
250406,5-6 Days
515865,5-6 Days
415714,5-6 Days
700081,5-6 Days
826005,5-6 Days
736182,5-6 Days
620602,5-6 Days
425404,5-6 Days
562107,5-6 Days
506172,5-6 Days
522617,5-6 Days
854114,5-6 Days
741405,5-6 Days
742172,5-6 Days
754006,5-6 Days
752077,5-6 Days
832110,5-6 Days
691580,5-6 Days
328031,5-6 Days
735226,5-6 Days
643003,5-6 Days
581307,5-6 Days
574242,5-6 Days
201303,5-6 Days
766032,5-6 Days
485226,5-6 Days
624054,5-6 Days
792110,5-6 Days
783386,5-6 Days
415717,5-6 Days
804407,5-6 Days
629802,5-6 Days
626114,5-6 Days
141201,5-6 Days
829131,5-6 Days
600102,5-6 Days
251001,5-6 Days
841425,5-6 Days
470775,5-6 Days
736131,5-6 Days
601301,5-6 Days
182146,5-6 Days
797101,5-6 Days
451667,5-6 Days
845418,5-6 Days
673015,5-6 Days
835235,5-6 Days
380006,5-6 Days
152124,5-6 Days
627418,5-6 Days
610005,5-6 Days
612502,5-6 Days
573130,5-6 Days
680312,5-6 Days
670002,5-6 Days
713404,5-6 Days
627011,5-6 Days
585436,5-6 Days
621116,5-6 Days
389170,5-6 Days
627659,5-6 Days
143514,5-6 Days
764077,5-6 Days
581204,5-6 Days
533256,5-6 Days
832105,5-6 Days
380016,5-6 Days
192126,5-6 Days
600053,5-6 Days
782106,5-6 Days
805132,5-6 Days
741168,5-6 Days
829146,5-6 Days
302029,5-6 Days
752057,5-6 Days
176208,5-6 Days
394115,5-6 Days
395016,5-6 Days
629855,5-6 Days
685503,5-6 Days
301415,5-6 Days
494111,5-6 Days
391175,5-6 Days
609802,5-6 Days
444804,5-6 Days
262402,5-6 Days
410513,5-6 Days
331028,5-6 Days
413253,5-6 Days
244222,5-6 Days
784508,5-6 Days
344705,5-6 Days
686587,5-6 Days
625703,5-6 Days
302032,5-6 Days
202414,5-6 Days
581210,5-6 Days
591316,5-6 Days
530003,5-6 Days
676305,5-6 Days
781031,5-6 Days
425202,5-6 Days
723201,5-6 Days
131408,5-6 Days
797103,5-6 Days
628101,5-6 Days
389158,5-6 Days
563114,5-6 Days
506165,5-6 Days
441702,5-6 Days
721668,5-6 Days
600080,5-6 Days
413502,5-6 Days
825412,5-6 Days
756126,5-6 Days
504303,5-6 Days
855101,5-6 Days
333032,5-6 Days
642203,5-6 Days
136030,5-6 Days
638456,5-6 Days
524124,5-6 Days
521241,5-6 Days
577588,5-6 Days
271606,5-6 Days
450341,5-6 Days
581450,5-6 Days
756027,5-6 Days
413532,5-6 Days
400110,5-6 Days
731247,5-6 Days
311604,5-6 Days
841420,5-6 Days
176089,5-6 Days
247664,5-6 Days
600079,5-6 Days
209745,5-6 Days
563139,5-6 Days
799115,5-6 Days
423210,5-6 Days
384206,5-6 Days
534134,5-6 Days
140125,5-6 Days
683112,5-6 Days
403402,5-6 Days
532195,5-6 Days
210201,5-6 Days
757100,5-6 Days
210005,5-6 Days
332603,5-6 Days
761117,5-6 Days
689693,5-6 Days
393021,5-6 Days
245205,5-6 Days
221701,5-6 Days
450991,5-6 Days
685531,5-6 Days
285130,5-6 Days
734221,5-6 Days
756039,5-6 Days
174320,5-6 Days
741156,5-6 Days
691009,5-6 Days
629252,5-6 Days
577428,5-6 Days
504307,5-6 Days
574258,5-6 Days
811105,5-6 Days
841438,5-6 Days
571403,5-6 Days
612302,5-6 Days
206251,5-6 Days
629203,5-6 Days
689676,5-6 Days
495334,5-6 Days
581234,5-6 Days
344706,5-6 Days
241122,5-6 Days
144106,5-6 Days
262407,5-6 Days
614805,5-6 Days
530011,5-6 Days
622515,5-6 Days
632005,5-6 Days
175006,5-6 Days
628809,5-6 Days
382845,5-6 Days
276140,5-6 Days
401204,5-6 Days
711102,5-6 Days
576117,5-6 Days
713429,5-6 Days
303507,5-6 Days
312201,5-6 Days
627727,5-6 Days
756135,5-6 Days
760003,5-6 Days
384411,5-6 Days
243003,5-6 Days
413709,5-6 Days
516437,5-6 Days
271403,5-6 Days
416109,5-6 Days
793108,5-6 Days
423204,5-6 Days
415404,5-6 Days
731241,5-6 Days
788819,5-6 Days
700058,5-6 Days
203145,5-6 Days
431530,5-6 Days
625021,5-6 Days
442914,5-6 Days
328035,5-6 Days
284305,5-6 Days
802162,5-6 Days
509133,5-6 Days
673649,5-6 Days
142038,5-6 Days
365450,5-6 Days
518412,5-6 Days
228125,5-6 Days
332021,5-6 Days
711309,5-6 Days
721154,5-6 Days
472447,5-6 Days
821315,5-6 Days
754228,5-6 Days
173023,5-6 Days
221401,5-6 Days
445215,5-6 Days
341515,5-6 Days
802131,5-6 Days
413322,5-6 Days
380052,5-6 Days
591217,5-6 Days
689108,5-6 Days
570001,5-6 Days
321006,5-6 Days
733141,5-6 Days
600097,5-6 Days
457777,5-6 Days
385360,5-6 Days
629902,5-6 Days
325208,5-6 Days
382765,5-6 Days
581319,5-6 Days
534229,5-6 Days
627764,5-6 Days
363334,5-6 Days
680007,5-6 Days
641408,5-6 Days
673002,5-6 Days
686611,5-6 Days
400068,5-6 Days
843108,5-6 Days
334603,5-6 Days
691008,5-6 Days
232118,5-6 Days
743129,5-6 Days
283141,5-6 Days
769010,5-6 Days
322203,5-6 Days
516216,5-6 Days
328029,5-6 Days
400077,5-6 Days
391776,5-6 Days
671316,5-6 Days
431738,5-6 Days
453111,5-6 Days
342002,5-6 Days
380008,5-6 Days
600025,5-6 Days
670649,5-6 Days
685611,5-6 Days
244301,5-6 Days
782450,5-6 Days
757014,5-6 Days
444006,5-6 Days
462018,5-6 Days
520005,5-6 Days
391121,5-6 Days
424203,5-6 Days
209303,5-6 Days
562108,5-6 Days
673619,5-6 Days
362221,5-6 Days
151202,5-6 Days
632603,5-6 Days
382630,5-6 Days
587122,5-6 Days
322001,5-6 Days
563103,5-6 Days
123305,5-6 Days
534245,5-6 Days
382120,5-6 Days
795113,5-6 Days
173213,5-6 Days
395006,5-6 Days
521311,5-6 Days
571617,5-6 Days
444904,5-6 Days
413209,5-6 Days
686101,5-6 Days
768025,5-6 Days
333036,5-6 Days
743437,5-6 Days
276138,5-6 Days
110076,5-6 Days
122218,5-6 Days
444819,5-6 Days
382017,5-6 Days
632115,5-6 Days
326512,5-6 Days
491559,5-6 Days
460661,5-6 Days
571312,5-6 Days
484665,5-6 Days
804433,5-6 Days
177118,5-6 Days
391160,5-6 Days
517506,5-6 Days
783325,5-6 Days
576212,5-6 Days
415803,5-6 Days
501504,5-6 Days
642107,5-6 Days
804423,5-6 Days
575159,5-6 Days
121010,5-6 Days
533292,5-6 Days
134204,5-6 Days
413210,5-6 Days
133204,5-6 Days
422001,5-6 Days
811211,5-6 Days
202391,5-6 Days
533344,5-6 Days
685586,5-6 Days
797001,5-6 Days
222143,5-6 Days
581337,5-6 Days
683591,5-6 Days
781028,5-6 Days
678686,5-6 Days
625702,5-6 Days
263140,5-6 Days
410504,5-6 Days
504301,5-6 Days
420421,5-6 Days
788110,5-6 Days
275207,5-6 Days
225409,5-6 Days
416102,5-6 Days
781352,5-6 Days
723154,5-6 Days
221603,5-6 Days
743204,5-6 Days
524321,5-6 Days
148021,5-6 Days
688522,5-6 Days
203393,5-6 Days
721439,5-6 Days
207243,5-6 Days
425434,5-6 Days
509375,5-6 Days
679534,5-6 Days
303110,5-6 Days
683581,5-6 Days
382725,5-6 Days
811107,5-6 Days
711110,5-6 Days
583277,5-6 Days
127020,5-6 Days
110018,5-6 Days
251306,5-6 Days
506134,5-6 Days
124103,5-6 Days
160001,5-6 Days
627152,5-6 Days
768049,5-6 Days
190007,5-6 Days
431108,5-6 Days
232105,5-6 Days
508202,5-6 Days
757081,5-6 Days
396217,5-6 Days
736202,5-6 Days
224204,5-6 Days
174004,5-6 Days
141005,5-6 Days
177103,5-6 Days
241402,5-6 Days
276135,5-6 Days
516474,5-6 Days
757033,5-6 Days
321407,5-6 Days
535522,5-6 Days
679587,5-6 Days
500094,5-6 Days
262123,5-6 Days
603306,5-6 Days
735204,5-6 Days
480553,5-6 Days
686143,5-6 Days
284127,5-6 Days
670674,5-6 Days
271206,5-6 Days
591221,5-6 Days
175004,5-6 Days
758019,5-6 Days
606202,5-6 Days
673508,5-6 Days
606902,5-6 Days
769001,5-6 Days
786147,5-6 Days
761013,5-6 Days
303314,5-6 Days
192125,5-6 Days
788728,5-6 Days
689664,5-6 Days
246495,5-6 Days
621211,5-6 Days
485881,5-6 Days
414005,5-6 Days
284001,5-6 Days
422610,5-6 Days
682003,5-6 Days
281203,5-6 Days
676515,5-6 Days
425103,5-6 Days
416120,5-6 Days
506122,5-6 Days
712307,5-6 Days
507168,5-6 Days
442502,5-6 Days
721171,5-6 Days
577414,5-6 Days
301407,5-6 Days
625201,5-6 Days
122001,5-6 Days
635806,5-6 Days
431503,5-6 Days
181104,5-6 Days
635115,5-6 Days
731203,5-6 Days
576121,5-6 Days
574161,5-6 Days
713213,5-6 Days
841244,5-6 Days
623519,5-6 Days
637205,5-6 Days
506011,5-6 Days
243722,5-6 Days
515212,5-6 Days
521138,5-6 Days
422302,5-6 Days
440024,5-6 Days
591173,5-6 Days
481664,5-6 Days
570030,5-6 Days
211009,5-6 Days
304804,5-6 Days
762103,5-6 Days
629810,5-6 Days
673315,5-6 Days
227808,5-6 Days
670101,5-6 Days
686515,5-6 Days
533286,5-6 Days
786002,5-6 Days
241123,5-6 Days
160035,5-6 Days
532591,5-6 Days
396030,5-6 Days
823001,5-6 Days
680664,5-6 Days
221408,5-6 Days
688541,5-6 Days
641065,5-6 Days
160053,5-6 Days
712428,5-6 Days
713512,5-6 Days
500056,5-6 Days
571807,5-6 Days
622315,5-6 Days
201318,5-6 Days
515001,5-6 Days
784165,5-6 Days
788113,5-6 Days
795127,5-6 Days
680026,5-6 Days
700023,5-6 Days
843133,5-6 Days
362130,5-6 Days
587104,5-6 Days
176002,5-6 Days
229503,5-6 Days
742226,5-6 Days
505454,5-6 Days
741162,5-6 Days
583234,5-6 Days
475220,5-6 Days
841409,5-6 Days
683513,5-6 Days
626202,5-6 Days
384240,5-6 Days
321413,5-6 Days
585401,5-6 Days
416612,5-6 Days
494553,5-6 Days
263131,5-6 Days
721438,5-6 Days
145022,5-6 Days
480881,5-6 Days
415410,5-6 Days
518380,5-6 Days
333307,5-6 Days
370150,5-6 Days
457335,5-6 Days
144410,5-6 Days
421312,5-6 Days
586203,5-6 Days
202521,5-6 Days
500049,5-6 Days
515833,5-6 Days
622304,5-6 Days
854325,5-6 Days
560072,5-6 Days
383210,5-6 Days
743135,5-6 Days
607006,5-6 Days
802128,5-6 Days
460004,5-6 Days
560107,5-6 Days
243502,5-6 Days
680553,5-6 Days
731234,5-6 Days
455225,5-6 Days
577229,5-6 Days
534243,5-6 Days
205303,5-6 Days
501218,5-6 Days
783101,5-6 Days
133207,5-6 Days
382481,5-6 Days
413228,5-6 Days
145001,5-6 Days
688004,5-6 Days
531087,5-6 Days
686032,5-6 Days
571107,5-6 Days
470223,5-6 Days
770041,5-6 Days
211104,5-6 Days
562114,5-6 Days
689591,5-6 Days
441217,5-6 Days
691546,5-6 Days
785012,5-6 Days
676101,5-6 Days
444812,5-6 Days
737106,5-6 Days
604306,5-6 Days
416630,5-6 Days
768050,5-6 Days
110049,5-6 Days
127042,5-6 Days
680504,5-6 Days
382640,5-6 Days
792120,5-6 Days
492102,5-6 Days
224209,5-6 Days
811241,5-6 Days
335025,5-6 Days
410200,5-6 Days
604208,5-6 Days
423205,5-6 Days
250001,5-6 Days
686670,5-6 Days
476221,5-6 Days
400101,5-6 Days
425105,5-6 Days
263653,5-6 Days
854106,5-6 Days
572107,5-6 Days
686689,5-6 Days
735202,5-6 Days
722121,5-6 Days
756111,5-6 Days
532005,5-6 Days
784168,5-6 Days
670593,5-6 Days
756001,5-6 Days
686540,5-6 Days
422009,5-6 Days
636141,5-6 Days
572106,5-6 Days
689698,5-6 Days
534236,5-6 Days
383120,5-6 Days
476444,5-6 Days
171222,5-6 Days
271902,5-6 Days
314024,5-6 Days
736171,5-6 Days
721146,5-6 Days
144311,5-6 Days
735205,5-6 Days
144512,5-6 Days
574239,5-6 Days
679309,5-6 Days
757107,5-6 Days
522003,5-6 Days
413518,5-6 Days
262401,5-6 Days
332701,5-6 Days
110101,5-6 Days
146101,5-6 Days
412410,5-6 Days
678005,5-6 Days
362231,5-6 Days
391330,5-6 Days
465333,5-6 Days
814158,5-6 Days
625214,5-6 Days
516396,5-6 Days
641608,5-6 Days
451559,5-6 Days
784171,5-6 Days
848118,5-6 Days
206124,5-6 Days
453332,5-6 Days
206253,5-6 Days
415106,5-6 Days
360531,5-6 Days
535592,5-6 Days
383230,5-6 Days
122210,5-6 Days
585244,5-6 Days
793106,5-6 Days
517101,5-6 Days
125007,5-6 Days
591256,5-6 Days
685536,5-6 Days
577203,5-6 Days
413006,5-6 Days
211014,5-6 Days
851135,5-6 Days
421502,5-6 Days
503207,5-6 Days
686027,5-6 Days
507157,5-6 Days
342901,5-6 Days
788816,5-6 Days
848160,5-6 Days
431113,5-6 Days
625010,5-6 Days
160056,5-6 Days
754206,5-6 Days
733214,5-6 Days
518345,5-6 Days
274702,5-6 Days
767045,5-6 Days
623608,5-6 Days
321615,5-6 Days
581115,5-6 Days
534329,5-6 Days
533463,5-6 Days
415520,5-6 Days
712125,5-6 Days
563133,5-6 Days
341501,5-6 Days
670106,5-6 Days
852130,5-6 Days
612901,5-6 Days
790101,5-6 Days
788118,5-6 Days
176210,5-6 Days
231214,5-6 Days
425001,5-6 Days
231226,5-6 Days
695040,5-6 Days
575007,5-6 Days
451010,5-6 Days
741251,5-6 Days
263146,5-6 Days
416111,5-6 Days
209621,5-6 Days
412205,5-6 Days
828202,5-6 Days
343001,5-6 Days
416107,5-6 Days
450110,5-6 Days
571165,5-6 Days
632203,5-6 Days
251307,5-6 Days
606106,5-6 Days
754140,5-6 Days
500045,5-6 Days
441223,5-6 Days
793160,5-6 Days
225411,5-6 Days
243304,5-6 Days
304801,5-6 Days
691550,5-6 Days
600061,5-6 Days
415626,5-6 Days
222170,5-6 Days
844133,5-6 Days
305625,5-6 Days
754209,5-6 Days
370605,5-6 Days
623537,5-6 Days
585319,5-6 Days
517561,5-6 Days
781035,5-6 Days
431704,5-6 Days
127111,5-6 Days
370665,5-6 Days
604202,5-6 Days
141001,5-6 Days
722208,5-6 Days
344701,5-6 Days
583283,5-6 Days
274309,5-6 Days
273212,5-6 Days
835240,5-6 Days
331517,5-6 Days
686672,5-6 Days
274407,5-6 Days
582211,5-6 Days
415712,5-6 Days
173218,5-6 Days
743133,5-6 Days
736175,5-6 Days
441101,5-6 Days
227809,5-6 Days
680513,5-6 Days
171208,5-6 Days
680306,5-6 Days
686522,5-6 Days
679321,5-6 Days
799271,5-6 Days
802205,5-6 Days
683585,5-6 Days
635655,5-6 Days
363610,5-6 Days
431712,5-6 Days
678543,5-6 Days
508280,5-6 Days
604403,5-6 Days
635107,5-6 Days
686562,5-6 Days
493448,5-6 Days
325206,5-6 Days
305004,5-6 Days
502381,5-6 Days
362257,5-6 Days
190010,5-6 Days
785648,5-6 Days
607403,5-6 Days
388465,5-6 Days
110093,5-6 Days
143528,5-6 Days
396115,5-6 Days
530008,5-6 Days
742160,5-6 Days
281404,5-6 Days
383250,5-6 Days
743439,5-6 Days
284123,5-6 Days
181209,5-6 Days
627712,5-6 Days
734314,5-6 Days
271825,5-6 Days
472101,5-6 Days
630301,5-6 Days
683580,5-6 Days
416523,5-6 Days
603307,5-6 Days
520002,5-6 Days
500133,5-6 Days
641659,5-6 Days
261205,5-6 Days
382022,5-6 Days
601101,5-6 Days
305802,5-6 Days
412306,5-6 Days
670009,5-6 Days
752034,5-6 Days
600074,5-6 Days
843337,5-6 Days
246425,5-6 Days
678632,5-6 Days
752110,5-6 Days
785603,5-6 Days
734005,5-6 Days
473660,5-6 Days
444603,5-6 Days
713332,5-6 Days
732204,5-6 Days
577523,5-6 Days
521105,5-6 Days
283105,5-6 Days
144105,5-6 Days
735233,5-6 Days
475335,5-6 Days
784527,5-6 Days
688559,5-6 Days
144030,5-6 Days
248161,5-6 Days
764049,5-6 Days
700062,5-6 Days
160010,5-6 Days
691583,5-6 Days
689581,5-6 Days
143066,5-6 Days
769007,5-6 Days
788736,5-6 Days
263623,5-6 Days
276206,5-6 Days
444101,5-6 Days
453661,5-6 Days
700046,5-6 Days
400019,5-6 Days
621111,5-6 Days
232340,5-6 Days
783324,5-6 Days
174505,5-6 Days
686665,5-6 Days
686673,5-6 Days
700142,5-6 Days
680017,5-6 Days
440002,5-6 Days
759128,5-6 Days
764059,5-6 Days
713203,5-6 Days
263128,5-6 Days
517643,5-6 Days
141315,5-6 Days
642108,5-6 Days
411028,5-6 Days
505462,5-6 Days
415724,5-6 Days
713331,5-6 Days
785006,5-6 Days
273005,5-6 Days
142058,5-6 Days
847123,5-6 Days
680104,5-6 Days
759145,5-6 Days
206249,5-6 Days
635812,5-6 Days
621217,5-6 Days
174012,5-6 Days
768232,5-6 Days
722102,5-6 Days
763001,5-6 Days
679538,5-6 Days
827009,5-6 Days
515455,5-6 Days
782439,5-6 Days
122105,5-6 Days
805111,5-6 Days
755021,5-6 Days
571602,5-6 Days
172033,5-6 Days
673624,5-6 Days
741158,5-6 Days
222162,5-6 Days
222201,5-6 Days
142040,5-6 Days
475661,5-6 Days
509103,5-6 Days
721436,5-6 Days
110063,5-6 Days
622422,5-6 Days
768211,5-6 Days
583121,5-6 Days
628552,5-6 Days
689511,5-6 Days
276207,5-6 Days
523183,5-6 Days
623504,5-6 Days
518220,5-6 Days
846007,5-6 Days
201205,5-6 Days
625234,5-6 Days
614905,5-6 Days
301709,5-6 Days
679535,5-6 Days
110070,5-6 Days
224231,5-6 Days
211008,5-6 Days
230501,5-6 Days
680699,5-6 Days
638008,5-6 Days
621005,5-6 Days
182313,5-6 Days
804454,5-6 Days
393017,5-6 Days
311403,5-6 Days
676123,5-6 Days
591340,5-6 Days
243201,5-6 Days
756051,5-6 Days
221206,5-6 Days
623319,5-6 Days
841252,5-6 Days
851116,5-6 Days
176044,5-6 Days
521175,5-6 Days
642128,5-6 Days
786153,5-6 Days
723147,5-6 Days
612108,5-6 Days
781349,5-6 Days
222131,5-6 Days
574509,5-6 Days
481337,5-6 Days
125078,5-6 Days
534260,5-6 Days
673642,5-6 Days
535581,5-6 Days
841509,5-6 Days
533215,5-6 Days
190002,5-6 Days
522436,5-6 Days
322252,5-6 Days
461335,5-6 Days
606109,5-6 Days
629191,5-6 Days
262302,5-6 Days
676523,5-6 Days
848132,5-6 Days
803214,5-6 Days
160029,5-6 Days
209202,5-6 Days
174028,5-6 Days
246481,5-6 Days
273309,5-6 Days
422215,5-6 Days
172023,5-6 Days
743271,5-6 Days
673601,5-6 Days
841210,5-6 Days
560088,5-6 Days
832303,5-6 Days
444808,5-6 Days
741175,5-6 Days
424303,5-6 Days
680303,5-6 Days
246734,5-6 Days
600069,5-6 Days
384430,5-6 Days
695589,5-6 Days
192232,5-6 Days
383327,5-6 Days
261303,5-6 Days
481556,5-6 Days
690516,5-6 Days
284501,5-6 Days
741163,5-6 Days
425416,5-6 Days
700109,5-6 Days
741258,5-6 Days
306704,5-6 Days
342016,5-6 Days
521321,5-6 Days
500023,5-6 Days
803121,5-6 Days
628252,5-6 Days
612204,5-6 Days
768105,5-6 Days
144209,5-6 Days
822127,5-6 Days
673012,5-6 Days
231314,5-6 Days
700075,5-6 Days
425505,5-6 Days
160046,5-6 Days
535593,5-6 Days
502220,5-6 Days
110301,5-6 Days
722144,5-6 Days
415716,5-6 Days
735225,5-6 Days
631552,5-6 Days
609118,5-6 Days
143036,5-6 Days
695508,5-6 Days
413541,5-6 Days
835216,5-6 Days
570033,5-6 Days
626108,5-6 Days
507116,5-6 Days
202126,5-6 Days
262502,5-6 Days
845435,5-6 Days
416313,5-6 Days
686669,5-6 Days
384285,5-6 Days
685551,5-6 Days
764020,5-6 Days
450331,5-6 Days
480223,5-6 Days
148005,5-6 Days
403714,5-6 Days
641109,5-6 Days
800013,5-6 Days
800002,5-6 Days
226029,5-6 Days
571118,5-6 Days
641605,5-6 Days
122108,5-6 Days
515721,5-6 Days
570017,5-6 Days
560300,5-6 Days
605051,5-6 Days
497339,5-6 Days
759039,5-6 Days
370415,5-6 Days
575008,5-6 Days
370670,5-6 Days
577426,5-6 Days
176225,5-6 Days
247554,5-6 Days
457893,5-6 Days
560073,5-6 Days
388305,5-6 Days
493229,5-6 Days
765019,5-6 Days
624703,5-6 Days
209602,5-6 Days
641021,5-6 Days
396045,5-6 Days
471405,5-6 Days
272199,5-6 Days
177204,5-6 Days
713152,5-6 Days
641048,5-6 Days
364760,5-6 Days
571124,5-6 Days
360080,5-6 Days
786179,5-6 Days
754244,5-6 Days
231301,5-6 Days
228161,5-6 Days
283123,5-6 Days
688544,5-6 Days
829207,5-6 Days
743603,5-6 Days
636108,5-6 Days
413708,5-6 Days
344043,5-6 Days
584112,5-6 Days
341304,5-6 Days
412406,5-6 Days
229129,5-6 Days
742406,5-6 Days
210433,5-6 Days
176023,5-6 Days
600049,5-6 Days
201304,5-6 Days
577222,5-6 Days
382650,5-6 Days
110046,5-6 Days
403527,5-6 Days
384229,5-6 Days
620021,5-6 Days
760007,5-6 Days
606108,5-6 Days
431501,5-6 Days
400014,5-6 Days
676121,5-6 Days
425407,5-6 Days
524413,5-6 Days
380019,5-6 Days
642007,5-6 Days
415728,5-6 Days
248002,5-6 Days
585236,5-6 Days
333025,5-6 Days
271804,5-6 Days
815353,5-6 Days
517526,5-6 Days
248013,5-6 Days
415203,5-6 Days
144029,5-6 Days
689533,5-6 Days
226201,5-6 Days
785616,5-6 Days
600131,5-6 Days
431722,5-6 Days
192306,5-6 Days
586205,5-6 Days
516114,5-6 Days
690559,5-6 Days
815302,5-6 Days
390002,5-6 Days
140063,5-6 Days
333308,5-6 Days
441409,5-6 Days
388713,5-6 Days
494552,5-6 Days
843153,5-6 Days
690558,5-6 Days
401203,5-6 Days
700157,5-6 Days
625515,5-6 Days
690509,5-6 Days
679326,5-6 Days
622209,5-6 Days
835233,5-6 Days
571431,5-6 Days
757083,5-6 Days
623120,5-6 Days
402201,5-6 Days
841231,5-6 Days
609702,5-6 Days
761004,5-6 Days
388254,5-6 Days
442301,5-6 Days
144806,5-6 Days
363750,5-6 Days
576104,5-6 Days
711103,5-6 Days
414302,5-6 Days
221009,5-6 Days
313323,5-6 Days
829108,5-6 Days
465106,5-6 Days
230144,5-6 Days
431201,5-6 Days
624106,5-6 Days
680683,5-6 Days
410105,5-6 Days
491888,5-6 Days
805110,5-6 Days
632113,5-6 Days
755025,5-6 Days
401404,5-6 Days
312025,5-6 Days
752020,5-6 Days
721519,5-6 Days
736206,5-6 Days
522612,5-6 Days
509205,5-6 Days
533347,5-6 Days
691020,5-6 Days
312000,5-6 Days
680673,5-6 Days
413319,5-6 Days
743372,5-6 Days
712105,5-6 Days
733202,5-6 Days
712208,5-6 Days
508277,5-6 Days
230138,5-6 Days
522006,5-6 Days
533445,5-6 Days
495678,5-6 Days
621104,5-6 Days
212109,5-6 Days
281402,5-6 Days
574180,5-6 Days
210203,5-6 Days
757018,5-6 Days
788002,5-6 Days
802118,5-6 Days
176201,5-6 Days
250344,5-6 Days
127029,5-6 Days
403513,5-6 Days
756080,5-6 Days
221502,5-6 Days
202393,5-6 Days
400608,5-6 Days
572220,5-6 Days
731102,5-6 Days
411029,5-6 Days
841251,5-6 Days
303325,5-6 Days
841221,5-6 Days
307027,5-6 Days
574107,5-6 Days
689571,5-6 Days
413203,5-6 Days
322205,5-6 Days
535218,5-6 Days
581213,5-6 Days
686102,5-6 Days
415508,5-6 Days
452023,5-6 Days
343028,5-6 Days
400706,5-6 Days
574179,5-6 Days
828114,5-6 Days
630305,5-6 Days
752056,5-6 Days
788710,5-6 Days
458990,5-6 Days
303603,5-6 Days
752115,5-6 Days
822119,5-6 Days
454449,5-6 Days
686009,5-6 Days
362011,5-6 Days
835223,5-6 Days
221307,5-6 Days
761031,5-6 Days
758052,5-6 Days
415637,5-6 Days
480999,5-6 Days
326530,5-6 Days
202124,5-6 Days
700154,5-6 Days
364490,5-6 Days
670731,5-6 Days
412218,5-6 Days
444827,5-6 Days
761040,5-6 Days
302044,5-6 Days
843105,5-6 Days
380210,5-6 Days
241401,5-6 Days
391245,5-6 Days
852201,5-6 Days
500096,5-6 Days
734220,5-6 Days
688533,5-6 Days
574229,5-6 Days
628004,5-6 Days
683547,5-6 Days
828307,5-6 Days
210128,5-6 Days
700053,5-6 Days
176026,5-6 Days
335063,5-6 Days
695101,5-6 Days
685603,5-6 Days
160052,5-6 Days
388560,5-6 Days
415570,5-6 Days
814145,5-6 Days
758020,5-6 Days
362310,5-6 Days
144031,5-6 Days
304020,5-6 Days
141402,5-6 Days
712707,5-6 Days
562126,5-6 Days
606754,5-6 Days
804452,5-6 Days
176601,5-6 Days
531001,5-6 Days
533202,5-6 Days
624618,5-6 Days
322704,5-6 Days
160031,5-6 Days
136117,5-6 Days
560058,5-6 Days
722152,5-6 Days
402122,5-6 Days
573115,5-6 Days
182312,5-6 Days
623104,5-6 Days
143411,5-6 Days
441109,5-6 Days
600100,5-6 Days
624309,5-6 Days
700114,5-6 Days
387330,5-6 Days
451220,5-6 Days
624307,5-6 Days
140101,5-6 Days
581198,5-6 Days
602101,5-6 Days
562110,5-6 Days
382026,5-6 Days
248159,5-6 Days
124113,5-6 Days
816117,5-6 Days
841421,5-6 Days
212107,5-6 Days
576120,5-6 Days
629803,5-6 Days
678581,5-6 Days
241202,5-6 Days
848121,5-6 Days
680121,5-6 Days
682036,5-6 Days
754012,5-6 Days
173101,5-6 Days
813106,5-6 Days
335503,5-6 Days
613201,5-6 Days
365460,5-6 Days
581421,5-6 Days
781103,5-6 Days
440021,5-6 Days
845451,5-6 Days
571422,5-6 Days
533294,5-6 Days
591227,5-6 Days
207248,5-6 Days
626053,5-6 Days
160067,5-6 Days
847306,5-6 Days
441802,5-6 Days
148006,5-6 Days
609402,5-6 Days
507208,5-6 Days
799270,5-6 Days
383325,5-6 Days
241403,5-6 Days
502336,5-6 Days
632317,5-6 Days
689514,5-6 Days
394101,5-6 Days
721136,5-6 Days
712138,5-6 Days
531116,5-6 Days
451337,5-6 Days
591124,5-6 Days
361280,5-6 Days
246724,5-6 Days
491996,5-6 Days
151501,5-6 Days
604151,5-6 Days
171302,5-6 Days
793007,5-6 Days
393020,5-6 Days
176306,5-6 Days
829143,5-6 Days
415112,5-6 Days
304504,5-6 Days
713122,5-6 Days
695603,5-6 Days
160039,5-6 Days
642114,5-6 Days
756058,5-6 Days
141422,5-6 Days
509347,5-6 Days
515123,5-6 Days
783375,5-6 Days
854302,5-6 Days
143007,5-6 Days
388336,5-6 Days
387325,5-6 Days
224284,5-6 Days
521366,5-6 Days
533262,5-6 Days
453001,5-6 Days
285204,5-6 Days
250622,5-6 Days
835306,5-6 Days
571606,5-6 Days
767026,5-6 Days
614708,5-6 Days
141116,5-6 Days
689677,5-6 Days
303002,5-6 Days
643236,5-6 Days
535501,5-6 Days
695103,5-6 Days
123110,5-6 Days
490007,5-6 Days
627452,5-6 Days
324021,5-6 Days
122006,5-6 Days
841433,5-6 Days
441915,5-6 Days
586109,5-6 Days
532312,5-6 Days
473670,5-6 Days
795124,5-6 Days
680508,5-6 Days
171001,5-6 Days
721657,5-6 Days
691527,5-6 Days
689594,5-6 Days
410219,5-6 Days
229003,5-6 Days
388121,5-6 Days
125111,5-6 Days
721642,5-6 Days
421506,5-6 Days
394670,5-6 Days
603302,5-6 Days
735209,5-6 Days
815318,5-6 Days
271875,5-6 Days
281122,5-6 Days
680309,5-6 Days
752085,5-6 Days
788165,5-6 Days
283124,5-6 Days
767042,5-6 Days
721170,5-6 Days
445103,5-6 Days
737136,5-6 Days
532201,5-6 Days
415708,5-6 Days
531084,5-6 Days
851114,5-6 Days
690507,5-6 Days
416231,5-6 Days
403006,5-6 Days
415504,5-6 Days
636107,5-6 Days
843331,5-6 Days
631002,5-6 Days
767029,5-6 Days
110403,5-6 Days
403509,5-6 Days
742148,5-6 Days
522301,5-6 Days
360011,5-6 Days
581363,5-6 Days
385011,5-6 Days
679312,5-6 Days
587203,5-6 Days
500065,5-6 Days
504214,5-6 Days
632301,5-6 Days
756142,5-6 Days
143203,5-6 Days
500264,5-6 Days
341503,5-6 Days
824125,5-6 Days
768111,5-6 Days
390006,5-6 Days
802211,5-6 Days
360470,5-6 Days
764051,5-6 Days
506006,5-6 Days
124412,5-6 Days
140307,5-6 Days
370210,5-6 Days
144101,5-6 Days
576122,5-6 Days
370155,5-6 Days
614601,5-6 Days
600015,5-6 Days
416552,5-6 Days
441122,5-6 Days
516213,5-6 Days
576217,5-6 Days
133103,5-6 Days
624215,5-6 Days
493331,5-6 Days
607202,5-6 Days
144623,5-6 Days
824201,5-6 Days
243204,5-6 Days
793121,5-6 Days
784162,5-6 Days
490012,5-6 Days
275307,5-6 Days
500055,5-6 Days
110096,5-6 Days
390016,5-6 Days
756055,5-6 Days
602027,5-6 Days
572103,5-6 Days
767023,5-6 Days
364150,5-6 Days
811302,5-6 Days
388307,5-6 Days
323307,5-6 Days
192210,5-6 Days
798611,5-6 Days
222109,5-6 Days
600048,5-6 Days
829134,5-6 Days
700129,5-6 Days
414505,5-6 Days
180001,5-6 Days
364230,5-6 Days
678544,5-6 Days
530021,5-6 Days
627436,5-6 Days
473551,5-6 Days
176066,5-6 Days
127027,5-6 Days
388370,5-6 Days
623207,5-6 Days
713324,5-6 Days
673323,5-6 Days
533221,5-6 Days
785700,5-6 Days
531026,5-6 Days
246419,5-6 Days
518218,5-6 Days
400029,5-6 Days
201204,5-6 Days
759124,5-6 Days
416110,5-6 Days
110087,5-6 Days
442307,5-6 Days
560056,5-6 Days
758029,5-6 Days
494551,5-6 Days
133201,5-6 Days
851203,5-6 Days
570009,5-6 Days
625525,5-6 Days
396006,5-6 Days
814142,5-6 Days
678006,5-6 Days
721662,5-6 Days
678598,5-6 Days
332712,5-6 Days
275301,5-6 Days
835210,5-6 Days
205265,5-6 Days
134109,5-6 Days
531114,5-6 Days
577591,5-6 Days
262721,5-6 Days
635128,5-6 Days
609502,5-6 Days
762106,5-6 Days
123103,5-6 Days
249204,5-6 Days
440020,5-6 Days
396521,5-6 Days
800004,5-6 Days
233302,5-6 Days
120001,5-6 Days
785008,5-6 Days
431121,5-6 Days
413508,5-6 Days
193223,5-6 Days
781372,5-6 Days
855102,5-6 Days
276203,5-6 Days
480888,5-6 Days
243501,5-6 Days
673573,5-6 Days
131402,5-6 Days
722179,5-6 Days
306102,5-6 Days
402205,5-6 Days
416607,5-6 Days
628213,5-6 Days
471111,5-6 Days
454345,5-6 Days
226031,5-6 Days
686636,5-6 Days
391115,5-6 Days
503174,5-6 Days
613702,5-6 Days
143422,5-6 Days
627654,5-6 Days
533251,5-6 Days
768112,5-6 Days
695601,5-6 Days
642105,5-6 Days
226020,5-6 Days
522001,5-6 Days
389150,5-6 Days
629177,5-6 Days
152003,5-6 Days
394241,5-6 Days
311021,5-6 Days
244926,5-6 Days
535524,5-6 Days
402125,5-6 Days
364145,5-6 Days
723132,5-6 Days
410206,5-6 Days
425120,5-6 Days
757085,5-6 Days
193108,5-6 Days
176071,5-6 Days
686023,5-6 Days
491221,5-6 Days
284124,5-6 Days
144216,5-6 Days
793115,5-6 Days
695502,5-6 Days
627424,5-6 Days
627120,5-6 Days
471803,5-6 Days
273001,5-6 Days
443106,5-6 Days
641037,5-6 Days
764006,5-6 Days
614906,5-6 Days
174032,5-6 Days
495003,5-6 Days
249122,5-6 Days
535527,5-6 Days
273200,5-6 Days
445207,5-6 Days
222203,5-6 Days
384165,5-6 Days
847226,5-6 Days
802155,5-6 Days
413406,5-6 Days
843014,5-6 Days
444609,5-6 Days
335502,5-6 Days
152107,5-6 Days
490027,5-6 Days
208007,5-6 Days
441117,5-6 Days
686035,5-6 Days
173215,5-6 Days
713173,5-6 Days
491111,5-6 Days
623525,5-6 Days
202282,5-6 Days
141126,5-6 Days
487110,5-6 Days
700056,5-6 Days
502247,5-6 Days
493222,5-6 Days
627719,5-6 Days
508234,5-6 Days
627861,5-6 Days
754109,5-6 Days
515511,5-6 Days
635654,5-6 Days
600052,5-6 Days
572122,5-6 Days
722207,5-6 Days
831017,5-6 Days
500361,5-6 Days
494221,5-6 Days
733101,5-6 Days
472010,5-6 Days
712123,5-6 Days
762002,5-6 Days
577114,5-6 Days
506168,5-6 Days
431003,5-6 Days
175019,5-6 Days
523156,5-6 Days
571110,5-6 Days
626182,5-6 Days
209504,5-6 Days
226000,5-6 Days
144702,5-6 Days
480997,5-6 Days
202390,5-6 Days
500091,5-6 Days
626111,5-6 Days
507115,5-6 Days
533464,5-6 Days
575016,5-6 Days
756115,5-6 Days
642120,5-6 Days
500660,5-6 Days
639116,5-6 Days
244921,5-6 Days
575002,5-6 Days
144024,5-6 Days
680323,5-6 Days
232104,5-6 Days
732210,5-6 Days
482050,5-6 Days
332032,5-6 Days
722166,5-6 Days
583134,5-6 Days
600125,5-6 Days
700009,5-6 Days
110010,5-6 Days
570011,5-6 Days
689699,5-6 Days
176029,5-6 Days
462041,5-6 Days
799103,5-6 Days
824143,5-6 Days
222138,5-6 Days
572119,5-6 Days
306303,5-6 Days
431806,5-6 Days
493195,5-6 Days
141304,5-6 Days
516005,5-6 Days
824129,5-6 Days
635301,5-6 Days
221405,5-6 Days
670601,5-6 Days
226303,5-6 Days
723104,5-6 Days
271831,5-6 Days
442204,5-6 Days
609313,5-6 Days
151002,5-6 Days
713125,5-6 Days
731220,5-6 Days
632503,5-6 Days
835225,5-6 Days
491002,5-6 Days
277211,5-6 Days
671121,5-6 Days
793006,5-6 Days
143102,5-6 Days
755061,5-6 Days
517563,5-6 Days
229010,5-6 Days
721516,5-6 Days
322021,5-6 Days
642112,5-6 Days
110122,5-6 Days
673580,5-6 Days
734105,5-6 Days
585431,5-6 Days
185153,5-6 Days
517125,5-6 Days
577202,5-6 Days
210428,5-6 Days
534102,5-6 Days
430007,5-6 Days
496220,5-6 Days
821309,5-6 Days
441221,5-6 Days
855106,5-6 Days
246483,5-6 Days
560052,5-6 Days
721127,5-6 Days
274502,5-6 Days
509228,5-6 Days
505101,5-6 Days
673571,5-6 Days
421507,5-6 Days
333043,5-6 Days
683562,5-6 Days
518543,5-6 Days
781315,5-6 Days
688523,5-6 Days
402203,5-6 Days
534328,5-6 Days
321633,5-6 Days
630303,5-6 Days
425409,5-6 Days
563115,5-6 Days
396240,5-6 Days
231313,5-6 Days
456007,5-6 Days
140417,5-6 Days
623709,5-6 Days
276137,5-6 Days
743290,5-6 Days
636811,5-6 Days
585413,5-6 Days
731129,5-6 Days
509334,5-6 Days
335528,5-6 Days
410520,5-6 Days
401202,5-6 Days
734102,5-6 Days
517291,5-6 Days
321412,5-6 Days
462008,5-6 Days
500017,5-6 Days
412401,5-6 Days
843134,5-6 Days
854102,5-6 Days
244245,5-6 Days
396055,5-6 Days
181224,5-6 Days
485778,5-6 Days
121003,5-6 Days
711114,5-6 Days
802123,5-6 Days
824112,5-6 Days
620020,5-6 Days
391240,5-6 Days
517391,5-6 Days
502256,5-6 Days
501141,5-6 Days
516001,5-6 Days
313601,5-6 Days
841235,5-6 Days
680016,5-6 Days
517426,5-6 Days
686520,5-6 Days
801303,5-6 Days
424108,5-6 Days
574104,5-6 Days
614208,5-6 Days
854119,5-6 Days
686576,5-6 Days
333042,5-6 Days
577502,5-6 Days
532218,5-6 Days
370640,5-6 Days
431110,5-6 Days
643207,5-6 Days
591211,5-6 Days
641038,5-6 Days
415412,5-6 Days
440104,5-6 Days
842004,5-6 Days
382115,5-6 Days
700042,5-6 Days
752108,5-6 Days
680310,5-6 Days
760009,5-6 Days
670303,5-6 Days
226026,5-6 Days
388205,5-6 Days
833220,5-6 Days
500008,5-6 Days
813222,5-6 Days
676320,5-6 Days
811317,5-6 Days
637001,5-6 Days
584115,5-6 Days
628621,5-6 Days
591315,5-6 Days
210105,5-6 Days
695561,5-6 Days
632014,5-6 Days
303009,5-6 Days
581209,5-6 Days
302018,5-6 Days
515411,5-6 Days
277302,5-6 Days
515306,5-6 Days
785635,5-6 Days
494441,5-6 Days
415501,5-6 Days
380028,5-6 Days
402207,5-6 Days
624616,5-6 Days
491107,5-6 Days
493445,5-6 Days
388225,5-6 Days
424001,5-6 Days
829144,5-6 Days
721148,5-6 Days
282002,5-6 Days
847225,5-6 Days
141109,5-6 Days
560100,5-6 Days
521322,5-6 Days
365660,5-6 Days
535547,5-6 Days
534237,5-6 Days
670358,5-6 Days
500090,5-6 Days
332401,5-6 Days
690572,5-6 Days
844504,5-6 Days
143419,5-6 Days
722139,5-6 Days
700019,5-6 Days
523304,5-6 Days
532291,5-6 Days
396360,5-6 Days
609114,5-6 Days
712146,5-6 Days
413301,5-6 Days
841245,5-6 Days
604207,5-6 Days
401304,5-6 Days
756181,5-6 Days
132046,5-6 Days
752061,5-6 Days
603319,5-6 Days
470337,5-6 Days
522008,5-6 Days
421305,5-6 Days
580009,5-6 Days
494114,5-6 Days
281401,5-6 Days
453112,5-6 Days
768234,5-6 Days
686556,5-6 Days
251002,5-6 Days
380050,5-6 Days
201020,5-6 Days
678622,5-6 Days
184104,5-6 Days
680570,5-6 Days
500110,5-6 Days
110015,5-6 Days
679586,5-6 Days
625217,5-6 Days
685515,5-6 Days
458883,5-6 Days
384355,5-6 Days
767024,5-6 Days
741122,5-6 Days
520004,5-6 Days
758035,5-6 Days
670741,5-6 Days
464881,5-6 Days
689502,5-6 Days
160032,5-6 Days
493663,5-6 Days
735222,5-6 Days
759147,5-6 Days
485004,5-6 Days
335705,5-6 Days
581440,5-6 Days
362275,5-6 Days
636109,5-6 Days
560079,5-6 Days
689621,5-6 Days
534320,5-6 Days
691015,5-6 Days
312613,5-6 Days
587319,5-6 Days
603210,5-6 Days
695033,5-6 Days
786012,5-6 Days
228155,5-6 Days
785102,5-6 Days
251309,5-6 Days
689501,5-6 Days
301413,5-6 Days
822115,5-6 Days
504292,5-6 Days
826002,5-6 Days
643101,5-6 Days
610103,5-6 Days
631203,5-6 Days
465223,5-6 Days
410509,5-6 Days
502281,5-6 Days
625521,5-6 Days
756081,5-6 Days
306116,5-6 Days
521163,5-6 Days
415116,5-6 Days
737137,5-6 Days
756100,5-6 Days
131022,5-6 Days
416222,5-6 Days
110074,5-6 Days
754201,5-6 Days
695585,5-6 Days
224132,5-6 Days
600055,5-6 Days
382015,5-6 Days
148000,5-6 Days
524101,5-6 Days
636455,5-6 Days
523279,5-6 Days
581333,5-6 Days
600030,5-6 Days
502324,5-6 Days
637404,5-6 Days
175130,5-6 Days
743356,5-6 Days
523253,5-6 Days
581140,5-6 Days
204210,5-6 Days
635701,5-6 Days
591281,5-6 Days
635112,5-6 Days
509110,5-6 Days
125033,5-6 Days
175024,5-6 Days
491001,5-6 Days
509136,5-6 Days
306502,5-6 Days
833106,5-6 Days
802157,5-6 Days
680021,5-6 Days
321642,5-6 Days
670706,5-6 Days
414501,5-6 Days
143101,5-6 Days
223222,5-6 Days
305025,5-6 Days
851214,5-6 Days
423502,5-6 Days
516215,5-6 Days
125054,5-6 Days
534230,5-6 Days
731133,5-6 Days
277307,5-6 Days
563147,5-6 Days
225002,5-6 Days
577422,5-6 Days
805141,5-6 Days
522412,5-6 Days
584120,5-6 Days
415703,5-6 Days
401210,5-6 Days
516355,5-6 Days
741176,5-6 Days
396175,5-6 Days
621701,5-6 Days
632513,5-6 Days
685554,5-6 Days
600024,5-6 Days
503201,5-6 Days
534268,5-6 Days
829132,5-6 Days
783382,5-6 Days
172115,5-6 Days
533216,5-6 Days
680672,5-6 Days
312617,5-6 Days
415730,5-6 Days
202001,5-6 Days
501111,5-6 Days
181101,5-6 Days
384120,5-6 Days
384421,5-6 Days
626126,5-6 Days
481885,5-6 Days
206248,5-6 Days
585229,5-6 Days
689107,5-6 Days
143414,5-6 Days
713403,5-6 Days
416001,5-6 Days
591119,5-6 Days
277208,5-6 Days
380054,5-6 Days
735135,5-6 Days
392221,5-6 Days
281123,5-6 Days
456002,5-6 Days
788167,5-6 Days
175103,5-6 Days
391111,5-6 Days
751018,5-6 Days
524223,5-6 Days
833213,5-6 Days
184204,5-6 Days
671532,5-6 Days
686542,5-6 Days
602106,5-6 Days
734101,5-6 Days
110119,5-6 Days
382427,5-6 Days
416137,5-6 Days
585353,5-6 Days
643226,5-6 Days
232101,5-6 Days
712202,5-6 Days
843113,5-6 Days
560096,5-6 Days
636301,5-6 Days
621101,5-6 Days
670304,5-6 Days
271855,5-6 Days
247342,5-6 Days
607303,5-6 Days
160038,5-6 Days
534281,5-6 Days
209859,5-6 Days
389322,5-6 Days
534176,5-6 Days
686668,5-6 Days
813231,5-6 Days
785018,5-6 Days
491771,5-6 Days
642144,5-6 Days
396170,5-6 Days
643215,5-6 Days
244303,5-6 Days
576234,5-6 Days
695120,5-6 Days
224216,5-6 Days
363630,5-6 Days
506350,5-6 Days
416407,5-6 Days
691571,5-6 Days
629195,5-6 Days
742182,5-6 Days
583228,5-6 Days
689614,5-6 Days
821110,5-6 Days
227208,5-6 Days
491332,5-6 Days
416134,5-6 Days
327604,5-6 Days
570028,5-6 Days
629704,5-6 Days
784175,5-6 Days
581335,5-6 Days
364130,5-6 Days
785647,5-6 Days
302040,5-6 Days
321408,5-6 Days
382043,5-6 Days
396223,5-6 Days
562129,5-6 Days
387550,5-6 Days
587314,5-6 Days
143103,5-6 Days
577181,5-6 Days
756118,5-6 Days
563117,5-6 Days
493773,5-6 Days
755039,5-6 Days
413250,5-6 Days
382610,5-6 Days
828204,5-6 Days
362235,5-6 Days
522325,5-6 Days
144631,5-6 Days
533460,5-6 Days
415620,5-6 Days
680657,5-6 Days
581148,5-6 Days
721515,5-6 Days
713166,5-6 Days
344044,5-6 Days
845522,5-6 Days
761207,5-6 Days
639002,5-6 Days
123502,5-6 Days
695573,5-6 Days
392015,5-6 Days
425513,5-6 Days
794103,5-6 Days
344012,5-6 Days
276403,5-6 Days
673104,5-6 Days
410201,5-6 Days
142029,5-6 Days
627862,5-6 Days
326022,5-6 Days
805112,5-6 Days
676522,5-6 Days
743411,5-6 Days
444907,5-6 Days
721143,5-6 Days
389360,5-6 Days
332044,5-6 Days
400025,5-6 Days
673661,5-6 Days
670644,5-6 Days
144626,5-6 Days
587311,5-6 Days
713121,5-6 Days
495112,5-6 Days
790106,5-6 Days
761136,5-6 Days
591243,5-6 Days
758036,5-6 Days
307801,5-6 Days
313003,5-6 Days
422502,5-6 Days
522324,5-6 Days
262540,5-6 Days
623503,5-6 Days
518512,5-6 Days
742103,5-6 Days
686040,5-6 Days
500024,5-6 Days
421401,5-6 Days
171011,5-6 Days
333034,5-6 Days
507101,5-6 Days
690560,5-6 Days
691548,5-6 Days
785016,5-6 Days
272141,5-6 Days
735223,5-6 Days
721455,5-6 Days
754003,5-6 Days
682502,5-6 Days
756048,5-6 Days
201313,5-6 Days
797116,5-6 Days
415407,5-6 Days
785113,5-6 Days
222105,5-6 Days
144102,5-6 Days
441701,5-6 Days
248005,5-6 Days
344022,5-6 Days
241504,5-6 Days
110084,5-6 Days
400042,5-6 Days
627433,5-6 Days
416519,5-6 Days
642206,5-6 Days
272192,5-6 Days
224168,5-6 Days
824233,5-6 Days
682501,5-6 Days
272189,5-6 Days
848518,5-6 Days
496001,5-6 Days
781027,5-6 Days
122110,5-6 Days
735133,5-6 Days
735227,5-6 Days
416550,5-6 Days
425421,5-6 Days
734313,5-6 Days
577221,5-6 Days
686595,5-6 Days
535125,5-6 Days
431212,5-6 Days
626531,5-6 Days
425423,5-6 Days
560022,5-6 Days
250515,5-6 Days
400073,5-6 Days
680614,5-6 Days
345033,5-6 Days
172106,5-6 Days
332718,5-6 Days
492010,5-6 Days
754203,5-6 Days
454446,5-6 Days
827016,5-6 Days
453446,5-6 Days
786126,5-6 Days
416626,5-6 Days
206245,5-6 Days
754018,5-6 Days
208039,5-6 Days
680521,5-6 Days
394540,5-6 Days
768039,5-6 Days
532216,5-6 Days
523224,5-6 Days
829104,5-6 Days
721421,5-6 Days
384565,5-6 Days
591314,5-6 Days
571418,5-6 Days
384110,5-6 Days
721448,5-6 Days
560040,5-6 Days
563131,5-6 Days
515870,5-6 Days
628905,5-6 Days
576111,5-6 Days
388716,5-6 Days
470664,5-6 Days
600086,5-6 Days
370165,5-6 Days
411054,5-6 Days
484446,5-6 Days
847222,5-6 Days
383246,5-6 Days
638054,5-6 Days
192122,5-6 Days
364530,5-6 Days
502293,5-6 Days
492017,5-6 Days
711302,5-6 Days
313201,5-6 Days
201015,5-6 Days
507001,5-6 Days
224152,5-6 Days
425501,5-6 Days
766031,5-6 Days
313604,5-6 Days
689671,5-6 Days
425422,5-6 Days
365001,5-6 Days
476224,5-6 Days
700097,5-6 Days
794102,5-6 Days
683503,5-6 Days
416615,5-6 Days
624714,5-6 Days
241502,5-6 Days
770001,5-6 Days
413001,5-6 Days
145003,5-6 Days
722171,5-6 Days
628906,5-6 Days
221404,5-6 Days
493778,5-6 Days
848116,5-6 Days
609111,5-6 Days
636203,5-6 Days
422604,5-6 Days
441304,5-6 Days
641017,5-6 Days
403716,5-6 Days
678762,5-6 Days
605005,5-6 Days
586216,5-6 Days
389355,5-6 Days
445301,5-6 Days
721445,5-6 Days
736170,5-6 Days
176051,5-6 Days
147203,5-6 Days
800007,5-6 Days
682310,5-6 Days
768219,5-6 Days
759103,5-6 Days
627753,5-6 Days
700146,5-6 Days
732102,5-6 Days
209311,5-6 Days
122022,5-6 Days
370425,5-6 Days
695037,5-6 Days
321634,5-6 Days
480000,5-6 Days
754222,5-6 Days
422207,5-6 Days
691518,5-6 Days
486006,5-6 Days
500177,5-6 Days
401101,5-6 Days
425114,5-6 Days
534235,5-6 Days
530026,5-6 Days
277405,5-6 Days
847411,5-6 Days
534444,5-6 Days
431148,5-6 Days
600050,5-6 Days
402110,5-6 Days
686605,5-6 Days
160054,5-6 Days
342029,5-6 Days
431520,5-6 Days
574328,5-6 Days
700152,5-6 Days
505474,5-6 Days
562106,5-6 Days
245207,5-6 Days
731218,5-6 Days
691512,5-6 Days
762107,5-6 Days
533503,5-6 Days
797005,5-6 Days
533226,5-6 Days
184121,5-6 Days
382160,5-6 Days
521182,5-6 Days
504110,5-6 Days
627108,5-6 Days
678546,5-6 Days
416138,5-6 Days
302033,5-6 Days
577571,5-6 Days
622005,5-6 Days
673503,5-6 Days
474009,5-6 Days
425308,5-6 Days
676525,5-6 Days
827010,5-6 Days
721147,5-6 Days
431741,5-6 Days
767033,5-6 Days
799012,5-6 Days
431525,5-6 Days
382855,5-6 Days
585314,5-6 Days
421032,5-6 Days
473445,5-6 Days
800018,5-6 Days
756003,5-6 Days
841424,5-6 Days
192305,5-6 Days
209863,5-6 Days
400048,5-6 Days
695587,5-6 Days
143010,5-6 Days
222139,5-6 Days
455339,5-6 Days
614209,5-6 Days
627151,5-6 Days
784104,5-6 Days
621121,5-6 Days
413227,5-6 Days
761112,5-6 Days
441606,5-6 Days
500043,5-6 Days
732211,5-6 Days
400054,5-6 Days
413703,5-6 Days
370435,5-6 Days
444607,5-6 Days
613003,5-6 Days
841316,5-6 Days
801301,5-6 Days
416322,5-6 Days
636809,5-6 Days
743247,5-6 Days
761201,5-6 Days
814133,5-6 Days
451770,5-6 Days
516101,5-6 Days
733144,5-6 Days
585428,5-6 Days
571604,5-6 Days
285251,5-6 Days
591234,5-6 Days
600046,5-6 Days
625605,5-6 Days
635106,5-6 Days
723145,5-6 Days
495559,5-6 Days
413613,5-6 Days
764086,5-6 Days
516502,5-6 Days
173225,5-6 Days
222149,5-6 Days
700134,5-6 Days
361315,5-6 Days
700040,5-6 Days
576214,5-6 Days
686608,5-6 Days
682301,5-6 Days
486450,5-6 Days
632508,5-6 Days
679313,5-6 Days
305921,5-6 Days
788711,5-6 Days
795126,5-6 Days
210208,5-6 Days
110069,5-6 Days
472111,5-6 Days
638108,5-6 Days
313341,5-6 Days
847428,5-6 Days
604307,5-6 Days
758030,5-6 Days
521111,5-6 Days
346005,5-6 Days
845453,5-6 Days
577168,5-6 Days
721625,5-6 Days
301101,5-6 Days
360005,5-6 Days
755016,5-6 Days
413103,5-6 Days
636008,5-6 Days
641108,5-6 Days
361240,5-6 Days
530040,5-6 Days
243403,5-6 Days
605602,5-6 Days
407001,5-6 Days
638454,5-6 Days
803113,5-6 Days
534101,5-6 Days
735234,5-6 Days
412409,5-6 Days
431210,5-6 Days
676541,5-6 Days
833221,5-6 Days
721501,5-6 Days
245208,5-6 Days
795101,5-6 Days
248003,5-6 Days
630556,5-6 Days
273404,5-6 Days
626203,5-6 Days
624212,5-6 Days
262525,5-6 Days
731221,5-6 Days
470880,5-6 Days
560031,5-6 Days
843147,5-6 Days
801307,5-6 Days
678682,5-6 Days
466120,5-6 Days
700130,5-6 Days
480661,5-6 Days
603112,5-6 Days
507103,5-6 Days
631027,5-6 Days
203129,5-6 Days
574144,5-6 Days
226024,5-6 Days
328030,5-6 Days
816106,5-6 Days
515413,5-6 Days
425301,5-6 Days
411052,5-6 Days
261135,5-6 Days
413307,5-6 Days
363007,5-6 Days
203150,5-6 Days
630558,5-6 Days
412109,5-6 Days
571253,5-6 Days
828308,5-6 Days
412403,5-6 Days
695563,5-6 Days
424206,5-6 Days
743166,5-6 Days
249404,5-6 Days
695019,5-6 Days
841233,5-6 Days
834006,5-6 Days
534265,5-6 Days
756116,5-6 Days
391450,5-6 Days
110039,5-6 Days
401602,5-6 Days
221507,5-6 Days
457441,5-6 Days
263142,5-6 Days
713129,5-6 Days
686574,5-6 Days
524303,5-6 Days
423213,5-6 Days
756163,5-6 Days
700118,5-6 Days
306105,5-6 Days
680698,5-6 Days
412107,5-6 Days
784148,5-6 Days
680516,5-6 Days
583116,5-6 Days
762028,5-6 Days
487555,5-6 Days
305204,5-6 Days
600070,5-6 Days
587313,5-6 Days
502329,5-6 Days
631402,5-6 Days
761008,5-6 Days
676303,5-6 Days
751019,5-6 Days
414006,5-6 Days
735219,5-6 Days
277303,5-6 Days
781003,5-6 Days
225203,5-6 Days
273201,5-6 Days
246125,5-6 Days
394655,5-6 Days
641033,5-6 Days
736121,5-6 Days
424308,5-6 Days
642140,5-6 Days
121000,5-6 Days
590010,5-6 Days
586245,5-6 Days
691536,5-6 Days
735238,5-6 Days
472337,5-6 Days
576114,5-6 Days
175021,5-6 Days
531011,5-6 Days
700070,5-6 Days
577598,5-6 Days
852125,5-6 Days
796012,5-6 Days
411055,5-6 Days
190017,5-6 Days
712501,5-6 Days
391310,5-6 Days
581348,5-6 Days
174321,5-6 Days
444806,5-6 Days
147204,5-6 Days
443302,5-6 Days
560098,5-6 Days
152131,5-6 Days
246746,5-6 Days
847404,5-6 Days
785669,5-6 Days
781365,5-6 Days
621106,5-6 Days
382743,5-6 Days
691543,5-6 Days
273164,5-6 Days
682027,5-6 Days
636138,5-6 Days
754002,5-6 Days
688528,5-6 Days
322029,5-6 Days
679563,5-6 Days
788713,5-6 Days
577401,5-6 Days
382850,5-6 Days
520040,5-6 Days
683579,5-6 Days
625704,5-6 Days
712308,5-6 Days
412404,5-6 Days
802164,5-6 Days
680670,5-6 Days
152004,5-6 Days
689520,5-6 Days
193403,5-6 Days
341518,5-6 Days
621713,5-6 Days
476228,5-6 Days
384011,5-6 Days
754239,5-6 Days
462030,5-6 Days
534244,5-6 Days
400055,5-6 Days
606904,5-6 Days
614901,5-6 Days
226006,5-6 Days
760004,5-6 Days
576218,5-6 Days
385340,5-6 Days
742170,5-6 Days
686008,5-6 Days
682035,5-6 Days
641110,5-6 Days
690567,5-6 Days
241503,5-6 Days
671212,5-6 Days
832301,5-6 Days
411018,5-6 Days
574146,5-6 Days
733216,5-6 Days
743502,5-6 Days
485772,5-6 Days
768005,5-6 Days
174311,5-6 Days
144203,5-6 Days
445202,5-6 Days
442002,5-6 Days
641301,5-6 Days
680568,5-6 Days
756022,5-6 Days
380001,5-6 Days
509337,5-6 Days
135004,5-6 Days
416408,5-6 Days
835221,5-6 Days
343024,5-6 Days
305007,5-6 Days
483442,5-6 Days
609105,5-6 Days
360024,5-6 Days
637215,5-6 Days
841416,5-6 Days
723128,5-6 Days
444704,5-6 Days
140001,5-6 Days
382140,5-6 Days
415643,5-6 Days
152117,5-6 Days
451556,5-6 Days
765018,5-6 Days
590007,5-6 Days
425135,5-6 Days
326001,5-6 Days
403730,5-6 Days
402209,5-6 Days
387411,5-6 Days
517130,5-6 Days
400061,5-6 Days
176302,5-6 Days
275303,5-6 Days
638505,5-6 Days
261201,5-6 Days
784189,5-6 Days
184120,5-6 Days
641050,5-6 Days
742134,5-6 Days
591229,5-6 Days
713304,5-6 Days
231223,5-6 Days
781327,5-6 Days
400046,5-6 Days
176021,5-6 Days
700083,5-6 Days
181203,5-6 Days
629183,5-6 Days
682020,5-6 Days
794004,5-6 Days
676511,5-6 Days
121001,5-6 Days
576257,5-6 Days
627952,5-6 Days
144629,5-6 Days
756046,5-6 Days
508111,5-6 Days
688525,5-6 Days
415311,5-6 Days
143112,5-6 Days
362030,5-6 Days
755044,5-6 Days
190008,5-6 Days
423117,5-6 Days
743123,5-6 Days
752116,5-6 Days
110102,5-6 Days
444510,5-6 Days
515601,5-6 Days
362276,5-6 Days
521369,5-6 Days
671313,5-6 Days
689509,5-6 Days
246765,5-6 Days
302023,5-6 Days
535525,5-6 Days
721302,5-6 Days
416810,5-6 Days
136131,5-6 Days
133002,5-6 Days
507114,5-6 Days
421605,5-6 Days
796190,5-6 Days
495680,5-6 Days
345021,5-6 Days
756047,5-6 Days
421103,5-6 Days
843361,5-6 Days
140308,5-6 Days
841417,5-6 Days
571251,5-6 Days
441225,5-6 Days
276143,5-6 Days
518390,5-6 Days
629158,5-6 Days
523116,5-6 Days
562300,5-6 Days
243127,5-6 Days
678011,5-6 Days
621112,5-6 Days
754211,5-6 Days
144417,5-6 Days
334604,5-6 Days
678003,5-6 Days
522508,5-6 Days
613503,5-6 Days
301023,5-6 Days
671350,5-6 Days
415513,5-6 Days
160102,5-6 Days
343029,5-6 Days
413248,5-6 Days
460110,5-6 Days
248145,5-6 Days
841406,5-6 Days
274602,5-6 Days
764069,5-6 Days
695121,5-6 Days
151204,5-6 Days
521456,5-6 Days
271128,5-6 Days
444107,5-6 Days
444508,5-6 Days
442707,5-6 Days
735232,5-6 Days
572224,5-6 Days
507161,5-6 Days
263646,5-6 Days
504219,5-6 Days
626123,5-6 Days
206001,5-6 Days
503246,5-6 Days
632207,5-6 Days
533253,5-6 Days
362620,5-6 Days
847121,5-6 Days
754111,5-6 Days
600026,5-6 Days
422210,5-6 Days
679323,5-6 Days
444106,5-6 Days
851130,5-6 Days
601103,5-6 Days
440016,5-6 Days
621710,5-6 Days
580007,5-6 Days
230204,5-6 Days
227120,5-6 Days
500070,5-6 Days
202123,5-6 Days
364210,5-6 Days
495444,5-6 Days
383310,5-6 Days
847230,5-6 Days
721158,5-6 Days
784149,5-6 Days
606706,5-6 Days
795149,5-6 Days
400062,5-6 Days
642110,5-6 Days
305811,5-6 Days
515787,5-6 Days
673648,5-6 Days
768228,5-6 Days
784525,5-6 Days
580031,5-6 Days
208017,5-6 Days
577444,5-6 Days
784154,5-6 Days
500409,5-6 Days
689573,5-6 Days
301025,5-6 Days
799156,5-6 Days
791121,5-6 Days
577433,5-6 Days
416419,5-6 Days
394630,5-6 Days
413410,5-6 Days
380015,5-6 Days
144208,5-6 Days
754200,5-6 Days
152025,5-6 Days
591509,5-6 Days
364750,5-6 Days
313701,5-6 Days
768017,5-6 Days
276129,5-6 Days
522413,5-6 Days
500050,5-6 Days
390022,5-6 Days
534201,5-6 Days
624208,5-6 Days
250602,5-6 Days
614621,5-6 Days
831005,5-6 Days
413601,5-6 Days
600008,5-6 Days
582113,5-6 Days
608601,5-6 Days
535579,5-6 Days
143525,5-6 Days
844114,5-6 Days
624009,5-6 Days
531113,5-6 Days
623704,5-6 Days
743212,5-6 Days
143529,5-6 Days
401604,5-6 Days
221308,5-6 Days
144204,5-6 Days
123413,5-6 Days
411013,5-6 Days
232111,5-6 Days
847214,5-6 Days
177210,5-6 Days
416010,5-6 Days
571475,5-6 Days
484220,5-6 Days
226203,5-6 Days
683556,5-6 Days
533401,5-6 Days
607805,5-6 Days
383220,5-6 Days
303601,5-6 Days
334401,5-6 Days
680583,5-6 Days
784004,5-6 Days
224121,5-6 Days
305924,5-6 Days
332407,5-6 Days
143520,5-6 Days
415711,5-6 Days
410213,5-6 Days
581318,5-6 Days
801304,5-6 Days
629851,5-6 Days
209308,5-6 Days
847452,5-6 Days
691537,5-6 Days
212202,5-6 Days
841423,5-6 Days
673582,5-6 Days
532211,5-6 Days
804418,5-6 Days
782441,5-6 Days
757075,5-6 Days
843332,5-6 Days
141204,5-6 Days
380003,5-6 Days
384175,5-6 Days
470120,5-6 Days
505404,5-6 Days
577003,5-6 Days
396002,5-6 Days
751016,5-6 Days
614404,5-6 Days
530013,5-6 Days
732203,5-6 Days
302017,5-6 Days
621303,5-6 Days
623532,5-6 Days
630107,5-6 Days
611102,5-6 Days
686609,5-6 Days
230135,5-6 Days
401206,5-6 Days
382465,5-6 Days
462040,5-6 Days
515465,5-6 Days
732208,5-6 Days
472445,5-6 Days
625705,5-6 Days
403115,5-6 Days
624802,5-6 Days
734006,5-6 Days
608801,5-6 Days
332706,5-6 Days
274307,5-6 Days
843146,5-6 Days
755017,5-6 Days
731249,5-6 Days
591319,5-6 Days
843165,5-6 Days
627427,5-6 Days
522503,5-6 Days
271214,5-6 Days
208019,5-6 Days
673019,5-6 Days
388520,5-6 Days
176125,5-6 Days
473335,5-6 Days
202413,5-6 Days
382775,5-6 Days
135001,5-6 Days
517541,5-6 Days
171004,5-6 Days
825405,5-6 Days
636004,5-6 Days
225126,5-6 Days
262805,5-6 Days
683525,5-6 Days
623005,5-6 Days
502287,5-6 Days
431111,5-6 Days
797004,5-6 Days
245402,5-6 Days
209721,5-6 Days
560011,5-6 Days
470118,5-6 Days
626204,5-6 Days
273307,5-6 Days
193103,5-6 Days
755010,5-6 Days
756060,5-6 Days
614301,5-6 Days
782412,5-6 Days
505532,5-6 Days
678018,5-6 Days
695310,5-6 Days
625106,5-6 Days
301702,5-6 Days
491557,5-6 Days
305009,5-6 Days
301417,5-6 Days
534425,5-6 Days
202128,5-6 Days
627114,5-6 Days
803102,5-6 Days
721423,5-6 Days
132041,5-6 Days
629303,5-6 Days
671310,5-6 Days
414002,5-6 Days
785013,5-6 Days
533222,5-6 Days
122010,5-6 Days
637017,5-6 Days
481882,5-6 Days
562161,5-6 Days
743270,5-6 Days
212204,5-6 Days
385120,5-6 Days
741515,5-6 Days
743391,5-6 Days
425312,5-6 Days
464220,5-6 Days
303803,5-6 Days
560013,5-6 Days
757048,5-6 Days
523261,5-6 Days
756083,5-6 Days
323001,5-6 Days
759018,5-6 Days
713337,5-6 Days
814117,5-6 Days
752065,5-6 Days
212108,5-6 Days
221116,5-6 Days
766020,5-6 Days
844139,5-6 Days
466119,5-6 Days
389350,5-6 Days
691585,5-6 Days
241406,5-6 Days
392135,5-6 Days
486889,5-6 Days
321417,5-6 Days
413309,5-6 Days
695564,5-6 Days
756168,5-6 Days
177301,5-6 Days
721153,5-6 Days
639136,5-6 Days
387310,5-6 Days
522236,5-6 Days
835305,5-6 Days
767038,5-6 Days
523252,5-6 Days
516349,5-6 Days
388052,5-6 Days
786183,5-6 Days
614401,5-6 Days
734122,5-6 Days
474012,5-6 Days
431515,5-6 Days
690501,5-6 Days
670632,5-6 Days
416145,5-6 Days
604409,5-6 Days
721201,5-6 Days
495663,5-6 Days
522035,5-6 Days
670645,5-6 Days
573134,5-6 Days
383240,5-6 Days
523225,5-6 Days
302025,5-6 Days
227413,5-6 Days
679522,5-6 Days
205261,5-6 Days
524302,5-6 Days
176309,5-6 Days
587315,5-6 Days
184152,5-6 Days
473331,5-6 Days
221005,5-6 Days
488442,5-6 Days
627853,5-6 Days
301714,5-6 Days
754102,5-6 Days
611117,5-6 Days
678506,5-6 Days
391421,5-6 Days
521108,5-6 Days
160057,5-6 Days
402206,5-6 Days
784510,5-6 Days
431743,5-6 Days
517297,5-6 Days
496665,5-6 Days
492109,5-6 Days
110080,5-6 Days
361325,5-6 Days
606707,5-6 Days
400030,5-6 Days
686549,5-6 Days
785610,5-6 Days
641003,5-6 Days
173220,5-6 Days
505407,5-6 Days
695570,5-6 Days
585311,5-6 Days
606003,5-6 Days
456440,5-6 Days
762110,5-6 Days
812008,5-6 Days
134119,5-6 Days
518511,5-6 Days
125056,5-6 Days
587202,5-6 Days
813123,5-6 Days
611109,5-6 Days
421603,5-6 Days
431010,5-6 Days
181133,5-6 Days
591246,5-6 Days
131023,5-6 Days
171002,5-6 Days
636101,5-6 Days
131301,5-6 Days
787059,5-6 Days
401608,5-6 Days
643216,5-6 Days
721440,5-6 Days
242123,5-6 Days
560046,5-6 Days
380029,5-6 Days
505209,5-6 Days
131028,5-6 Days
562125,5-6 Days
147201,5-6 Days
829201,5-6 Days
509102,5-6 Days
854301,5-6 Days
683550,5-6 Days
247661,5-6 Days
518348,5-6 Days
322213,5-6 Days
209209,5-6 Days
484887,5-6 Days
341013,5-6 Days
585224,5-6 Days
515871,5-6 Days
641011,5-6 Days
758082,5-6 Days
491337,5-6 Days
535591,5-6 Days
533410,5-6 Days
123029,5-6 Days
481441,5-6 Days
502306,5-6 Days
225406,5-6 Days
764005,5-6 Days
206128,5-6 Days
221210,5-6 Days
209821,5-6 Days
577302,5-6 Days
144403,5-6 Days
206122,5-6 Days
250645,5-6 Days
248015,5-6 Days
403403,5-6 Days
225402,5-6 Days
638316,5-6 Days
686512,5-6 Days
609003,5-6 Days
281308,5-6 Days
247776,5-6 Days
110079,5-6 Days
423207,5-6 Days
851220,5-6 Days
670332,5-6 Days
450003,5-6 Days
612704,5-6 Days
141127,5-6 Days
631703,5-6 Days
734011,5-6 Days
571607,5-6 Days
713343,5-6 Days
400052,5-6 Days
721422,5-6 Days
223102,5-6 Days
394120,5-6 Days
851211,5-6 Days
500073,5-6 Days
574225,5-6 Days
754220,5-6 Days
626136,5-6 Days
415506,5-6 Days
756120,5-6 Days
387560,5-6 Days
851201,5-6 Days
425110,5-6 Days
517582,5-6 Days
606803,5-6 Days
842001,5-6 Days
480998,5-6 Days
274202,5-6 Days
507182,5-6 Days
122003,5-6 Days
416209,5-6 Days
686532,5-6 Days
678600,5-6 Days
632059,5-6 Days
502300,5-6 Days
829116,5-6 Days
276125,5-6 Days
380026,5-6 Days
782103,5-6 Days
177113,5-6 Days
173002,5-6 Days
334802,5-6 Days
403405,5-6 Days
507111,5-6 Days
342006,5-6 Days
638053,5-6 Days
496116,5-6 Days
431709,5-6 Days
415001,5-6 Days
751005,5-6 Days
685511,5-6 Days
212650,5-6 Days
505129,5-6 Days
212404,5-6 Days
462027,5-6 Days
385540,5-6 Days
380012,5-6 Days
752062,5-6 Days
176308,5-6 Days
202140,5-6 Days
679121,5-6 Days
530048,5-6 Days
263152,5-6 Days
382110,5-6 Days
631561,5-6 Days
322023,5-6 Days
304503,5-6 Days
400007,5-6 Days
243402,5-6 Days
802122,5-6 Days
425305,5-6 Days
636702,5-6 Days
144501,5-6 Days
734311,5-6 Days
678631,5-6 Days
691545,5-6 Days
251318,5-6 Days
261202,5-6 Days
754004,5-6 Days
629178,5-6 Days
625004,5-6 Days
843322,5-6 Days
848155,5-6 Days
500074,5-6 Days
445204,5-6 Days
695043,5-6 Days
676502,5-6 Days
680662,5-6 Days
422213,5-6 Days
622204,5-6 Days
403710,5-6 Days
782104,5-6 Days
174036,5-6 Days
573214,5-6 Days
825314,5-6 Days
518452,5-6 Days
848211,5-6 Days
713406,5-6 Days
600032,5-6 Days
627435,5-6 Days
515213,5-6 Days
623708,5-6 Days
533264,5-6 Days
614302,5-6 Days
635121,5-6 Days
400615,5-6 Days
323801,5-6 Days
227406,5-6 Days
582111,5-6 Days
413114,5-6 Days
485111,5-6 Days
321605,5-6 Days
248115,5-6 Days
581330,5-6 Days
229412,5-6 Days
508257,5-6 Days
629174,5-6 Days
585372,5-6 Days
209305,5-6 Days
829127,5-6 Days
814147,5-6 Days
754133,5-6 Days
110027,5-6 Days
225405,5-6 Days
676505,5-6 Days
670571,5-6 Days
635752,5-6 Days
506324,5-6 Days
622411,5-6 Days
403728,5-6 Days
784025,5-6 Days
614017,5-6 Days
813224,5-6 Days
825418,5-6 Days
582115,5-6 Days
721305,5-6 Days
151214,5-6 Days
524224,5-6 Days
606601,5-6 Days
673007,5-6 Days
125039,5-6 Days
581108,5-6 Days
533016,5-6 Days
848202,5-6 Days
522310,5-6 Days
627821,5-6 Days
224201,5-6 Days
123001,5-6 Days
623115,5-6 Days
411002,5-6 Days
411020,5-6 Days
131403,5-6 Days
752118,5-6 Days
689682,5-6 Days
742102,5-6 Days
764058,5-6 Days
689508,5-6 Days
301410,5-6 Days
682307,5-6 Days
193301,5-6 Days
605011,5-6 Days
841220,5-6 Days
302015,5-6 Days
641027,5-6 Days
691319,5-6 Days
201106,5-6 Days
515662,5-6 Days
686123,5-6 Days
425113,5-6 Days
854206,5-6 Days
605012,5-6 Days
627855,5-6 Days
736133,5-6 Days
390015,5-6 Days
784179,5-6 Days
767071,5-6 Days
247451,5-6 Days
673623,5-6 Days
842009,5-6 Days
504308,5-6 Days
246441,5-6 Days
208009,5-6 Days
343040,5-6 Days
321610,5-6 Days
673613,5-6 Days
756084,5-6 Days
785694,5-6 Days
201301,5-6 Days
601208,5-6 Days
416306,5-6 Days
623707,5-6 Days
572219,5-6 Days
123031,5-6 Days
124203,5-6 Days
148023,5-6 Days
342014,5-6 Days
767030,5-6 Days
630205,5-6 Days
802113,5-6 Days
470117,5-6 Days
625125,5-6 Days
441609,5-6 Days
421604,5-6 Days
341517,5-6 Days
847202,5-6 Days
711227,5-6 Days
401402,5-6 Days
637411,5-6 Days
152115,5-6 Days
722155,5-6 Days
396472,5-6 Days
823000,5-6 Days
335803,5-6 Days
505455,5-6 Days
695568,5-6 Days
845455,5-6 Days
202421,5-6 Days
458895,5-6 Days
440035,5-6 Days
282008,5-6 Days
502310,5-6 Days
382025,5-6 Days
202132,5-6 Days
244225,5-6 Days
686012,5-6 Days
221011,5-6 Days
689121,5-6 Days
141106,5-6 Days
500035,5-6 Days
127040,5-6 Days
628702,5-6 Days
673614,5-6 Days
424309,5-6 Days
331503,5-6 Days
225123,5-6 Days
732148,5-6 Days
534272,5-6 Days
769003,5-6 Days
764071,5-6 Days
125047,5-6 Days
148008,5-6 Days
485005,5-6 Days
247120,5-6 Days
481102,5-6 Days
583117,5-6 Days
636104,5-6 Days
600130,5-6 Days
247775,5-6 Days
388470,5-6 Days
613501,5-6 Days
625011,5-6 Days
680509,5-6 Days
625566,5-6 Days
606805,5-6 Days
332711,5-6 Days
770019,5-6 Days
689602,5-6 Days
695002,5-6 Days
394163,5-6 Days
572126,5-6 Days
560007,5-6 Days
362215,5-6 Days
794001,5-6 Days
410218,5-6 Days
845457,5-6 Days
641024,5-6 Days
572108,5-6 Days
144405,5-6 Days
581336,5-6 Days
796082,5-6 Days
441913,5-6 Days
532406,5-6 Days
734224,5-6 Days
509336,5-6 Days
273407,5-6 Days
523001,5-6 Days
394130,5-6 Days
742213,5-6 Days
521330,5-6 Days
846008,5-6 Days
826015,5-6 Days
691625,5-6 Days
756113,5-6 Days
501512,5-6 Days
732123,5-6 Days
456010,5-6 Days
480441,5-6 Days
535202,5-6 Days
450006,5-6 Days
721222,5-6 Days
388330,5-6 Days
721629,5-6 Days
481661,5-6 Days
612601,5-6 Days
396035,5-6 Days
731213,5-6 Days
226103,5-6 Days
343021,5-6 Days
695133,5-6 Days
306101,5-6 Days
143149,5-6 Days
532459,5-6 Days
414601,5-6 Days
518124,5-6 Days
534302,5-6 Days
400028,5-6 Days
848122,5-6 Days
743379,5-6 Days
416106,5-6 Days
754105,5-6 Days
133008,5-6 Days
851225,5-6 Days
306708,5-6 Days
382220,5-6 Days
452006,5-6 Days
394345,5-6 Days
577544,5-6 Days
244927,5-6 Days
175125,5-6 Days
685606,5-6 Days
473002,5-6 Days
686518,5-6 Days
683516,5-6 Days
135101,5-6 Days
172027,5-6 Days
312203,5-6 Days
577519,5-6 Days
177044,5-6 Days
534435,5-6 Days
757036,5-6 Days
201014,5-6 Days
686005,5-6 Days
262552,5-6 Days
445305,5-6 Days
242021,5-6 Days
124513,5-6 Days
411058,5-6 Days
122016,5-6 Days
141801,5-6 Days
341509,5-6 Days
457336,5-6 Days
638011,5-6 Days
577157,5-6 Days
845106,5-6 Days
500022,5-6 Days
210121,5-6 Days
441807,5-6 Days
160009,5-6 Days
757034,5-6 Days
621718,5-6 Days
721632,5-6 Days
770040,5-6 Days
711107,5-6 Days
121106,5-6 Days
626102,5-6 Days
505187,5-6 Days
577450,5-6 Days
263652,5-6 Days
481331,5-6 Days
401701,5-6 Days
390005,5-6 Days
834009,5-6 Days
835302,5-6 Days
767027,5-6 Days
741138,5-6 Days
184203,5-6 Days
629852,5-6 Days
422601,5-6 Days
670307,5-6 Days
761052,5-6 Days
840001,5-6 Days
754293,5-6 Days
791118,5-6 Days
502316,5-6 Days
425448,5-6 Days
571402,5-6 Days
802314,5-6 Days
462006,5-6 Days
591181,5-6 Days
700030,5-6 Days
760001,5-6 Days
415414,5-6 Days
825303,5-6 Days
713159,5-6 Days
843350,5-6 Days
466002,5-6 Days
609112,5-6 Days
531027,5-6 Days
788720,5-6 Days
124108,5-6 Days
523201,5-6 Days
732143,5-6 Days
480884,5-6 Days
691524,5-6 Days
431805,5-6 Days
272155,5-6 Days
534215,5-6 Days
508001,5-6 Days
691017,5-6 Days
421006,5-6 Days
768045,5-6 Days
222108,5-6 Days
686630,5-6 Days
635205,5-6 Days
495455,5-6 Days
284303,5-6 Days
743601,5-6 Days
481111,5-6 Days
441801,5-6 Days
389151,5-6 Days
629197,5-6 Days
791120,5-6 Days
737128,5-6 Days
688534,5-6 Days
562119,5-6 Days
494223,5-6 Days
441809,5-6 Days
737131,5-6 Days
133021,5-6 Days
177208,5-6 Days
574154,5-6 Days
742166,5-6 Days
431540,5-6 Days
333045,5-6 Days
272148,5-6 Days
416702,5-6 Days
146001,5-6 Days
444504,5-6 Days
141006,5-6 Days
122002,5-6 Days
629170,5-6 Days
737133,5-6 Days
384460,5-6 Days
403529,5-6 Days
523332,5-6 Days
483880,5-6 Days
413581,5-6 Days
613301,5-6 Days
301042,5-6 Days
854326,5-6 Days
152021,5-6 Days
796017,5-6 Days
382130,5-6 Days
124505,5-6 Days
396180,5-6 Days
470051,5-6 Days
509152,5-6 Days
741121,5-6 Days
394245,5-6 Days
614405,5-6 Days
762020,5-6 Days
571608,5-6 Days
402106,5-6 Days
743312,5-6 Days
110007,5-6 Days
642002,5-6 Days
410222,5-6 Days
311805,5-6 Days
741319,5-6 Days
476337,5-6 Days
272204,5-6 Days
110605,5-6 Days
521250,5-6 Days
332311,5-6 Days
695504,5-6 Days
284121,5-6 Days
274406,5-6 Days
388150,5-6 Days
301701,5-6 Days
743244,5-6 Days
507164,5-6 Days
246130,5-6 Days
391430,5-6 Days
370020,5-6 Days
751054,5-6 Days
606604,5-6 Days
333022,5-6 Days
670633,5-6 Days
686560,5-6 Days
481668,5-6 Days
689504,5-6 Days
691310,5-6 Days
792105,5-6 Days
753295,5-6 Days
176312,5-6 Days
382424,5-6 Days
516270,5-6 Days
273014,5-6 Days
442402,5-6 Days
502345,5-6 Days
625008,5-6 Days
110043,5-6 Days
788701,5-6 Days
400707,5-6 Days
232336,5-6 Days
636111,5-6 Days
679561,5-6 Days
344708,5-6 Days
688586,5-6 Days
360020,5-6 Days
171007,5-6 Days
784115,5-6 Days
764036,5-6 Days
586242,5-6 Days
382350,5-6 Days
175104,5-6 Days
412104,5-6 Days
228121,5-6 Days
722181,5-6 Days
388590,5-6 Days
636905,5-6 Days
177043,5-6 Days
141102,5-6 Days
127028,5-6 Days
465691,5-6 Days
272124,5-6 Days
193411,5-6 Days
627604,5-6 Days
673505,5-6 Days
284403,5-6 Days
221713,5-6 Days
403702,5-6 Days
507126,5-6 Days
581329,5-6 Days
185156,5-6 Days
303801,5-6 Days
313327,5-6 Days
680608,5-6 Days
495452,5-6 Days
847213,5-6 Days
314402,5-6 Days
535270,5-6 Days
505401,5-6 Days
277001,5-6 Days
456664,5-6 Days
444501,5-6 Days
788832,5-6 Days
203205,5-6 Days
412312,5-6 Days
721504,5-6 Days
627451,5-6 Days
532456,5-6 Days
515631,5-6 Days
461444,5-6 Days
563132,5-6 Days
577419,5-6 Days
177023,5-6 Days
678721,5-6 Days
462001,5-6 Days
781328,5-6 Days
534467,5-6 Days
491009,5-6 Days
470661,5-6 Days
583114,5-6 Days
273405,5-6 Days
642001,5-6 Days
522341,5-6 Days
524366,5-6 Days
533234,5-6 Days
464001,5-6 Days
605401,5-6 Days
506329,5-6 Days
486776,5-6 Days
274182,5-6 Days
590013,5-6 Days
518301,5-6 Days
144006,5-6 Days
171213,5-6 Days
831001,5-6 Days
413108,5-6 Days
757056,5-6 Days
627251,5-6 Days
246736,5-6 Days
713364,5-6 Days
241301,5-6 Days
171219,5-6 Days
805124,5-6 Days
503112,5-6 Days
531019,5-6 Days
416801,5-6 Days
792111,5-6 Days
524228,5-6 Days
622004,5-6 Days
679580,5-6 Days
732212,5-6 Days
493562,5-6 Days
755020,5-6 Days
422105,5-6 Days
229303,5-6 Days
783303,5-6 Days
624706,5-6 Days
303307,5-6 Days
534207,5-6 Days
382840,5-6 Days
833202,5-6 Days
440005,5-6 Days
679337,5-6 Days
400207,5-6 Days
411100,5-6 Days
332411,5-6 Days
758075,5-6 Days
612203,5-6 Days
761216,5-6 Days
535580,5-6 Days
751021,5-6 Days
754285,5-6 Days
752016,5-6 Days
760008,5-6 Days
387630,5-6 Days
743700,5-6 Days
383345,5-6 Days
832104,5-6 Days
581203,5-6 Days
413716,5-6 Days
182301,5-6 Days
752059,5-6 Days
632114,5-6 Days
531022,5-6 Days
796181,5-6 Days
571134,5-6 Days
171303,5-6 Days
360585,5-6 Days
626716,5-6 Days
829121,5-6 Days
629154,5-6 Days
411019,5-6 Days
626105,5-6 Days
415727,5-6 Days
442104,5-6 Days
577542,5-6 Days
851112,5-6 Days
141118,5-6 Days
144033,5-6 Days
221706,5-6 Days
327608,5-6 Days
380051,5-6 Days
152123,5-6 Days
673013,5-6 Days
680752,5-6 Days
571301,5-6 Days
388265,5-6 Days
125042,5-6 Days
735207,5-6 Days
822113,5-6 Days
243637,5-6 Days
686687,5-6 Days
422003,5-6 Days
121103,5-6 Days
614206,5-6 Days
581362,5-6 Days
624206,5-6 Days
786610,5-6 Days
630207,5-6 Days
221012,5-6 Days
533218,5-6 Days
638512,5-6 Days
829103,5-6 Days
414402,5-6 Days
410210,5-6 Days
533308,5-6 Days
484881,5-6 Days
390010,5-6 Days
394248,5-6 Days
382042,5-6 Days
670339,5-6 Days
508201,5-6 Days
331303,5-6 Days
460330,5-6 Days
523247,5-6 Days
743262,5-6 Days
743701,5-6 Days
533447,5-6 Days
396210,5-6 Days
581354,5-6 Days
680591,5-6 Days
422005,5-6 Days
686502,5-6 Days
230202,5-6 Days
503120,5-6 Days
790104,5-6 Days
782403,5-6 Days
844115,5-6 Days
731304,5-6 Days
679583,5-6 Days
585419,5-6 Days
574142,5-6 Days
517587,5-6 Days
441215,5-6 Days
695134,5-6 Days
515144,5-6 Days
509223,5-6 Days
160041,5-6 Days
535280,5-6 Days
484660,5-6 Days
380049,5-6 Days
416422,5-6 Days
142028,5-6 Days
225207,5-6 Days
370160,5-6 Days
583223,5-6 Days
627413,5-6 Days
230134,5-6 Days
390023,5-6 Days
506381,5-6 Days
757041,5-6 Days
127201,5-6 Days
414709,5-6 Days
229205,5-6 Days
342020,5-6 Days
635104,5-6 Days
416201,5-6 Days
627759,5-6 Days
682302,5-6 Days
504106,5-6 Days
523187,5-6 Days
172108,5-6 Days
581165,5-6 Days
636403,5-6 Days
110022,5-6 Days
743435,5-6 Days
712712,5-6 Days
363435,5-6 Days
455336,5-6 Days
203397,5-6 Days
464651,5-6 Days
487001,5-6 Days
584126,5-6 Days
209869,5-6 Days
626141,5-6 Days
314403,5-6 Days
713131,5-6 Days
827002,5-6 Days
263134,5-6 Days
841503,5-6 Days
500031,5-6 Days
400038,5-6 Days
532220,5-6 Days
522264,5-6 Days
571302,5-6 Days
423601,5-6 Days
641602,5-6 Days
765025,5-6 Days
382028,5-6 Days
788026,5-6 Days
629251,5-6 Days
847311,5-6 Days
221714,5-6 Days
614723,5-6 Days
630321,5-6 Days
456221,5-6 Days
822112,5-6 Days
793111,5-6 Days
456550,5-6 Days
144010,5-6 Days
761126,5-6 Days
614806,5-6 Days
444511,5-6 Days
504311,5-6 Days
141012,5-6 Days
303502,5-6 Days
670708,5-6 Days
576219,5-6 Days
177109,5-6 Days
803218,5-6 Days
828124,5-6 Days
584119,5-6 Days
732216,5-6 Days
242405,5-6 Days
689644,5-6 Days
721518,5-6 Days
388132,5-6 Days
392140,5-6 Days
530019,5-6 Days
152122,5-6 Days
140203,5-6 Days
451221,5-6 Days
679311,5-6 Days
445206,5-6 Days
160104,5-6 Days
385110,5-6 Days
535214,5-6 Days
847201,5-6 Days
574323,5-6 Days
431509,5-6 Days
488050,5-6 Days
126101,5-6 Days
587312,5-6 Days
506301,5-6 Days
743223,5-6 Days
628003,5-6 Days
689666,5-6 Days
222101,5-6 Days
503224,5-6 Days
473112,5-6 Days
695557,5-6 Days
144406,5-6 Days
629706,5-6 Days
701101,5-6 Days
516127,5-6 Days
627416,5-6 Days
784529,5-6 Days
783347,5-6 Days
425417,5-6 Days
382460,5-6 Days
534330,5-6 Days
400218,5-6 Days
516319,5-6 Days
585442,5-6 Days
518464,5-6 Days
712502,5-6 Days
628001,5-6 Days
517589,5-6 Days
788102,5-6 Days
676521,5-6 Days
605651,5-6 Days
224205,5-6 Days
151213,5-6 Days
412112,5-6 Days
363650,5-6 Days
522421,5-6 Days
421302,5-6 Days
799279,5-6 Days
285123,5-6 Days
301607,5-6 Days
185212,5-6 Days
221004,5-6 Days
212623,5-6 Days
508217,5-6 Days
690521,5-6 Days
628401,5-6 Days
524129,5-6 Days
785696,5-6 Days
480112,5-6 Days
761127,5-6 Days
688524,5-6 Days
783389,5-6 Days
363631,5-6 Days
229103,5-6 Days
787052,5-6 Days
303804,5-6 Days
759132,5-6 Days
208012,5-6 Days
843313,5-6 Days
390017,5-6 Days
680712,5-6 Days
530014,5-6 Days
574117,5-6 Days
793122,5-6 Days
209501,5-6 Days
263002,5-6 Days
636456,5-6 Days
794108,5-6 Days
563129,5-6 Days
759135,5-6 Days
591235,5-6 Days
389140,5-6 Days
144511,5-6 Days
600129,5-6 Days
482002,5-6 Days
581305,5-6 Days
576112,5-6 Days
796471,5-6 Days
201008,5-6 Days
571219,5-6 Days
323603,5-6 Days
393133,5-6 Days
422304,5-6 Days
583284,5-6 Days
503145,5-6 Days
845318,5-6 Days
221304,5-6 Days
143535,5-6 Days
625018,5-6 Days
175136,5-6 Days
396433,5-6 Days
281001,5-6 Days
444202,5-6 Days
627761,5-6 Days
125051,5-6 Days
247671,5-6 Days
504103,5-6 Days
522050,5-6 Days
413310,5-6 Days
363641,5-6 Days
828127,5-6 Days
638504,5-6 Days
571315,5-6 Days
768115,5-6 Days
605003,5-6 Days
737111,5-6 Days
824235,5-6 Days
770052,5-6 Days
444312,5-6 Days
689672,5-6 Days
244717,5-6 Days
181121,5-6 Days
493211,5-6 Days
713342,5-6 Days
394325,5-6 Days
577224,5-6 Days
413530,5-6 Days
791110,5-6 Days
781377,5-6 Days
332313,5-6 Days
151003,5-6 Days
783335,5-6 Days
574118,5-6 Days
262576,5-6 Days
242042,5-6 Days
585212,5-6 Days
587128,5-6 Days
465679,5-6 Days
625535,5-6 Days
277123,5-6 Days
742159,5-6 Days
764074,5-6 Days
362220,5-6 Days
700008,5-6 Days
531118,5-6 Days
485447,5-6 Days
690526,5-6 Days
822125,5-6 Days
721628,5-6 Days
734401,5-6 Days
784146,5-6 Days
521104,5-6 Days
690568,5-6 Days
464337,5-6 Days
691502,5-6 Days
585321,5-6 Days
670611,5-6 Days
691529,5-6 Days
678002,5-6 Days
502305,5-6 Days
122502,5-6 Days
223221,5-6 Days
192201,5-6 Days
695574,5-6 Days
305012,5-6 Days
396060,5-6 Days
788121,5-6 Days
758087,5-6 Days
231218,5-6 Days
207123,5-6 Days
571214,5-6 Days
635105,5-6 Days
683541,5-6 Days
124514,5-6 Days
145025,5-6 Days
460553,5-6 Days
629602,5-6 Days
572114,5-6 Days
847103,5-6 Days
685537,5-6 Days
122228,5-6 Days
334602,5-6 Days
445102,5-6 Days
632516,5-6 Days
534462,5-6 Days
761212,5-6 Days
609103,5-6 Days
442308,5-6 Days
581396,5-6 Days
754034,5-6 Days
678020,5-6 Days
853202,5-6 Days
577001,5-6 Days
393002,5-6 Days
676317,5-6 Days
517292,5-6 Days
424004,5-6 Days
110008,5-6 Days
127035,5-6 Days
759106,5-6 Days
764045,5-6 Days
679523,5-6 Days
261301,5-6 Days
125050,5-6 Days
505480,5-6 Days
641407,5-6 Days
711104,5-6 Days
142033,5-6 Days
500010,5-6 Days
757049,5-6 Days
828125,5-6 Days
560032,5-6 Days
402306,5-6 Days
626201,5-6 Days
480449,5-6 Days
561203,5-6 Days
521286,5-6 Days
412304,5-6 Days
400708,5-6 Days
641202,5-6 Days
481449,5-6 Days
506170,5-6 Days
262554,5-6 Days
177038,5-6 Days
606213,5-6 Days
431206,5-6 Days
712514,5-6 Days
844501,5-6 Days
742162,5-6 Days
173223,5-6 Days
781102,5-6 Days
363002,5-6 Days
847307,5-6 Days
416524,5-6 Days
603304,5-6 Days
362240,5-6 Days
827003,5-6 Days
768203,5-6 Days
679505,5-6 Days
491223,5-6 Days
332602,5-6 Days
457775,5-6 Days
132001,5-6 Days
573225,5-6 Days
678651,5-6 Days
244713,5-6 Days
843107,5-6 Days
846005,5-6 Days
231307,5-6 Days
415537,5-6 Days
454774,5-6 Days
670650,5-6 Days
796008,5-6 Days
533263,5-6 Days
523265,5-6 Days
635126,5-6 Days
176317,5-6 Days
577558,5-6 Days
382455,5-6 Days
712615,5-6 Days
756125,5-6 Days
670105,5-6 Days
388360,5-6 Days
413737,5-6 Days
450119,5-6 Days
332410,5-6 Days
600104,5-6 Days
141103,5-6 Days
583278,5-6 Days
246424,5-6 Days
625501,5-6 Days
421999,5-6 Days
673525,5-6 Days
503144,5-6 Days
799250,5-6 Days
584143,5-6 Days
621729,5-6 Days
151502,5-6 Days
402403,5-6 Days
533406,5-6 Days
515551,5-6 Days
382018,5-6 Days
174030,5-6 Days
494665,5-6 Days
679307,5-6 Days
766002,5-6 Days
387320,5-6 Days
757082,5-6 Days
389120,5-6 Days
832106,5-6 Days
370002,5-6 Days
206131,5-6 Days
600078,5-6 Days
741166,5-6 Days
712152,5-6 Days
226019,5-6 Days
845411,5-6 Days
323602,5-6 Days
274508,5-6 Days
680524,5-6 Days
393004,5-6 Days
680052,5-6 Days
623538,5-6 Days
403526,5-6 Days
441914,5-6 Days
229310,5-6 Days
523109,5-6 Days
394220,5-6 Days
610206,5-6 Days
313031,5-6 Days
590020,5-6 Days
332406,5-6 Days
360006,5-6 Days
360510,5-6 Days
140102,5-6 Days
680503,5-6 Days
631204,5-6 Days
581207,5-6 Days
800017,5-6 Days
533240,5-6 Days
307029,5-6 Days
792102,5-6 Days
249161,5-6 Days
854335,5-6 Days
743396,5-6 Days
243124,5-6 Days
204216,5-6 Days
768212,5-6 Days
533462,5-6 Days
387002,5-6 Days
601206,5-6 Days
754230,5-6 Days
752024,5-6 Days
222110,5-6 Days
226004,5-6 Days
341514,5-6 Days
450881,5-6 Days
262524,5-6 Days
735137,5-6 Days
573141,5-6 Days
454331,5-6 Days
628105,5-6 Days
793151,5-6 Days
516106,5-6 Days
232325,5-6 Days
284401,5-6 Days
110603,5-6 Days
518422,5-6 Days
721450,5-6 Days
416516,5-6 Days
490013,5-6 Days
629171,5-6 Days
181204,5-6 Days
480110,5-6 Days
583153,5-6 Days
700144,5-6 Days
679578,5-6 Days
560071,5-6 Days
415706,5-6 Days
847227,5-6 Days
678013,5-6 Days
627107,5-6 Days
577411,5-6 Days
563122,5-6 Days
787026,5-6 Days
500484,5-6 Days
785663,5-6 Days
626134,5-6 Days
328001,5-6 Days
410202,5-6 Days
743127,5-6 Days
628214,5-6 Days
172025,5-6 Days
175052,5-6 Days
144401,5-6 Days
770031,5-6 Days
249410,5-6 Days
848142,5-6 Days
416437,5-6 Days
403005,5-6 Days
689611,5-6 Days
621311,5-6 Days
273207,5-6 Days
754021,5-6 Days
160019,5-6 Days
431721,5-6 Days
415509,5-6 Days
733246,5-6 Days
441208,5-6 Days
628201,5-6 Days
110077,5-6 Days
574219,5-6 Days
400090,5-6 Days
628952,5-6 Days
642103,5-6 Days
781381,5-6 Days
560062,5-6 Days
671552,5-6 Days
533340,5-6 Days
781343,5-6 Days
605752,5-6 Days
761119,5-6 Days
686568,5-6 Days
712301,5-6 Days
700073,5-6 Days
603108,5-6 Days
804417,5-6 Days
734426,5-6 Days
743347,5-6 Days
396195,5-6 Days
147007,5-6 Days
782001,5-6 Days
303005,5-6 Days
770024,5-6 Days
822111,5-6 Days
388540,5-6 Days
814144,5-6 Days
343030,5-6 Days
360325,5-6 Days
848203,5-6 Days
682004,5-6 Days
431716,5-6 Days
786602,5-6 Days
442706,5-6 Days
627755,5-6 Days
641665,5-6 Days
591219,5-6 Days
834004,5-6 Days
621313,5-6 Days
854113,5-6 Days
250004,5-6 Days
722154,5-6 Days
531201,5-6 Days
560067,5-6 Days
505505,5-6 Days
632011,5-6 Days
395018,5-6 Days
824101,5-6 Days
121107,5-6 Days
713365,5-6 Days
180010,5-6 Days
416608,5-6 Days
591301,5-6 Days
754101,5-6 Days
685561,5-6 Days
421205,5-6 Days
533007,5-6 Days
642104,5-6 Days
333310,5-6 Days
847425,5-6 Days
134201,5-6 Days
627118,5-6 Days
312601,5-6 Days
486338,5-6 Days
689703,5-6 Days
811104,5-6 Days
410205,5-6 Days
610107,5-6 Days
152026,5-6 Days
825336,5-6 Days
515863,5-6 Days
365620,5-6 Days
562149,5-6 Days
584136,5-6 Days
583279,5-6 Days
413226,5-6 Days
577531,5-6 Days
312615,5-6 Days
805108,5-6 Days
721131,5-6 Days
802213,5-6 Days
470335,5-6 Days
303703,5-6 Days
711106,5-6 Days
249403,5-6 Days
229301,5-6 Days
587116,5-6 Days
700059,5-6 Days
475005,5-6 Days
246455,5-6 Days
582209,5-6 Days
306022,5-6 Days
686516,5-6 Days
678019,5-6 Days
581324,5-6 Days
502311,5-6 Days
344024,5-6 Days
495442,5-6 Days
571477,5-6 Days
363655,5-6 Days
632006,5-6 Days
507201,5-6 Days
741508,5-6 Days
394110,5-6 Days
522502,5-6 Days
621703,5-6 Days
227814,5-6 Days
517507,5-6 Days
770076,5-6 Days
770023,5-6 Days
683520,5-6 Days
144039,5-6 Days
301703,5-6 Days
110606,5-6 Days
574113,5-6 Days
245411,5-6 Days
523334,5-6 Days
637410,5-6 Days
630610,5-6 Days
144513,5-6 Days
502319,5-6 Days
127312,5-6 Days
143503,5-6 Days
302020,5-6 Days
517504,5-6 Days
313904,5-6 Days
690525,5-6 Days
382712,5-6 Days
761101,5-6 Days
854334,5-6 Days
503219,5-6 Days
591117,5-6 Days
282010,5-6 Days
400605,5-6 Days
631205,5-6 Days
415302,5-6 Days
686691,5-6 Days
306705,5-6 Days
798623,5-6 Days
251315,5-6 Days
577144,5-6 Days
173022,5-6 Days
533307,5-6 Days
362256,5-6 Days
734225,5-6 Days
174026,5-6 Days
783125,5-6 Days
442919,5-6 Days
414001,5-6 Days
796081,5-6 Days
768018,5-6 Days
227302,5-6 Days
635810,5-6 Days
580022,5-6 Days
560077,5-6 Days
734427,5-6 Days
132037,5-6 Days
413580,5-6 Days
571811,5-6 Days
583113,5-6 Days
485081,5-6 Days
224143,5-6 Days
572101,5-6 Days
145023,5-6 Days
571436,5-6 Days
824210,5-6 Days
384215,5-6 Days
224153,5-6 Days
313204,5-6 Days
852101,5-6 Days
815303,5-6 Days
682304,5-6 Days
495685,5-6 Days
415529,5-6 Days
700051,5-6 Days
248116,5-6 Days
486115,5-6 Days
221602,5-6 Days
403603,5-6 Days
673102,5-6 Days
799205,5-6 Days
632506,5-6 Days
682008,5-6 Days
602002,5-6 Days
110609,5-6 Days
212218,5-6 Days
471318,5-6 Days
396466,5-6 Days
331305,5-6 Days
700098,5-6 Days
576223,5-6 Days
221310,5-6 Days
683578,5-6 Days
388710,5-6 Days
335041,5-6 Days
764052,5-6 Days
517236,5-6 Days
205142,5-6 Days
833203,5-6 Days
230302,5-6 Days
402112,5-6 Days
759107,5-6 Days
721145,5-6 Days
791103,5-6 Days
212657,5-6 Days
503124,5-6 Days
628306,5-6 Days
735221,5-6 Days
421307,5-6 Days
608304,5-6 Days
176045,5-6 Days
631301,5-6 Days
392161,5-6 Days
365421,5-6 Days
571186,5-6 Days
767060,5-6 Days
483222,5-6 Days
690532,5-6 Days
700031,5-6 Days
132054,5-6 Days
224189,5-6 Days
523263,5-6 Days
471625,5-6 Days
577219,5-6 Days
723213,5-6 Days
389160,5-6 Days
635901,5-6 Days
141301,5-6 Days
602025,5-6 Days
206129,5-6 Days
172103,5-6 Days
673635,5-6 Days
507202,5-6 Days
127309,5-6 Days
503188,5-6 Days
563113,5-6 Days
524201,5-6 Days
440026,5-6 Days
509105,5-6 Days
685609,5-6 Days
506356,5-6 Days
323614,5-6 Days
743297,5-6 Days
388715,5-6 Days
571129,5-6 Days
492112,5-6 Days
145101,5-6 Days
223223,5-6 Days
202523,5-6 Days
110121,5-6 Days
761213,5-6 Days
301418,5-6 Days
731104,5-6 Days
500030,5-6 Days
413308,5-6 Days
733132,5-6 Days
690529,5-6 Days
759001,5-6 Days
396530,5-6 Days
530032,5-6 Days
464334,5-6 Days
620027,5-6 Days
400701,5-6 Days
606112,5-6 Days
403501,5-6 Days
522020,5-6 Days
325602,5-6 Days
272193,5-6 Days
462033,5-6 Days
243638,5-6 Days
307020,5-6 Days
480331,5-6 Days
503175,5-6 Days
251201,5-6 Days
713368,5-6 Days
628203,5-6 Days
203394,5-6 Days
413002,5-6 Days
415108,5-6 Days
243504,5-6 Days
563127,5-6 Days
786171,5-6 Days
144819,5-6 Days
212128,5-6 Days
209306,5-6 Days
626154,5-6 Days
609304,5-6 Days
382333,5-6 Days
471311,5-6 Days
632102,5-6 Days
532213,5-6 Days
741196,5-6 Days
788163,5-6 Days
630214,5-6 Days
391340,5-6 Days
416510,5-6 Days
535273,5-6 Days
332316,5-6 Days
641009,5-6 Days
574325,5-6 Days
835202,5-6 Days
481665,5-6 Days
248195,5-6 Days
583132,5-6 Days
395003,5-6 Days
307026,5-6 Days
753015,5-6 Days
671315,5-6 Days
632001,5-6 Days
517351,5-6 Days
493661,5-6 Days
670143,5-6 Days
431126,5-6 Days
474007,5-6 Days
700091,5-6 Days
506332,5-6 Days
712410,5-6 Days
577518,5-6 Days
691301,5-6 Days
142025,5-6 Days
812009,5-6 Days
160021,5-6 Days
574243,5-6 Days
736168,5-6 Days
144021,5-6 Days
794111,5-6 Days
713405,5-6 Days
421303,5-6 Days
440008,5-6 Days
783315,5-6 Days
713430,5-6 Days
670745,5-6 Days
742147,5-6 Days
575011,5-6 Days
481998,5-6 Days
625302,5-6 Days
574223,5-6 Days
176028,5-6 Days
400092,5-6 Days
781015,5-6 Days
832103,5-6 Days
680619,5-6 Days
142053,5-6 Days
686577,5-6 Days
387315,5-6 Days
686582,5-6 Days
828402,5-6 Days
515751,5-6 Days
160060,5-6 Days
177025,5-6 Days
431105,5-6 Days
685538,5-6 Days
783393,5-6 Days
431602,5-6 Days
847305,5-6 Days
733140,5-6 Days
793150,5-6 Days
627007,5-6 Days
181201,5-6 Days
743164,5-6 Days
847303,5-6 Days
686013,5-6 Days
561211,5-6 Days
535523,5-6 Days
673541,5-6 Days
422109,5-6 Days
712708,5-6 Days
403604,5-6 Days
524301,5-6 Days
456335,5-6 Days
384340,5-6 Days
522022,5-6 Days
768221,5-6 Days
431116,5-6 Days
464884,5-6 Days
231310,5-6 Days
389154,5-6 Days
389382,5-6 Days
392020,5-6 Days
515722,5-6 Days
574116,5-6 Days
613007,5-6 Days
327032,5-6 Days
488058,5-6 Days
283103,5-6 Days
273306,5-6 Days
505184,5-6 Days
532407,5-6 Days
110509,5-6 Days
246738,5-6 Days
787023,5-6 Days
249407,5-6 Days
790003,5-6 Days
413007,5-6 Days
742131,5-6 Days
742157,5-6 Days
331701,5-6 Days
631502,5-6 Days
754210,5-6 Days
509324,5-6 Days
225408,5-6 Days
686536,5-6 Days
756030,5-6 Days
522329,5-6 Days
284201,5-6 Days
609501,5-6 Days
799262,5-6 Days
411008,5-6 Days
232339,5-6 Days
201314,5-6 Days
360583,5-6 Days
341551,5-6 Days
757015,5-6 Days
441501,5-6 Days
841224,5-6 Days
574504,5-6 Days
174306,5-6 Days
442905,5-6 Days
685566,5-6 Days
502294,5-6 Days
626113,5-6 Days
207003,5-6 Days
577521,5-6 Days
522663,5-6 Days
415526,5-6 Days
481880,5-6 Days
685506,5-6 Days
799253,5-6 Days
575017,5-6 Days
682007,5-6 Days
620012,5-6 Days
767025,5-6 Days
700132,5-6 Days
241305,5-6 Days
191112,5-6 Days
604304,5-6 Days
781137,5-6 Days
670641,5-6 Days
782138,5-6 Days
609603,5-6 Days
627713,5-6 Days
248122,5-6 Days
585317,5-6 Days
591216,5-6 Days
606304,5-6 Days
573103,5-6 Days
641601,5-6 Days
756182,5-6 Days
151401,5-6 Days
283204,5-6 Days
821114,5-6 Days
246147,5-6 Days
396165,5-6 Days
854338,5-6 Days
493113,5-6 Days
403531,5-6 Days
414401,5-6 Days
731236,5-6 Days
533437,5-6 Days
502249,5-6 Days
193122,5-6 Days
700140,5-6 Days
362037,5-6 Days
132114,5-6 Days
627901,5-6 Days
341319,5-6 Days
500006,5-6 Days
626177,5-6 Days
401403,5-6 Days
700018,5-6 Days
782413,5-6 Days
271122,5-6 Days
560075,5-6 Days
522309,5-6 Days
521324,5-6 Days
560012,5-6 Days
671128,5-6 Days
828107,5-6 Days
470002,5-6 Days
531023,5-6 Days
752106,5-6 Days
572129,5-6 Days
676302,5-6 Days
464114,5-6 Days
502257,5-6 Days
192303,5-6 Days
530017,5-6 Days
635305,5-6 Days
711413,5-6 Days
641401,5-6 Days
711301,5-6 Days
690506,5-6 Days
533450,5-6 Days
364485,5-6 Days
643005,5-6 Days
462010,5-6 Days
759023,5-6 Days
741315,5-6 Days
733145,5-6 Days
585367,5-6 Days
241407,5-6 Days
454335,5-6 Days
577204,5-6 Days
209868,5-6 Days
781024,5-6 Days
607001,5-6 Days
502285,5-6 Days
251311,5-6 Days
224149,5-6 Days
637207,5-6 Days
574210,5-6 Days
811106,5-6 Days
370205,5-6 Days
524126,5-6 Days
572128,5-6 Days
227015,5-6 Days
686667,5-6 Days
232116,5-6 Days
223101,5-6 Days
224230,5-6 Days
307028,5-6 Days
635113,5-6 Days
277506,5-6 Days
248126,5-6 Days
385575,5-6 Days
628718,5-6 Days
382440,5-6 Days
411406,5-6 Days
466221,5-6 Days
535521,5-6 Days
636805,5-6 Days
533435,5-6 Days
530022,5-6 Days
403503,5-6 Days
452007,5-6 Days
444003,5-6 Days
583231,5-6 Days
712139,5-6 Days
630004,5-6 Days
641036,5-6 Days
621120,5-6 Days
828102,5-6 Days
711316,5-6 Days
606751,5-6 Days
515004,5-6 Days
415628,5-6 Days
462029,5-6 Days
831012,5-6 Days
811213,5-6 Days
577447,5-6 Days
160049,5-6 Days
614201,5-6 Days
431517,5-6 Days
742000,5-6 Days
756085,5-6 Days
394155,5-6 Days
603048,5-6 Days
743287,5-6 Days
591247,5-6 Days
600093,5-6 Days
689592,5-6 Days
824116,5-6 Days
641044,5-6 Days
678591,5-6 Days
534006,5-6 Days
682000,5-6 Days
722172,5-6 Days
363623,5-6 Days
509207,5-6 Days
680654,5-6 Days
636906,5-6 Days
756079,5-6 Days
676551,5-6 Days
533433,5-6 Days
764047,5-6 Days
456776,5-6 Days
181143,5-6 Days
781382,5-6 Days
500082,5-6 Days
754290,5-6 Days
781306,5-6 Days
360060,5-6 Days
400089,5-6 Days
534449,5-6 Days
481001,5-6 Days
752101,5-6 Days
570007,5-6 Days
764043,5-6 Days
518323,5-6 Days
171209,5-6 Days
612001,5-6 Days
136026,5-6 Days
741201,5-6 Days
757091,5-6 Days
416405,5-6 Days
689627,5-6 Days
231215,5-6 Days
608001,5-6 Days
225001,5-6 Days
110120,5-6 Days
388210,5-6 Days
521301,5-6 Days
411037,5-6 Days
422209,5-6 Days
641668,5-6 Days
362255,5-6 Days
623308,5-6 Days
392150,5-6 Days
721663,5-6 Days
517350,5-6 Days
770072,5-6 Days
242308,5-6 Days
794105,5-6 Days
570004,5-6 Days
415301,5-6 Days
500267,5-6 Days
507003,5-6 Days
683511,5-6 Days
680588,5-6 Days
743268,5-6 Days
534447,5-6 Days
502331,5-6 Days
124112,5-6 Days
786624,5-6 Days
370110,5-6 Days
522013,5-6 Days
422615,5-6 Days
151211,5-6 Days
581186,5-6 Days
761015,5-6 Days
785670,5-6 Days
802119,5-6 Days
497226,5-6 Days
147005,5-6 Days
572134,5-6 Days
246128,5-6 Days
600001,5-6 Days
793107,5-6 Days
799264,5-6 Days
621004,5-6 Days
209407,5-6 Days
621301,5-6 Days
403203,5-6 Days
638506,5-6 Days
632318,5-6 Days
500058,5-6 Days
584113,5-6 Days
571443,5-6 Days
788030,5-6 Days
757037,5-6 Days
585444,5-6 Days
400603,5-6 Days
175018,5-6 Days
501507,5-6 Days
627117,5-6 Days
274001,5-6 Days
400114,5-6 Days
802311,5-6 Days
606002,5-6 Days
629180,5-6 Days
516110,5-6 Days
431531,5-6 Days
144630,5-6 Days
523117,5-6 Days
583154,5-6 Days
305008,5-6 Days
742224,5-6 Days
623706,5-6 Days
517004,5-6 Days
122217,5-6 Days
462012,5-6 Days
422008,5-6 Days
635601,5-6 Days
521325,5-6 Days
690540,5-6 Days
721150,5-6 Days
321414,5-6 Days
503218,5-6 Days
382711,5-6 Days
756114,5-6 Days
144515,5-6 Days
753051,5-6 Days
737126,5-6 Days
152032,5-6 Days
691602,5-6 Days
802313,5-6 Days
110068,5-6 Days
360040,5-6 Days
741505,5-6 Days
822124,5-6 Days
843323,5-6 Days
670673,5-6 Days
783369,5-6 Days
480107,5-6 Days
507167,5-6 Days
799006,5-6 Days
176056,5-6 Days
207401,5-6 Days
628714,5-6 Days
680666,5-6 Days
402105,5-6 Days
425524,5-6 Days
505186,5-6 Days
721102,5-6 Days
389155,5-6 Days
141107,5-6 Days
637503,5-6 Days
143093,5-6 Days
518123,5-6 Days
621851,5-6 Days
413606,5-6 Days
641045,5-6 Days
641039,5-6 Days
796014,5-6 Days
627765,5-6 Days
224138,5-6 Days
231311,5-6 Days
793014,5-6 Days
141123,5-6 Days
612101,5-6 Days
851139,5-6 Days
642102,5-6 Days
532421,5-6 Days
457003,5-6 Days
534202,5-6 Days
814119,5-6 Days
250611,5-6 Days
490009,5-6 Days
504201,5-6 Days
486884,5-6 Days
626121,5-6 Days
144013,5-6 Days
206241,5-6 Days
783345,5-6 Days
263136,5-6 Days
686036,5-6 Days
484113,5-6 Days
273412,5-6 Days
175101,5-6 Days
182142,5-6 Days
608306,5-6 Days
843326,5-6 Days
673318,5-6 Days
690557,5-6 Days
847107,5-6 Days
673638,5-6 Days
416006,5-6 Days
520007,5-6 Days
571250,5-6 Days
402117,5-6 Days
202280,5-6 Days
606806,5-6 Days
628205,5-6 Days
211010,5-6 Days
712206,5-6 Days
388235,5-6 Days
190018,5-6 Days
414305,5-6 Days
610109,5-6 Days
802156,5-6 Days
761146,5-6 Days
683543,5-6 Days
583203,5-6 Days
227405,5-6 Days
781121,5-6 Days
416205,5-6 Days
688552,5-6 Days
402301,5-6 Days
148028,5-6 Days
680585,5-6 Days
414606,5-6 Days
713381,5-6 Days
689623,5-6 Days
581129,5-6 Days
490003,5-6 Days
416130,5-6 Days
815305,5-6 Days
392210,5-6 Days
688582,5-6 Days
766105,5-6 Days
403723,5-6 Days
176213,5-6 Days
341011,5-6 Days
755031,5-6 Days
211001,5-6 Days
271207,5-6 Days
110078,5-6 Days
507211,5-6 Days
623603,5-6 Days
388345,5-6 Days
380023,5-6 Days
713169,5-6 Days
676318,5-6 Days
679105,5-6 Days
400032,5-6 Days
400082,5-6 Days
492005,5-6 Days
251316,5-6 Days
783124,5-6 Days
403508,5-6 Days
781012,5-6 Days
580026,5-6 Days
784522,5-6 Days
643224,5-6 Days
583126,5-6 Days
400004,5-6 Days
131407,5-6 Days
500078,5-6 Days
843360,5-6 Days
793119,5-6 Days
491668,5-6 Days
670702,5-6 Days
506105,5-6 Days
110503,5-6 Days
274703,5-6 Days
122052,5-6 Days
202142,5-6 Days
382732,5-6 Days
799204,5-6 Days
767039,5-6 Days
574162,5-6 Days
608701,5-6 Days
574236,5-6 Days
394516,5-6 Days
221306,5-6 Days
843119,5-6 Days
686600,5-6 Days
400072,5-6 Days
765001,5-6 Days
516108,5-6 Days
205125,5-6 Days
453220,5-6 Days
670330,5-6 Days
412204,5-6 Days
229216,5-6 Days
421503,5-6 Days
761030,5-6 Days
785699,5-6 Days
425427,5-6 Days
442203,5-6 Days
688567,5-6 Days
712302,5-6 Days
482010,5-6 Days
757102,5-6 Days
686686,5-6 Days
533249,5-6 Days
403703,5-6 Days
713357,5-6 Days
518344,5-6 Days
643242,5-6 Days
638151,5-6 Days
679552,5-6 Days
624621,5-6 Days
680028,5-6 Days
521110,5-6 Days
605803,5-6 Days
764038,5-6 Days
754022,5-6 Days
215126,5-6 Days
110003,5-6 Days
581338,5-6 Days
722202,5-6 Days
303511,5-6 Days
841238,5-6 Days
636014,5-6 Days
768030,5-6 Days
203208,5-6 Days
795008,5-6 Days
583285,5-6 Days
174034,5-6 Days
522616,5-6 Days
403507,5-6 Days
673616,5-6 Days
801108,5-6 Days
275102,5-6 Days
387340,5-6 Days
785014,5-6 Days
805123,5-6 Days
577175,5-6 Days
571320,5-6 Days
637204,5-6 Days
768216,5-6 Days
341027,5-6 Days
743330,5-6 Days
394307,5-6 Days
751009,5-6 Days
574105,5-6 Days
201018,5-6 Days
441502,5-6 Days
713384,5-6 Days
626501,5-6 Days
424307,5-6 Days
736176,5-6 Days
577111,5-6 Days
412802,5-6 Days
574214,5-6 Days
854329,5-6 Days
518594,5-6 Days
800011,5-6 Days
799114,5-6 Days
761135,5-6 Days
782143,5-6 Days
754011,5-6 Days
518510,5-6 Days
824232,5-6 Days
609605,5-6 Days
786192,5-6 Days
508222,5-6 Days
571154,5-6 Days
688521,5-6 Days
328023,5-6 Days
521162,5-6 Days
574158,5-6 Days
303012,5-6 Days
754229,5-6 Days
605754,5-6 Days
202138,5-6 Days
123023,5-6 Days
848511,5-6 Days
848501,5-6 Days
477335,5-6 Days
210209,5-6 Days
614711,5-6 Days
333011,5-6 Days
501501,5-6 Days
363310,5-6 Days
848103,5-6 Days
261506,5-6 Days
394652,5-6 Days
723202,5-6 Days
600023,5-6 Days
276404,5-6 Days
331402,5-6 Days
181207,5-6 Days
400610,5-6 Days
412115,5-6 Days
415505,5-6 Days
303901,5-6 Days
505326,5-6 Days
713151,5-6 Days
638458,5-6 Days
272171,5-6 Days
742404,5-6 Days
403410,5-6 Days
171204,5-6 Days
758014,5-6 Days
841427,5-6 Days
475115,5-6 Days
411026,5-6 Days
262802,5-6 Days
670309,5-6 Days
679335,5-6 Days
761018,5-6 Days
570032,5-6 Days
171304,5-6 Days
530030,5-6 Days
518467,5-6 Days
751006,5-6 Days
680308,5-6 Days
574222,5-6 Days
686537,5-6 Days
516312,5-6 Days
341025,5-6 Days
752121,5-6 Days
303105,5-6 Days
680684,5-6 Days
136119,5-6 Days
276204,5-6 Days
141205,5-6 Days
391442,5-6 Days
222104,5-6 Days
416235,5-6 Days
440029,5-6 Days
770032,5-6 Days
361003,5-6 Days
591308,5-6 Days
535250,5-6 Days
416425,5-6 Days
711409,5-6 Days
494337,5-6 Days
400108,5-6 Days
624612,5-6 Days
500037,5-6 Days
756121,5-6 Days
521130,5-6 Days
262522,5-6 Days
611002,5-6 Days
400703,5-6 Days
713170,5-6 Days
302055,5-6 Days
431152,5-6 Days
783321,5-6 Days
302030,5-6 Days
673517,5-6 Days
791122,5-6 Days
516464,5-6 Days
583281,5-6 Days
685532,5-6 Days
691541,5-6 Days
563116,5-6 Days
731202,5-6 Days
695032,5-6 Days
335704,5-6 Days
632103,5-6 Days
814103,5-6 Days
586202,5-6 Days
685582,5-6 Days
678689,5-6 Days
174005,5-6 Days
623514,5-6 Days
396310,5-6 Days
133101,5-6 Days
609203,5-6 Days
518533,5-6 Days
627112,5-6 Days
392035,5-6 Days
382433,5-6 Days
302036,5-6 Days
502280,5-6 Days
736205,5-6 Days
571423,5-6 Days
678556,5-6 Days
227125,5-6 Days
396440,5-6 Days
846004,5-6 Days
608602,5-6 Days
271308,5-6 Days
571119,5-6 Days
431719,5-6 Days
403722,5-6 Days
799269,5-6 Days
383355,5-6 Days
713358,5-6 Days
767046,5-6 Days
190006,5-6 Days
533213,5-6 Days
492018,5-6 Days
767034,5-6 Days
475686,5-6 Days
713144,5-6 Days
184102,5-6 Days
571109,5-6 Days
203398,5-6 Days
160015,5-6 Days
523157,5-6 Days
247341,5-6 Days
635602,5-6 Days
177046,5-6 Days
382715,5-6 Days
572168,5-6 Days
755019,5-6 Days
673122,5-6 Days
582222,5-6 Days
742190,5-6 Days
458002,5-6 Days
686144,5-6 Days
680668,5-6 Days
276124,5-6 Days
261001,5-6 Days
535594,5-6 Days
306601,5-6 Days
781304,5-6 Days
816103,5-6 Days
385566,5-6 Days
799008,5-6 Days
571605,5-6 Days
583268,5-6 Days
176403,5-6 Days
485551,5-6 Days
456337,5-6 Days
272182,5-6 Days
625110,5-6 Days
454334,5-6 Days
501301,5-6 Days
784178,5-6 Days
685510,5-6 Days
620019,5-6 Days
580002,5-6 Days
585215,5-6 Days
517421,5-6 Days
414103,5-6 Days
414703,5-6 Days
732205,5-6 Days
503307,5-6 Days
821316,5-6 Days
786004,5-6 Days
224155,5-6 Days
713103,5-6 Days
466446,5-6 Days
603301,5-6 Days
603318,5-6 Days
853201,5-6 Days
689510,5-6 Days
721152,5-6 Days
624304,5-6 Days
506142,5-6 Days
272150,5-6 Days
444201,5-6 Days
273158,5-6 Days
431202,5-6 Days
333028,5-6 Days
493889,5-6 Days
743293,5-6 Days
431725,5-6 Days
383430,5-6 Days
201021,5-6 Days
736208,5-6 Days
785668,5-6 Days
571103,5-6 Days
388245,5-6 Days
835232,5-6 Days
444301,5-6 Days
431513,5-6 Days
587114,5-6 Days
783332,5-6 Days
755008,5-6 Days
262201,5-6 Days
494002,5-6 Days
385570,5-6 Days
222125,5-6 Days
845424,5-6 Days
785003,5-6 Days
490022,5-6 Days
502251,5-6 Days
571474,5-6 Days
533220,5-6 Days
185203,5-6 Days
431507,5-6 Days
583202,5-6 Days
854340,5-6 Days
395017,5-6 Days
623103,5-6 Days
683565,5-6 Days
176001,5-6 Days
690550,5-6 Days
322230,5-6 Days
134116,5-6 Days
477105,5-6 Days
581401,5-6 Days
276301,5-6 Days
341510,5-6 Days
572221,5-6 Days
396560,5-6 Days
742138,5-6 Days
533105,5-6 Days
522408,5-6 Days
641019,5-6 Days
572121,5-6 Days
453556,5-6 Days
334403,5-6 Days
370410,5-6 Days
676102,5-6 Days
678008,5-6 Days
509128,5-6 Days
485661,5-6 Days
415502,5-6 Days
761131,5-6 Days
507117,5-6 Days
743132,5-6 Days
834001,5-6 Days
721428,5-6 Days
333302,5-6 Days
576216,5-6 Days
690524,5-6 Days
845104,5-6 Days
273411,5-6 Days
521157,5-6 Days
515122,5-6 Days
533291,5-6 Days
532214,5-6 Days
690565,5-6 Days
583103,5-6 Days
247666,5-6 Days
246193,5-6 Days
344704,5-6 Days
786174,5-6 Days
387115,5-6 Days
741173,5-6 Days
325223,5-6 Days
473101,5-6 Days
271803,5-6 Days
835304,5-6 Days
713375,5-6 Days
502221,5-6 Days
783381,5-6 Days
370405,5-6 Days
768101,5-6 Days
431101,5-6 Days
671314,5-6 Days
680671,5-6 Days
686513,5-6 Days
301408,5-6 Days
141015,5-6 Days
262531,5-6 Days
612301,5-6 Days
632313,5-6 Days
312404,5-6 Days
205120,5-6 Days
723216,5-6 Days
678547,5-6 Days
283119,5-6 Days
364140,5-6 Days
415612,5-6 Days
389210,5-6 Days
222103,5-6 Days
691305,5-6 Days
824205,5-6 Days
388110,5-6 Days
521215,5-6 Days
180002,5-6 Days
306115,5-6 Days
852212,5-6 Days
390019,5-6 Days
243203,5-6 Days
689597,5-6 Days
361160,5-6 Days
262803,5-6 Days
174003,5-6 Days
691604,5-6 Days
605766,5-6 Days
313206,5-6 Days
331020,5-6 Days
263143,5-6 Days
176025,5-6 Days
423211,5-6 Days
221406,5-6 Days
313605,5-6 Days
781130,5-6 Days
209841,5-6 Days
688512,5-6 Days
384315,5-6 Days
756017,5-6 Days
415518,5-6 Days
680545,5-6 Days
713359,5-6 Days
505122,5-6 Days
690515,5-6 Days
781348,5-6 Days
516218,5-6 Days
415515,5-6 Days
583237,5-6 Days
761002,5-6 Days
303119,5-6 Days
152126,5-6 Days
462101,5-6 Days
721605,5-6 Days
325219,5-6 Days
523328,5-6 Days
124508,5-6 Days
274003,5-6 Days
175102,5-6 Days
632311,5-6 Days
503305,5-6 Days
783391,5-6 Days
686017,5-6 Days
388260,5-6 Days
843142,5-6 Days
600089,5-6 Days
391165,5-6 Days
625516,5-6 Days
231304,5-6 Days
144046,5-6 Days
742165,5-6 Days
741252,5-6 Days
743401,5-6 Days
412209,5-6 Days
600058,5-6 Days
700100,5-6 Days
403802,5-6 Days
582114,5-6 Days
425431,5-6 Days
458556,5-6 Days
181122,5-6 Days
335525,5-6 Days
686632,5-6 Days
281205,5-6 Days
713370,5-6 Days
144001,5-6 Days
695044,5-6 Days
144211,5-6 Days
606807,5-6 Days
250002,5-6 Days
360150,5-6 Days
174011,5-6 Days
160079,5-6 Days
623211,5-6 Days
524314,5-6 Days
580001,5-6 Days
570010,5-6 Days
734431,5-6 Days
144533,5-6 Days
504220,5-6 Days
415608,5-6 Days
577128,5-6 Days
761016,5-6 Days
516227,5-6 Days
635103,5-6 Days
682039,5-6 Days
175030,5-6 Days
124406,5-6 Days
452001,5-6 Days
622306,5-6 Days
445401,5-6 Days
283207,5-6 Days
247453,5-6 Days
229212,5-6 Days
144620,5-6 Days
470227,5-6 Days
531219,5-6 Days
713205,5-6 Days
591125,5-6 Days
680587,5-6 Days
631212,5-6 Days
560099,5-6 Days
411004,5-6 Days
400102,5-6 Days
781350,5-6 Days
522212,5-6 Days
624303,5-6 Days
670104,5-6 Days
788126,5-6 Days
465661,5-6 Days
454448,5-6 Days
600022,5-6 Days
221715,5-6 Days
224141,5-6 Days
627423,5-6 Days
832304,5-6 Days
160018,5-6 Days
250105,5-6 Days
423203,5-6 Days
625706,5-6 Days
824230,5-6 Days
303908,5-6 Days
524341,5-6 Days
327007,5-6 Days
678683,5-6 Days
400045,5-6 Days
852109,5-6 Days
277219,5-6 Days
605652,5-6 Days
143107,5-6 Days
591212,5-6 Days
201316,5-6 Days
410403,5-6 Days
784028,5-6 Days
781032,5-6 Days
620002,5-6 Days
444707,5-6 Days
688530,5-6 Days
486005,5-6 Days
781126,5-6 Days
457551,5-6 Days
636701,5-6 Days
400609,5-6 Days
587154,5-6 Days
522608,5-6 Days
623713,5-6 Days
788802,5-6 Days
603111,5-6 Days
600057,5-6 Days
248142,5-6 Days
781013,5-6 Days
341528,5-6 Days
691535,5-6 Days
231306,5-6 Days
263151,5-6 Days
700112,5-6 Days
522501,5-6 Days
416105,5-6 Days
141008,5-6 Days
638006,5-6 Days
283151,5-6 Days
523113,5-6 Days
305629,5-6 Days
473115,5-6 Days
148026,5-6 Days
411501,5-6 Days
424101,5-6 Days
571435,5-6 Days
204214,5-6 Days
624620,5-6 Days
700064,5-6 Days
400095,5-6 Days
515701,5-6 Days
680311,5-6 Days
741249,5-6 Days
586118,5-6 Days
176303,5-6 Days
475682,5-6 Days
759144,5-6 Days
584202,5-6 Days
493895,5-6 Days
462019,5-6 Days
303121,5-6 Days
758037,5-6 Days
504302,5-6 Days
192221,5-6 Days
207249,5-6 Days
457118,5-6 Days
755004,5-6 Days
679336,5-6 Days
507318,5-6 Days
191131,5-6 Days
461445,5-6 Days
625503,5-6 Days
683110,5-6 Days
491331,5-6 Days
305022,5-6 Days
621205,5-6 Days
143412,5-6 Days
500009,5-6 Days
524121,5-6 Days
413205,5-6 Days
361250,5-6 Days
422611,5-6 Days
473287,5-6 Days
171220,5-6 Days
248006,5-6 Days
363440,5-6 Days
229125,5-6 Days
573162,5-6 Days
271401,5-6 Days
500659,5-6 Days
395009,5-6 Days
562131,5-6 Days
282004,5-6 Days
500018,5-6 Days
782448,5-6 Days
505425,5-6 Days
473880,5-6 Days
737135,5-6 Days
518466,5-6 Days
413510,5-6 Days
305202,5-6 Days
444108,5-6 Days
533242,5-6 Days
796431,5-6 Days
843141,5-6 Days
228133,5-6 Days
262544,5-6 Days
788722,5-6 Days
689115,5-6 Days
400051,5-6 Days
524347,5-6 Days
689123,5-6 Days
171207,5-6 Days
176062,5-6 Days
741509,5-6 Days
577133,5-6 Days
523002,5-6 Days
691014,5-6 Days
456443,5-6 Days
334000,5-6 Days
743426,5-6 Days
176502,5-6 Days
523184,5-6 Days
500054,5-6 Days
743295,5-6 Days
639103,5-6 Days
431504,5-6 Days
202389,5-6 Days
400063,5-6 Days
175035,5-6 Days
176098,5-6 Days
361306,5-6 Days
560070,5-6 Days
756131,5-6 Days
712304,5-6 Days
801505,5-6 Days
831010,5-6 Days
686555,5-6 Days
768027,5-6 Days
533429,5-6 Days
734317,5-6 Days
127041,5-6 Days
202145,5-6 Days
572112,5-6 Days
393125,5-6 Days
781135,5-6 Days
670111,5-6 Days
627360,5-6 Days
585306,5-6 Days
471515,5-6 Days
174101,5-6 Days
209731,5-6 Days
271311,5-6 Days
250502,5-6 Days
626008,5-6 Days
577536,5-6 Days
788815,5-6 Days
487225,5-6 Days
516309,5-6 Days
508254,5-6 Days
680571,5-6 Days
607401,5-6 Days
503122,5-6 Days
110604,5-6 Days
444601,5-6 Days
251320,5-6 Days
582217,5-6 Days
622102,5-6 Days
211005,5-6 Days
828311,5-6 Days
247551,5-6 Days
614402,5-6 Days
501502,5-6 Days
502273,5-6 Days
305415,5-6 Days
604303,5-6 Days
734010,5-6 Days
576127,5-6 Days
562132,5-6 Days
623401,5-6 Days
828133,5-6 Days
591214,5-6 Days
517237,5-6 Days
304505,5-6 Days
621715,5-6 Days
721633,5-6 Days
571342,5-6 Days
743145,5-6 Days
321603,5-6 Days
742401,5-6 Days
713516,5-6 Days
133005,5-6 Days
834007,5-6 Days
423302,5-6 Days
636703,5-6 Days
841301,5-6 Days
785649,5-6 Days
576228,5-6 Days
490002,5-6 Days
622207,5-6 Days
721168,5-6 Days
517583,5-6 Days
506104,5-6 Days
522009,5-6 Days
679537,5-6 Days
444726,5-6 Days
312207,5-6 Days
581317,5-6 Days
711205,5-6 Days
792104,5-6 Days
283142,5-6 Days
534003,5-6 Days
177039,5-6 Days
224181,5-6 Days
843126,5-6 Days
691300,5-6 Days
450114,5-6 Days
796015,5-6 Days
475673,5-6 Days
804427,5-6 Days
632201,5-6 Days
680565,5-6 Days
576230,5-6 Days
306701,5-6 Days
517644,5-6 Days
783121,5-6 Days
524236,5-6 Days
323023,5-6 Days
766101,5-6 Days
322234,5-6 Days
821109,5-6 Days
621219,5-6 Days
821305,5-6 Days
144531,5-6 Days
624705,5-6 Days
305812,5-6 Days
585283,5-6 Days
474004,5-6 Days
335065,5-6 Days
416541,5-6 Days
515311,5-6 Days
228001,5-6 Days
431717,5-6 Days
686552,5-6 Days
393003,5-6 Days
488441,5-6 Days
626213,5-6 Days
788001,5-6 Days
824218,5-6 Days
382710,5-6 Days
272164,5-6 Days
682010,5-6 Days
767017,5-6 Days
505327,5-6 Days
460551,5-6 Days
700071,5-6 Days
670013,5-6 Days
227132,5-6 Days
209115,5-6 Days
581453,5-6 Days
148038,5-6 Days
207124,5-6 Days
742174,5-6 Days
627807,5-6 Days
577573,5-6 Days
835209,5-6 Days
505402,5-6 Days
177110,5-6 Days
523205,5-6 Days
788112,5-6 Days
736180,5-6 Days
331026,5-6 Days
191123,5-6 Days
734104,5-6 Days
713376,5-6 Days
854336,5-6 Days
140501,5-6 Days
246444,5-6 Days
246737,5-6 Days
787033,5-6 Days
638106,5-6 Days
134101,5-6 Days
388275,5-6 Days
621307,5-6 Days
600037,5-6 Days
689550,5-6 Days
690546,5-6 Days
389320,5-6 Days
575019,5-6 Days
207001,5-6 Days
518010,5-6 Days
521226,5-6 Days
415209,5-6 Days
160005,5-6 Days
143605,5-6 Days
110098,5-6 Days
756117,5-6 Days
311025,5-6 Days
577218,5-6 Days
205145,5-6 Days
752032,5-6 Days
530015,5-6 Days
768048,5-6 Days
761042,5-6 Days
531030,5-6 Days
224182,5-6 Days
577431,5-6 Days
431707,5-6 Days
606708,5-6 Days
621702,5-6 Days
502248,5-6 Days
678532,5-6 Days
361110,5-6 Days
249405,5-6 Days
364320,5-6 Days
201012,5-6 Days
680510,5-6 Days
623502,5-6 Days
362565,5-6 Days
494004,5-6 Days
691587,5-6 Days
629173,5-6 Days
606204,5-6 Days
262903,5-6 Days
401301,5-6 Days
600002,5-6 Days
505453,5-6 Days
695315,5-6 Days
791101,5-6 Days
743422,5-6 Days
770036,5-6 Days
713207,5-6 Days
713143,5-6 Days
788114,5-6 Days
412309,5-6 Days
673529,5-6 Days
522233,5-6 Days
413003,5-6 Days
531055,5-6 Days
577539,5-6 Days
743376,5-6 Days
246473,5-6 Days
413005,5-6 Days
508376,5-6 Days
700145,5-6 Days
690531,5-6 Days
143105,5-6 Days
535002,5-6 Days
691321,5-6 Days
517003,5-6 Days
508244,5-6 Days
444602,5-6 Days
811102,5-6 Days
517194,5-6 Days
691572,5-6 Days
501106,5-6 Days
172024,5-6 Days
741246,5-6 Days
625602,5-6 Days
226301,5-6 Days
441902,5-6 Days
826001,5-6 Days
577129,5-6 Days
273012,5-6 Days
362571,5-6 Days
628008,5-6 Days
246194,5-6 Days
787110,5-6 Days
394230,5-6 Days
673575,5-6 Days
609107,5-6 Days
531145,5-6 Days
533248,5-6 Days
431200,5-6 Days
480880,5-6 Days
515331,5-6 Days
322033,5-6 Days
523135,5-6 Days
413605,5-6 Days
721647,5-6 Days
250625,5-6 Days
332719,5-6 Days
225120,5-6 Days
517152,5-6 Days
413704,5-6 Days
792129,5-6 Days
321609,5-6 Days
627701,5-6 Days
713217,5-6 Days
332746,5-6 Days
224145,5-6 Days
679339,5-6 Days
403206,5-6 Days
845417,5-6 Days
143402,5-6 Days
224171,5-6 Days
762101,5-6 Days
516356,5-6 Days
678103,5-6 Days
303338,5-6 Days
796005,5-6 Days
629806,5-6 Days
392005,5-6 Days
679330,5-6 Days
271002,5-6 Days
758038,5-6 Days
110401,5-6 Days
686534,5-6 Days
680711,5-6 Days
680600,5-6 Days
191102,5-6 Days
784514,5-6 Days
440033,5-6 Days
844123,5-6 Days
680314,5-6 Days
782105,5-6 Days
250102,5-6 Days
680562,5-6 Days
502286,5-6 Days
712408,5-6 Days
637415,5-6 Days
824219,5-6 Days
122231,5-6 Days
271881,5-6 Days
249193,5-6 Days
230137,5-6 Days
802112,5-6 Days
786181,5-6 Days
841436,5-6 Days
173004,5-6 Days
786612,5-6 Days
505504,5-6 Days
754153,5-6 Days
312602,5-6 Days
625514,5-6 Days
622407,5-6 Days
628202,5-6 Days
493558,5-6 Days
122226,5-6 Days
231302,5-6 Days
768222,5-6 Days
388440,5-6 Days
110504,5-6 Days
305401,5-6 Days
625102,5-6 Days
623520,5-6 Days
606303,5-6 Days
444900,5-6 Days
389115,5-6 Days
495687,5-6 Days
700048,5-6 Days
713301,5-6 Days
272163,5-6 Days
591223,5-6 Days
670721,5-6 Days
394680,5-6 Days
506007,5-6 Days
755023,5-6 Days
844128,5-6 Days
244501,5-6 Days
160066,5-6 Days
630551,5-6 Days
422308,5-6 Days
624202,5-6 Days
689642,5-6 Days
828301,5-6 Days
515002,5-6 Days
311028,5-6 Days
110075,5-6 Days
577599,5-6 Days
225131,5-6 Days
403523,5-6 Days
560108,5-6 Days
462066,5-6 Days
580213,5-6 Days
742175,5-6 Days
623109,5-6 Days
515405,5-6 Days
793200,5-6 Days
788013,5-6 Days
516128,5-6 Days
122103,5-6 Days
171006,5-6 Days
209738,5-6 Days
695141,5-6 Days
742164,5-6 Days
431510,5-6 Days
641064,5-6 Days
757024,5-6 Days
605103,5-6 Days
445322,5-6 Days
845413,5-6 Days
424209,5-6 Days
757026,5-6 Days
412308,5-6 Days
521228,5-6 Days
225301,5-6 Days
248141,5-6 Days
284404,5-6 Days
721427,5-6 Days
402102,5-6 Days
172030,5-6 Days
623712,5-6 Days
441910,5-6 Days
734002,5-6 Days
441909,5-6 Days
205264,5-6 Days
757047,5-6 Days
641010,5-6 Days
614602,5-6 Days
582102,5-6 Days
761007,5-6 Days
384310,5-6 Days
202146,5-6 Days
210434,5-6 Days
563146,5-6 Days
786154,5-6 Days
341028,5-6 Days
733149,5-6 Days
360023,5-6 Days
473249,5-6 Days
486004,5-6 Days
605008,5-6 Days
781010,5-6 Days
643202,5-6 Days
522437,5-6 Days
524322,5-6 Days
788702,5-6 Days
212631,5-6 Days
638051,5-6 Days
829135,5-6 Days
627651,5-6 Days
534456,5-6 Days
581358,5-6 Days
629304,5-6 Days
591240,5-6 Days
416606,5-6 Days
524343,5-6 Days
851206,5-6 Days
380011,5-6 Days
636457,5-6 Days
781033,5-6 Days
631101,5-6 Days
247777,5-6 Days
518155,5-6 Days
245409,5-6 Days
688008,5-6 Days
283126,5-6 Days
610205,5-6 Days
416544,5-6 Days
382340,5-6 Days
609504,5-6 Days
632326,5-6 Days
784506,5-6 Days
641062,5-6 Days
782435,5-6 Days
577548,5-6 Days
385560,5-6 Days
321616,5-6 Days
534124,5-6 Days
304803,5-6 Days
134001,5-6 Days
600043,5-6 Days
176223,5-6 Days
764021,5-6 Days
761026,5-6 Days
140133,5-6 Days
799105,5-6 Days
560045,5-6 Days
144034,5-6 Days
793210,5-6 Days
504107,5-6 Days
679575,5-6 Days
431204,5-6 Days
262122,5-6 Days
517002,5-6 Days
360577,5-6 Days
362265,5-6 Days
800020,5-6 Days
495118,5-6 Days
721464,5-6 Days
392001,5-6 Days
533233,5-6 Days
201009,5-6 Days
249124,5-6 Days
175046,5-6 Days
532219,5-6 Days
263150,5-6 Days
144532,5-6 Days
482053,5-6 Days
854339,5-6 Days
636904,5-6 Days
413714,5-6 Days
683522,5-6 Days
803114,5-6 Days
502284,5-6 Days
682506,5-6 Days
533006,5-6 Days
847124,5-6 Days
247773,5-6 Days
416528,5-6 Days
571325,5-6 Days
382225,5-6 Days
423107,5-6 Days
141112,5-6 Days
826124,5-6 Days
770049,5-6 Days
691304,5-6 Days
759129,5-6 Days
250601,5-6 Days
609311,5-6 Days
670591,5-6 Days
639111,5-6 Days
782442,5-6 Days
460444,5-6 Days
712402,5-6 Days
431804,5-6 Days
122098,5-6 Days
624053,5-6 Days
400401,5-6 Days
517214,5-6 Days
641667,5-6 Days
572140,5-6 Days
212305,5-6 Days
411032,5-6 Days
757021,5-6 Days
821302,5-6 Days
144020,5-6 Days
246167,5-6 Days
444502,5-6 Days
274203,5-6 Days
500013,5-6 Days
415411,5-6 Days
184205,5-6 Days
515812,5-6 Days
784167,5-6 Days
301409,5-6 Days
364740,5-6 Days
767021,5-6 Days
193102,5-6 Days
403408,5-6 Days
325201,5-6 Days
781312,5-6 Days
686538,5-6 Days
132151,5-6 Days
517641,5-6 Days
821004,5-6 Days
380007,5-6 Days
626140,5-6 Days
691623,5-6 Days
360030,5-6 Days
670631,5-6 Days
141122,5-6 Days
760006,5-6 Days
388410,5-6 Days
148048,5-6 Days
272208,5-6 Days
143507,5-6 Days
591110,5-6 Days
389180,5-6 Days
326003,5-6 Days
671324,5-6 Days
802116,5-6 Days
571419,5-6 Days
741139,5-6 Days
396439,5-6 Days
362140,5-6 Days
560082,5-6 Days
204215,5-6 Days
683105,5-6 Days
735216,5-6 Days
272126,5-6 Days
638056,5-6 Days
676106,5-6 Days
629205,5-6 Days
202125,5-6 Days
577517,5-6 Days
400162,5-6 Days
635125,5-6 Days
362110,5-6 Days
673534,5-6 Days
400060,5-6 Days
757019,5-6 Days
326520,5-6 Days
788834,5-6 Days
383010,5-6 Days
781326,5-6 Days
764085,5-6 Days
685585,5-6 Days
531115,5-6 Days
743429,5-6 Days
688006,5-6 Days
801509,5-6 Days
713168,5-6 Days
332022,5-6 Days
695005,5-6 Days
311303,5-6 Days
824231,5-6 Days
232333,5-6 Days
515282,5-6 Days
643211,5-6 Days
412301,5-6 Days
382480,5-6 Days
635811,5-6 Days
627602,5-6 Days
811307,5-6 Days
571314,5-6 Days
410204,5-6 Days
501508,5-6 Days
387331,5-6 Days
524317,5-6 Days
391410,5-6 Days
144506,5-6 Days
686653,5-6 Days
425123,5-6 Days
560114,5-6 Days
560023,5-6 Days
177020,5-6 Days
140114,5-6 Days
631051,5-6 Days
416125,5-6 Days
673572,5-6 Days
171215,5-6 Days
621805,5-6 Days
573117,5-6 Days
415012,5-6 Days
577546,5-6 Days
485336,5-6 Days
524307,5-6 Days
480994,5-6 Days
670672,5-6 Days
783130,5-6 Days
518007,5-6 Days
689723,5-6 Days
484444,5-6 Days
423212,5-6 Days
621016,5-6 Days
571139,5-6 Days
261208,5-6 Days
382442,5-6 Days
695026,5-6 Days
444604,5-6 Days
205266,5-6 Days
263147,5-6 Days
304005,5-6 Days
573111,5-6 Days
679576,5-6 Days
571213,5-6 Days
639005,5-6 Days
431125,5-6 Days
643241,5-6 Days
208003,5-6 Days
803123,5-6 Days
341318,5-6 Days
231209,5-6 Days
802212,5-6 Days
795004,5-6 Days
533001,5-6 Days
754014,5-6 Days
144601,5-6 Days
250104,5-6 Days
841216,5-6 Days
477441,5-6 Days
584139,5-6 Days
848505,5-6 Days
152113,5-6 Days
416144,5-6 Days
224122,5-6 Days
753027,5-6 Days
208001,5-6 Days
301406,5-6 Days
689587,5-6 Days
832108,5-6 Days
584147,5-6 Days
431127,5-6 Days
516484,5-6 Days
761214,5-6 Days
678552,5-6 Days
757002,5-6 Days
628007,5-6 Days
509218,5-6 Days
324001,5-6 Days
572222,5-6 Days
700010,5-6 Days
400113,5-6 Days
641607,5-6 Days
741172,5-6 Days
470124,5-6 Days
743368,5-6 Days
825406,5-6 Days
757103,5-6 Days
800001,5-6 Days
415020,5-6 Days
781330,5-6 Days
414403,5-6 Days
509125,5-6 Days
518463,5-6 Days
534342,5-6 Days
791109,5-6 Days
851119,5-6 Days
123021,5-6 Days
721103,5-6 Days
680613,5-6 Days
670612,5-6 Days
517503,5-6 Days
638109,5-6 Days
523167,5-6 Days
422205,5-6 Days
242406,5-6 Days
465227,5-6 Days
141115,5-6 Days
191201,5-6 Days
403515,5-6 Days
805131,5-6 Days
700153,5-6 Days
250342,5-6 Days
361008,5-6 Days
574232,5-6 Days
522438,5-6 Days
502210,5-6 Days
607307,5-6 Days
494670,5-6 Days
273163,5-6 Days
600027,5-6 Days
174029,5-6 Days
500098,5-6 Days
782140,5-6 Days
712156,5-6 Days
767068,5-6 Days
813109,5-6 Days
630202,5-6 Days
414106,5-6 Days
743706,5-6 Days
686620,5-6 Days
410301,5-6 Days
322022,5-6 Days
581339,5-6 Days
209302,5-6 Days
453771,5-6 Days
401607,5-6 Days
412212,5-6 Days
413715,5-6 Days
176096,5-6 Days
396430,5-6 Days
577418,5-6 Days
384151,5-6 Days
334801,5-6 Days
785666,5-6 Days
613105,5-6 Days
364060,5-6 Days
721258,5-6 Days
571457,5-6 Days
609309,5-6 Days
242226,5-6 Days
591324,5-6 Days
686614,5-6 Days
140412,5-6 Days
362550,5-6 Days
574169,5-6 Days
785111,5-6 Days
734007,5-6 Days
323616,5-6 Days
141013,5-6 Days
403102,5-6 Days
535006,5-6 Days
411057,5-6 Days
628753,5-6 Days
625537,5-6 Days
421202,5-6 Days
521149,5-6 Days
627004,5-6 Days
712134,5-6 Days
142034,5-6 Days
741247,5-6 Days
735213,5-6 Days
758031,5-6 Days
521126,5-6 Days
466113,5-6 Days
679582,5-6 Days
686580,5-6 Days
851113,5-6 Days
416426,5-6 Days
535145,5-6 Days
799278,5-6 Days
764087,5-6 Days
847301,5-6 Days
534197,5-6 Days
762023,5-6 Days
734001,5-6 Days
759016,5-6 Days
636002,5-6 Days
403706,5-6 Days
464661,5-6 Days
136035,5-6 Days
481663,5-6 Days
805133,5-6 Days
736173,5-6 Days
143204,5-6 Days
261121,5-6 Days
786187,5-6 Days
125052,5-6 Days
711303,5-6 Days
506315,5-6 Days
700111,5-6 Days
424302,5-6 Days
517569,5-6 Days
812007,5-6 Days
606103,5-6 Days
143301,5-6 Days
303505,5-6 Days
343041,5-6 Days
143401,5-6 Days
466118,5-6 Days
212663,5-6 Days
713419,5-6 Days
580030,5-6 Days
577223,5-6 Days
509321,5-6 Days
678007,5-6 Days
521102,5-6 Days
389190,5-6 Days
272149,5-6 Days
721301,5-6 Days
636030,5-6 Days
400071,5-6 Days
141125,5-6 Days
600045,5-6 Days
635813,5-6 Days
209307,5-6 Days
700150,5-6 Days
574274,5-6 Days
504323,5-6 Days
814124,5-6 Days
736156,5-6 Days
470221,5-6 Days
641606,5-6 Days
612604,5-6 Days
689673,5-6 Days
742101,5-6 Days
505331,5-6 Days
635124,5-6 Days
673023,5-6 Days
689103,5-6 Days
765020,5-6 Days
201310,5-6 Days
572202,5-6 Days
261136,5-6 Days
516321,5-6 Days
621653,5-6 Days
732140,5-6 Days
845437,5-6 Days
531083,5-6 Days
689646,5-6 Days
396325,5-6 Days
146110,5-6 Days
585103,5-6 Days
442406,5-6 Days
785660,5-6 Days
415530,5-6 Days
332713,5-6 Days
341035,5-6 Days
628903,5-6 Days
460668,5-6 Days
505526,5-6 Days
713102,5-6 Days
805104,5-6 Days
572214,5-6 Days
742104,5-6 Days
671317,5-6 Days
364120,5-6 Days
585106,5-6 Days
614716,5-6 Days
209310,5-6 Days
431812,5-6 Days
147105,5-6 Days
248014,5-6 Days
635211,5-6 Days
382007,5-6 Days
614001,5-6 Days
249151,5-6 Days
303701,5-6 Days
572133,5-6 Days
688547,5-6 Days
625104,5-6 Days
247774,5-6 Days
629152,5-6 Days
384270,5-6 Days
461111,5-6 Days
625013,5-6 Days
450017,5-6 Days
246482,5-6 Days
678595,5-6 Days
801104,5-6 Days
637101,5-6 Days
691324,5-6 Days
632012,5-6 Days
507119,5-6 Days
795136,5-6 Days
741502,5-6 Days
383434,5-6 Days
678633,5-6 Days
843330,5-6 Days
327603,5-6 Days
500057,5-6 Days
742303,5-6 Days
848129,5-6 Days
721315,5-6 Days
686506,5-6 Days
441808,5-6 Days
767019,5-6 Days
782490,5-6 Days
271609,5-6 Days
600033,5-6 Days
110037,5-6 Days
695143,5-6 Days
760010,5-6 Days
271203,5-6 Days
416525,5-6 Days
322212,5-6 Days
202141,5-6 Days
424006,5-6 Days
752111,5-6 Days
636704,5-6 Days
242223,5-6 Days
741125,5-6 Days
396385,5-6 Days
713149,5-6 Days
601201,5-6 Days
332026,5-6 Days
682509,5-6 Days
841506,5-6 Days
845422,5-6 Days
385506,5-6 Days
670504,5-6 Days
465230,5-6 Days
562135,5-6 Days
673509,5-6 Days
678593,5-6 Days
502325,5-6 Days
804431,5-6 Days
673506,5-6 Days
229127,5-6 Days
574211,5-6 Days
688546,5-6 Days
591108,5-6 Days
670566,5-6 Days
403506,5-6 Days
110506,5-6 Days
742151,5-6 Days
171019,5-6 Days
244602,5-6 Days
607804,5-6 Days
673328,5-6 Days
191101,5-6 Days
454552,5-6 Days
457887,5-6 Days
477332,5-6 Days
606306,5-6 Days
402309,5-6 Days
621107,5-6 Days
622404,5-6 Days
364465,5-6 Days
473118,5-6 Days
416803,5-6 Days
723130,5-6 Days
743130,5-6 Days
835222,5-6 Days
262907,5-6 Days
143516,5-6 Days
591238,5-6 Days
575006,5-6 Days
574264,5-6 Days
182121,5-6 Days
141021,5-6 Days
743101,5-6 Days
673611,5-6 Days
609314,5-6 Days
121006,5-6 Days
384260,5-6 Days
416805,5-6 Days
560036,5-6 Days
626129,5-6 Days
362715,5-6 Days
152033,5-6 Days
144004,5-6 Days
791001,5-6 Days
123506,5-6 Days
629051,5-6 Days
623806,5-6 Days
229413,5-6 Days
516175,5-6 Days
794112,5-6 Days
682507,5-6 Days
518186,5-6 Days
413201,5-6 Days
761032,5-6 Days
523003,5-6 Days
577529,5-6 Days
136021,5-6 Days
605759,5-6 Days
414301,5-6 Days
635118,5-6 Days
642201,5-6 Days
518502,5-6 Days
847104,5-6 Days
530053,5-6 Days
561205,5-6 Days
801507,5-6 Days
711405,5-6 Days
518018,5-6 Days
572137,5-6 Days
686104,5-6 Days
413208,5-6 Days
473775,5-6 Days
228118,5-6 Days
416402,5-6 Days
122224,5-6 Days
327801,5-6 Days
625517,5-6 Days
262533,5-6 Days
713323,5-6 Days
271320,5-6 Days
754246,5-6 Days
793004,5-6 Days
174315,5-6 Days
431106,5-6 Days
110040,5-6 Days
844125,5-6 Days
533211,5-6 Days
743375,5-6 Days
342019,5-6 Days
452003,5-6 Days
635851,5-6 Days
671326,5-6 Days
224401,5-6 Days
560003,5-6 Days
583222,5-6 Days
387810,5-6 Days
410512,5-6 Days
638459,5-6 Days
332408,5-6 Days
712157,5-6 Days
629402,5-6 Days
174310,5-6 Days
423704,5-6 Days
509401,5-6 Days
225302,5-6 Days
581116,5-6 Days
843115,5-6 Days
621310,5-6 Days
624617,5-6 Days
454010,5-6 Days
241127,5-6 Days
190001,5-6 Days
535526,5-6 Days
700092,5-6 Days
411068,5-6 Days
622201,5-6 Days
754284,5-6 Days
841302,5-6 Days
733129,5-6 Days
494669,5-6 Days
671323,5-6 Days
301404,5-6 Days
274801,5-6 Days
175131,5-6 Days
413217,5-6 Days
851202,5-6 Days
641113,5-6 Days
731238,5-6 Days
670621,5-6 Days
571231,5-6 Days
821103,5-6 Days
518508,5-6 Days
845436,5-6 Days
494336,5-6 Days
607003,5-6 Days
410502,5-6 Days
431746,5-6 Days
388250,5-6 Days
207505,5-6 Days
177212,5-6 Days
531061,5-6 Days
209203,5-6 Days
854306,5-6 Days
636452,5-6 Days
391151,5-6 Days
110057,5-6 Days
333801,5-6 Days
262550,5-6 Days
325003,5-6 Days
442604,5-6 Days
604302,5-6 Days
788004,5-6 Days
402111,5-6 Days
621102,5-6 Days
767037,5-6 Days
765021,5-6 Days
743202,5-6 Days
394320,5-6 Days
759102,5-6 Days
500093,5-6 Days
281306,5-6 Days
570019,5-6 Days
396230,5-6 Days
752087,5-6 Days
454001,5-6 Days
678504,5-6 Days
174317,5-6 Days
845406,5-6 Days
314406,5-6 Days
277403,5-6 Days
233228,5-6 Days
784501,5-6 Days
431214,5-6 Days
202410,5-6 Days
686664,5-6 Days
483504,5-6 Days
495453,5-6 Days
522306,5-6 Days
679589,5-6 Days
825410,5-6 Days
560106,5-6 Days
623523,5-6 Days
423604,5-6 Days
144223,5-6 Days
521135,5-6 Days
516503,5-6 Days
522305,5-6 Days
416503,5-6 Days
401104,5-6 Days
680011,5-6 Days
506135,5-6 Days
131039,5-6 Days
144514,5-6 Days
173229,5-6 Days
711224,5-6 Days
224125,5-6 Days
250615,5-6 Days
700069,5-6 Days
411022,5-6 Days
160101,5-6 Days
486661,5-6 Days
272165,5-6 Days
673615,5-6 Days
484116,5-6 Days
686638,5-6 Days
580021,5-6 Days
313603,5-6 Days
682021,5-6 Days
606209,5-6 Days
416709,5-6 Days
630559,5-6 Days
626512,5-6 Days
387710,5-6 Days
764039,5-6 Days
211004,5-6 Days
506370,5-6 Days
791123,5-6 Days
518523,5-6 Days
502314,5-6 Days
626122,5-6 Days
691590,5-6 Days
689122,5-6 Days
244304,5-6 Days
411034,5-6 Days
473113,5-6 Days
765033,5-6 Days
496330,5-6 Days
416515,5-6 Days
769011,5-6 Days
627802,5-6 Days
331411,5-6 Days
632055,5-6 Days
122225,5-6 Days
110081,5-6 Days
518563,5-6 Days
302016,5-6 Days
221409,5-6 Days
229001,5-6 Days
521137,5-6 Days
205262,5-6 Days
176073,5-6 Days
600067,5-6 Days
110045,5-6 Days
799211,5-6 Days
761118,5-6 Days
370455,5-6 Days
695016,5-6 Days
501102,5-6 Days
621118,5-6 Days
752060,5-6 Days
742227,5-6 Days
577215,5-6 Days
742169,5-6 Days
711328,5-6 Days
431605,5-6 Days
445307,5-6 Days
785680,5-6 Days
274405,5-6 Days
759130,5-6 Days
425302,5-6 Days
221102,5-6 Days
382315,5-6 Days
313001,5-6 Days
782003,5-6 Days
611114,5-6 Days
441406,5-6 Days
533352,5-6 Days
766029,5-6 Days
641101,5-6 Days
242305,5-6 Days
754250,5-6 Days
464573,5-6 Days
638403,5-6 Days
689518,5-6 Days
800025,5-6 Days
628212,5-6 Days
761036,5-6 Days
571511,5-6 Days
122020,5-6 Days
782101,5-6 Days
363410,5-6 Days
605751,5-6 Days
422006,5-6 Days
521247,5-6 Days
636001,5-6 Days
517280,5-6 Days
574234,5-6 Days
452004,5-6 Days
625531,5-6 Days
844127,5-6 Days
752107,5-6 Days
841408,5-6 Days
743445,5-6 Days
721424,5-6 Days
680547,5-6 Days
261151,5-6 Days
680304,5-6 Days
231217,5-6 Days
403105,5-6 Days
824122,5-6 Days
754031,5-6 Days
211015,5-6 Days
441106,5-6 Days
382250,5-6 Days
629101,5-6 Days
821310,5-6 Days
424306,5-6 Days
283101,5-6 Days
825102,5-6 Days
680618,5-6 Days
333515,5-6 Days
670301,5-6 Days
382305,5-6 Days
495695,5-6 Days
801110,5-6 Days
176076,5-6 Days
481776,5-6 Days
303510,5-6 Days
741238,5-6 Days
814154,5-6 Days
842101,5-6 Days
500123,5-6 Days
506345,5-6 Days
312206,5-6 Days
577245,5-6 Days
506352,5-6 Days
756018,5-6 Days
146111,5-6 Days
691531,5-6 Days
160042,5-6 Days
585265,5-6 Days
756033,5-6 Days
690503,5-6 Days
143110,5-6 Days
507113,5-6 Days
382002,5-6 Days
673607,5-6 Days
614704,5-6 Days
722174,5-6 Days
573129,5-6 Days
609307,5-6 Days
193504,5-6 Days
305402,5-6 Days
522262,5-6 Days
177209,5-6 Days
532403,5-6 Days
799144,5-6 Days
272205,5-6 Days
621709,5-6 Days
247470,5-6 Days
505514,5-6 Days
509360,5-6 Days
462120,5-6 Days
632505,5-6 Days
388255,5-6 Days
785704,5-6 Days
735236,5-6 Days
523291,5-6 Days
415114,5-6 Days
263149,5-6 Days
571215,5-6 Days
141202,5-6 Days
786190,5-6 Days
531024,5-6 Days
585320,5-6 Days
586214,5-6 Days
781325,5-6 Days
801113,5-6 Days
481662,5-6 Days
444401,5-6 Days
534239,5-6 Days
523227,5-6 Days
761133,5-6 Days
509408,5-6 Days
233002,5-6 Days
221207,5-6 Days
686693,5-6 Days
754025,5-6 Days
573219,5-6 Days
571189,5-6 Days
532426,5-6 Days
571433,5-6 Days
503001,5-6 Days
613004,5-6 Days
620011,5-6 Days
781037,5-6 Days
210120,5-6 Days
586201,5-6 Days
689105,5-6 Days
753006,5-6 Days
695014,5-6 Days
632520,5-6 Days
573116,5-6 Days
400066,5-6 Days
785682,5-6 Days
560083,5-6 Days
723102,5-6 Days
490024,5-6 Days
311405,5-6 Days
797108,5-6 Days
410506,5-6 Days
413404,5-6 Days
321402,5-6 Days
361150,5-6 Days
628616,5-6 Days
394327,5-6 Days
486888,5-6 Days
612206,5-6 Days
686003,5-6 Days
712222,5-6 Days
641029,5-6 Days
533003,5-6 Days
152002,5-6 Days
415022,5-6 Days
516217,5-6 Days
385555,5-6 Days
612610,5-6 Days
532185,5-6 Days
421304,5-6 Days
384330,5-6 Days
224228,5-6 Days
743395,5-6 Days
431512,5-6 Days
737102,5-6 Days
413569,5-6 Days
504208,5-6 Days
444810,5-6 Days
803205,5-6 Days
587207,5-6 Days
360430,5-6 Days
125113,5-6 Days
388620,5-6 Days
683589,5-6 Days
788015,5-6 Days
303103,5-6 Days
802115,5-6 Days
670016,5-6 Days
722149,5-6 Days
506169,5-6 Days
472005,5-6 Days
431516,5-6 Days
680751,5-6 Days
333701,5-6 Days
385350,5-6 Days
262580,5-6 Days
311029,5-6 Days
642152,5-6 Days
583127,5-6 Days
416415,5-6 Days
752114,5-6 Days
785667,5-6 Days
683561,5-6 Days
581172,5-6 Days
471105,5-6 Days
413314,5-6 Days
144305,5-6 Days
110124,5-6 Days
132157,5-6 Days
122021,5-6 Days
793008,5-6 Days
233233,5-6 Days
400041,5-6 Days
620026,5-6 Days
445101,5-6 Days
126152,5-6 Days
303323,5-6 Days
700057,5-6 Days
263638,5-6 Days
521002,5-6 Days
142027,5-6 Days
416604,5-6 Days
609601,5-6 Days
230125,5-6 Days
621209,5-6 Days
632401,5-6 Days
756049,5-6 Days
444809,5-6 Days
441212,5-6 Days
841407,5-6 Days
711404,5-6 Days
227411,5-6 Days
382003,5-6 Days
742201,5-6 Days
673016,5-6 Days
686615,5-6 Days
759013,5-6 Days
690551,5-6 Days
246745,5-6 Days
222136,5-6 Days
182122,5-6 Days
626549,5-6 Days
700015,5-6 Days
516214,5-6 Days
845432,5-6 Days
637107,5-6 Days
384360,5-6 Days
110125,5-6 Days
416413,5-6 Days
456224,5-6 Days
331804,5-6 Days
227811,5-6 Days
284302,5-6 Days
332302,5-6 Days
711202,5-6 Days
176320,5-6 Days
612201,5-6 Days
754027,5-6 Days
303310,5-6 Days
721648,5-6 Days
803110,5-6 Days
689589,5-6 Days
783120,5-6 Days
799210,5-6 Days
562130,5-6 Days
332403,5-6 Days
271003,5-6 Days
393041,5-6 Days
799251,5-6 Days
321026,5-6 Days
627127,5-6 Days
721157,5-6 Days
261203,5-6 Days
423208,5-6 Days
770034,5-6 Days
768108,5-6 Days
627501,5-6 Days
140112,5-6 Days
505470,5-6 Days
211023,5-6 Days
574228,5-6 Days
625017,5-6 Days
382320,5-6 Days
327022,5-6 Days
403711,5-6 Days
422202,5-6 Days
243004,5-6 Days
577116,5-6 Days
125053,5-6 Days
202526,5-6 Days
670703,5-6 Days
793021,5-6 Days
523333,5-6 Days
272170,5-6 Days
127030,5-6 Days
689645,5-6 Days
843120,5-6 Days
247001,5-6 Days
641112,5-6 Days
762026,5-6 Days
632010,5-6 Days
422104,5-6 Days
591242,5-6 Days
575009,5-6 Days
713339,5-6 Days
754130,5-6 Days
752012,5-6 Days
781039,5-6 Days
501359,5-6 Days
623515,5-6 Days
301402,5-6 Days
144014,5-6 Days
496334,5-6 Days
636804,5-6 Days
821106,5-6 Days
764070,5-6 Days
341026,5-6 Days
518396,5-6 Days
496113,5-6 Days
605301,5-6 Days
761014,5-6 Days
332031,5-6 Days
722205,5-6 Days
203132,5-6 Days
635815,5-6 Days
632105,5-6 Days
573120,5-6 Days
784112,5-6 Days
641001,5-6 Days
781307,5-6 Days
276141,5-6 Days
160007,5-6 Days
500025,5-6 Days
193202,5-6 Days
829109,5-6 Days
249201,5-6 Days
515801,5-6 Days
562163,5-6 Days
798617,5-6 Days
493555,5-6 Days
425415,5-6 Days
690110,5-6 Days
627002,5-6 Days
606603,5-6 Days
686019,5-6 Days
691006,5-6 Days
671551,5-6 Days
281003,5-6 Days
680123,5-6 Days
484440,5-6 Days
783312,5-6 Days
401100,5-6 Days
232341,5-6 Days
585403,5-6 Days
176057,5-6 Days
400111,5-6 Days
723131,5-6 Days
452011,5-6 Days
603403,5-6 Days
495690,5-6 Days
262406,5-6 Days
176211,5-6 Days
524315,5-6 Days
732142,5-6 Days
574151,5-6 Days
143538,5-6 Days
628801,5-6 Days
415514,5-6 Days
125121,5-6 Days
502110,5-6 Days
680694,5-6 Days
132107,5-6 Days
380045,5-6 Days
614629,5-6 Days
263630,5-6 Days
141309,5-6 Days
229801,5-6 Days
530044,5-6 Days
132123,5-6 Days
515651,5-6 Days
680507,5-6 Days
825311,5-6 Days
453777,5-6 Days
635652,5-6 Days
246186,5-6 Days
522647,5-6 Days
613053,5-6 Days
743438,5-6 Days
464226,5-6 Days
785656,5-6 Days
302006,5-6 Days
682016,5-6 Days
134002,5-6 Days
627111,5-6 Days
415601,5-6 Days
307019,5-6 Days
494334,5-6 Days
230130,5-6 Days
322703,5-6 Days
623110,5-6 Days
586217,5-6 Days
731147,5-6 Days
415618,5-6 Days
312403,5-6 Days
415510,5-6 Days
332707,5-6 Days
679521,5-6 Days
416602,5-6 Days
341507,5-6 Days
799287,5-6 Days
768102,5-6 Days
416301,5-6 Days
507120,5-6 Days
416623,5-6 Days
798601,5-6 Days
413603,5-6 Days
509204,5-6 Days
229208,5-6 Days
384265,5-6 Days
122216,5-6 Days
851212,5-6 Days
533285,5-6 Days
431122,5-6 Days
383260,5-6 Days
390001,5-6 Days
226007,5-6 Days
206255,5-6 Days
609704,5-6 Days
821115,5-6 Days
142630,5-6 Days
451335,5-6 Days
303106,5-6 Days
302028,5-6 Days
483332,5-6 Days
122233,5-6 Days
843329,5-6 Days
412206,5-6 Days
622103,5-6 Days
700095,5-6 Days
494449,5-6 Days
605302,5-6 Days
814146,5-6 Days
731139,5-6 Days
679501,5-6 Days
581201,5-6 Days
781034,5-6 Days
492101,5-6 Days
403806,5-6 Days
800019,5-6 Days
152128,5-6 Days
535568,5-6 Days
673544,5-6 Days
465695,5-6 Days
785672,5-6 Days
766001,5-6 Days
626161,5-6 Days
671320,5-6 Days
263637,5-6 Days
695006,5-6 Days
847112,5-6 Days
505172,5-6 Days
144212,5-6 Days
142043,5-6 Days
577555,5-6 Days
770015,5-6 Days
333023,5-6 Days
474001,5-6 Days
421104,5-6 Days
450661,5-6 Days
110006,5-6 Days
425402,5-6 Days
671122,5-6 Days
193221,5-6 Days
560103,5-6 Days
313207,5-6 Days
759015,5-6 Days
496223,5-6 Days
629172,5-6 Days
424310,5-6 Days
845458,5-6 Days
313804,5-6 Days
325221,5-6 Days
731124,5-6 Days
524222,5-6 Days
141307,5-6 Days
382023,5-6 Days
508245,5-6 Days
390021,5-6 Days
531148,5-6 Days
534112,5-6 Days
516361,5-6 Days
518350,5-6 Days
416104,5-6 Days
825325,5-6 Days
848128,5-6 Days
416305,5-6 Days
686545,5-6 Days
208025,5-6 Days
577006,5-6 Days
147001,5-6 Days
636402,5-6 Days
812003,5-6 Days
733215,5-6 Days
534000,5-6 Days
713162,5-6 Days
734003,5-6 Days
682028,5-6 Days
670310,5-6 Days
416232,5-6 Days
500028,5-6 Days
632509,5-6 Days
471202,5-6 Days
609102,5-6 Days
416406,5-6 Days
628908,5-6 Days
410510,5-6 Days
743363,5-6 Days
591215,5-6 Days
843151,5-6 Days
670001,5-6 Days
229408,5-6 Days
425126,5-6 Days
414602,5-6 Days
400079,5-6 Days
751015,5-6 Days
181208,5-6 Days
673515,5-6 Days
147101,5-6 Days
584122,5-6 Days
534002,5-6 Days
670006,5-6 Days
781360,5-6 Days
487118,5-6 Days
173001,5-6 Days
767022,5-6 Days
581403,5-6 Days
423401,5-6 Days
176101,5-6 Days
160022,5-6 Days
465118,5-6 Days
803213,5-6 Days
573217,5-6 Days
799104,5-6 Days
207241,5-6 Days
422201,5-6 Days
431205,5-6 Days
233300,5-6 Days
144409,5-6 Days
841404,5-6 Days
391244,5-6 Days
411000,5-6 Days
445001,5-6 Days
313329,5-6 Days
641201,5-6 Days
249401,5-6 Days
311801,5-6 Days
190012,5-6 Days
277501,5-6 Days
761121,5-6 Days
635116,5-6 Days
621018,5-6 Days
752006,5-6 Days
243006,5-6 Days
575021,5-6 Days
581121,5-6 Days
110002,5-6 Days
626117,5-6 Days
833214,5-6 Days
688558,5-6 Days
416221,5-6 Days
802237,5-6 Days
442201,5-6 Days
761104,5-6 Days
721627,5-6 Days
212656,5-6 Days
110017,5-6 Days
759040,5-6 Days
614027,5-6 Days
332704,5-6 Days
501403,5-6 Days
609804,5-6 Days
802117,5-6 Days
623539,5-6 Days
388180,5-6 Days
628622,5-6 Days
600107,5-6 Days
629162,5-6 Days
754009,5-6 Days
261302,5-6 Days
813202,5-6 Days
637502,5-6 Days
736167,5-6 Days
274207,5-6 Days
224119,5-6 Days
415604,5-6 Days
571426,5-6 Days
360007,5-6 Days
172201,5-6 Days
608303,5-6 Days
142042,5-6 Days
515671,5-6 Days
221109,5-6 Days
221209,5-6 Days
577434,5-6 Days
522004,5-6 Days
575022,5-6 Days
232119,5-6 Days
144002,5-6 Days
516439,5-6 Days
673018,5-6 Days
784114,5-6 Days
503180,5-6 Days
735301,5-6 Days
847408,5-6 Days
243125,5-6 Days
403201,5-6 Days
284204,5-6 Days
680317,5-6 Days
813204,5-6 Days
431401,5-6 Days
626116,5-6 Days
641102,5-6 Days
583226,5-6 Days
423105,5-6 Days
591263,5-6 Days
250617,5-6 Days
415512,5-6 Days
761111,5-6 Days
628221,5-6 Days
176206,5-6 Days
229207,5-6 Days
682019,5-6 Days
825409,5-6 Days
843104,5-6 Days
140306,5-6 Days
416502,5-6 Days
695105,5-6 Days
411003,5-6 Days
805130,5-6 Days
145021,5-6 Days
147008,5-6 Days
751025,5-6 Days
627006,5-6 Days
583241,5-6 Days
758034,5-6 Days
802127,5-6 Days
743233,5-6 Days
303348,5-6 Days
626107,5-6 Days
630201,5-6 Days
181205,5-6 Days
752038,5-6 Days
454111,5-6 Days
623536,5-6 Days
721601,5-6 Days
370660,5-6 Days
581346,5-6 Days
515301,5-6 Days
627352,5-6 Days
363642,5-6 Days
442901,5-6 Days
521230,5-6 Days
641028,5-6 Days
796770,5-6 Days
560115,5-6 Days
584125,5-6 Days
275205,5-6 Days
623102,5-6 Days
586210,5-6 Days
313611,5-6 Days
689111,5-6 Days
151504,5-6 Days
835208,5-6 Days
401606,5-6 Days
680701,5-6 Days
571502,5-6 Days
182200,5-6 Days
785621,5-6 Days
124101,5-6 Days
176081,5-6 Days
722175,5-6 Days
123034,5-6 Days
320008,5-6 Days
781068,5-6 Days
140126,5-6 Days
246731,5-6 Days
811305,5-6 Days
682051,5-6 Days
508114,5-6 Days
301026,5-6 Days
637408,5-6 Days
524221,5-6 Days
491229,5-6 Days
695099,5-6 Days
423403,5-6 Days
361162,5-6 Days
851205,5-6 Days
271124,5-6 Days
560035,5-6 Days
244924,5-6 Days
624622,5-6 Days
363423,5-6 Days
560125,5-6 Days
283111,5-6 Days
754213,5-6 Days
506164,5-6 Days
782126,5-6 Days
600126,5-6 Days
484771,5-6 Days
508211,5-6 Days
823003,5-6 Days
534448,5-6 Days
781171,5-6 Days
743505,5-6 Days
388544,5-6 Days
607105,5-6 Days
303501,5-6 Days
722177,5-6 Days
627426,5-6 Days
788123,5-6 Days
140401,5-6 Days
493118,5-6 Days
125060,5-6 Days
802315,5-6 Days
440027,5-6 Days
812005,5-6 Days
327034,5-6 Days
243001,5-6 Days
516359,5-6 Days
274505,5-6 Days
791114,5-6 Days
673121,5-6 Days
843328,5-6 Days
416505,5-6 Days
524311,5-6 Days
712401,5-6 Days
700060,5-6 Days
609808,5-6 Days
403112,5-6 Days
736203,5-6 Days
761011,5-6 Days
572113,5-6 Days
146114,5-6 Days
226014,5-6 Days
531020,5-6 Days
177005,5-6 Days
584203,5-6 Days
387210,5-6 Days
148002,5-6 Days
843315,5-6 Days
676506,5-6 Days
212203,5-6 Days
689104,5-6 Days
636303,5-6 Days
686531,5-6 Days
756130,5-6 Days
831013,5-6 Days
416302,5-6 Days
413624,5-6 Days
110115,5-6 Days
401305,5-6 Days
570012,5-6 Days
605402,5-6 Days
800027,5-6 Days
492004,5-6 Days
752082,5-6 Days
313342,5-6 Days
442603,5-6 Days
761012,5-6 Days
380062,5-6 Days
788723,5-6 Days
785112,5-6 Days
609609,5-6 Days
680551,5-6 Days
623605,5-6 Days
604410,5-6 Days
206242,5-6 Days
785010,5-6 Days
494225,5-6 Days
230403,5-6 Days
382825,5-6 Days
573220,5-6 Days
231216,5-6 Days
226001,5-6 Days
626601,5-6 Days
600094,5-6 Days
509135,5-6 Days
636112,5-6 Days
303712,5-6 Days
637304,5-6 Days
518225,5-6 Days
742306,5-6 Days
534005,5-6 Days
670343,5-6 Days
591516,5-6 Days
249001,5-6 Days
431606,5-6 Days
484224,5-6 Days
848139,5-6 Days
673311,5-6 Days
422221,5-6 Days
535160,5-6 Days
273157,5-6 Days
524405,5-6 Days
755005,5-6 Days
614211,5-6 Days
531133,5-6 Days
642006,5-6 Days
411042,5-6 Days
851213,5-6 Days
400020,5-6 Days
243126,5-6 Days
573226,5-6 Days
305001,5-6 Days
263126,5-6 Days
680652,5-6 Days
441108,5-6 Days
493114,5-6 Days
210506,5-6 Days
444109,5-6 Days
370230,5-6 Days
609807,5-6 Days
421601,5-6 Days
470771,5-6 Days
493888,5-6 Days
242404,5-6 Days
134112,5-6 Days
680544,5-6 Days
787060,5-6 Days
175138,5-6 Days
632405,5-6 Days
225416,5-6 Days
142054,5-6 Days
231219,5-6 Days
505330,5-6 Days
384002,5-6 Days
524323,5-6 Days
274204,5-6 Days
682508,5-6 Days
311601,5-6 Days
673027,5-6 Days
482008,5-6 Days
642004,5-6 Days
782102,5-6 Days
754217,5-6 Days
246762,5-6 Days
585104,5-6 Days
683574,5-6 Days
396125,5-6 Days
711323,5-6 Days
756124,5-6 Days
382443,5-6 Days
685595,5-6 Days
759017,5-6 Days
125106,5-6 Days
679308,5-6 Days
464113,5-6 Days
383215,5-6 Days
638105,5-6 Days
414604,5-6 Days
787061,5-6 Days
563138,5-6 Days
631303,5-6 Days
262728,5-6 Days
121002,5-6 Days
144518,5-6 Days
509350,5-6 Days
533124,5-6 Days
670325,5-6 Days
682042,5-6 Days
679504,5-6 Days
206244,5-6 Days
480357,5-6 Days
151205,5-6 Days
392013,5-6 Days
781375,5-6 Days
272127,5-6 Days
395021,5-6 Days
172111,5-6 Days
522257,5-6 Days
741123,5-6 Days
190013,5-6 Days
146104,5-6 Days
360421,5-6 Days
854117,5-6 Days
380060,5-6 Days
636118,5-6 Days
502291,5-6 Days
455221,5-6 Days
673584,5-6 Days
842003,5-6 Days
322240,5-6 Days
262124,5-6 Days
500062,5-6 Days
390014,5-6 Days
277209,5-6 Days
382324,5-6 Days
585328,5-6 Days
605007,5-6 Days
638752,5-6 Days
586103,5-6 Days
575015,5-6 Days
785634,5-6 Days
143021,5-6 Days
741202,5-6 Days
181206,5-6 Days
212507,5-6 Days
110083,5-6 Days
282003,5-6 Days
495001,5-6 Days
431118,5-6 Days
586204,5-6 Days
580010,5-6 Days
802120,5-6 Days
502303,5-6 Days
713502,5-6 Days
683109,5-6 Days
794104,5-6 Days
834012,5-6 Days
614710,5-6 Days
825407,5-6 Days
135105,5-6 Days
504204,5-6 Days
501510,5-6 Days
764088,5-6 Days
442403,5-6 Days
504109,5-6 Days
392004,5-6 Days
573150,5-6 Days
627431,5-6 Days
322241,5-6 Days
562201,5-6 Days
572215,5-6 Days
854317,5-6 Days
591226,5-6 Days
796730,5-6 Days
670017,5-6 Days
444304,5-6 Days
123414,5-6 Days
416518,5-6 Days
229210,5-6 Days
383460,5-6 Days
176047,5-6 Days
127046,5-6 Days
283112,5-6 Days
686535,5-6 Days
370135,5-6 Days
445201,5-6 Days
563156,5-6 Days
630565,5-6 Days
380020,5-6 Days
605109,5-6 Days
581360,5-6 Days
581230,5-6 Days
312208,5-6 Days
416214,5-6 Days
679564,5-6 Days
712233,5-6 Days
533461,5-6 Days
757046,5-6 Days
638010,5-6 Days
152114,5-6 Days
226202,5-6 Days
621722,5-6 Days
140406,5-6 Days
700033,5-6 Days
782401,5-6 Days
581103,5-6 Days
473330,5-6 Days
396067,5-6 Days
140113,5-6 Days
604103,5-6 Days
734012,5-6 Days
686533,5-6 Days
713373,5-6 Days
413111,5-6 Days
614103,5-6 Days
370510,5-6 Days
411017,5-6 Days
209121,5-6 Days
141120,5-6 Days
400075,5-6 Days
174027,5-6 Days
246428,5-6 Days
400088,5-6 Days
576201,5-6 Days
673009,5-6 Days
506013,5-6 Days
273009,5-6 Days
570025,5-6 Days
758013,5-6 Days
474015,5-6 Days
712224,5-6 Days
754119,5-6 Days
391150,5-6 Days
632202,5-6 Days
813203,5-6 Days
802221,5-6 Days
686511,5-6 Days
305929,5-6 Days
494445,5-6 Days
136134,5-6 Days
560242,5-6 Days
458474,5-6 Days
486117,5-6 Days
795007,5-6 Days
160008,5-6 Days
363745,5-6 Days
460001,5-6 Days
801117,5-6 Days
209743,5-6 Days
174302,5-6 Days
673020,5-6 Days
414201,5-6 Days
691004,5-6 Days
221105,5-6 Days
517325,5-6 Days
495692,5-6 Days
313321,5-6 Days
574145,5-6 Days
583213,5-6 Days
785645,5-6 Days
314001,5-6 Days
754156,5-6 Days
495220,5-6 Days
560048,5-6 Days
222137,5-6 Days
700094,5-6 Days
284002,5-6 Days
342010,5-6 Days
700085,5-6 Days
334804,5-6 Days
500088,5-6 Days
389390,5-6 Days
695544,5-6 Days
581104,5-6 Days
628601,5-6 Days
781138,5-6 Days
533239,5-6 Days
741127,5-6 Days
516237,5-6 Days
307501,5-6 Days
752011,5-6 Days
175051,5-6 Days
391745,5-6 Days
465685,5-6 Days
412411,5-6 Days
743249,5-6 Days
444405,5-6 Days
401400,5-6 Days
477333,5-6 Days
331024,5-6 Days
110064,5-6 Days
535220,5-6 Days
621712,5-6 Days
581106,5-6 Days
385535,5-6 Days
713432,5-6 Days
785686,5-6 Days
487661,5-6 Days
515341,5-6 Days
781366,5-6 Days
457114,5-6 Days
630552,5-6 Days
173205,5-6 Days
342606,5-6 Days
821301,5-6 Days
682306,5-6 Days
686006,5-6 Days
641041,5-6 Days
590019,5-6 Days
534339,5-6 Days
591322,5-6 Days
262523,5-6 Days
639117,5-6 Days
794107,5-6 Days
262804,5-6 Days
533103,5-6 Days
630501,5-6 Days
530002,5-6 Days
396421,5-6 Days
160071,5-6 Days
274603,5-6 Days
680014,5-6 Days
314404,5-6 Days
609305,5-6 Days
641654,5-6 Days
176036,5-6 Days
822212,5-6 Days
695572,5-6 Days
613052,5-6 Days
413705,5-6 Days
274404,5-6 Days
343042,5-6 Days
841422,5-6 Days
415205,5-6 Days
305814,5-6 Days
370203,5-6 Days
580020,5-6 Days
821308,5-6 Days
609113,5-6 Days
804430,5-6 Days
518462,5-6 Days
583216,5-6 Days
143118,5-6 Days
721649,5-6 Days
841212,5-6 Days
241303,5-6 Days
392002,5-6 Days
313202,5-6 Days
682030,5-6 Days
464776,5-6 Days
415503,5-6 Days
847106,5-6 Days
788831,5-6 Days
458470,5-6 Days
735305,5-6 Days
741511,5-6 Days
272191,5-6 Days
172026,5-6 Days
421203,5-6 Days
364004,5-6 Days
732215,5-6 Days
441504,5-6 Days
854318,5-6 Days
600011,5-6 Days
586127,5-6 Days
313905,5-6 Days
425420,5-6 Days
303104,5-6 Days
322026,5-6 Days
202281,5-6 Days
630405,5-6 Days
177104,5-6 Days
532128,5-6 Days
461661,5-6 Days
389220,5-6 Days
365601,5-6 Days
630006,5-6 Days
793101,5-6 Days
451449,5-6 Days
362229,5-6 Days
523104,5-6 Days
143304,5-6 Days
321601,5-6 Days
571444,5-6 Days
445203,5-6 Days
322254,5-6 Days
825320,5-6 Days
585213,5-6 Days
382346,5-6 Days
516444,5-6 Days
621804,5-6 Days
623701,5-6 Days
344031,5-6 Days
689507,5-6 Days
756034,5-6 Days
444914,5-6 Days
431005,5-6 Days
604501,5-6 Days
788127,5-6 Days
382463,5-6 Days
753007,5-6 Days
515435,5-6 Days
274308,5-6 Days
370006,5-6 Days
571424,5-6 Days
731144,5-6 Days
424311,5-6 Days
402303,5-6 Days
691329,5-6 Days
383305,5-6 Days
600044,5-6 Days
230136,5-6 Days
500002,5-6 Days
700108,5-6 Days
524316,5-6 Days
431137,5-6 Days
756164,5-6 Days
400010,5-6 Days
737116,5-6 Days
637013,5-6 Days
571437,5-6 Days
121105,5-6 Days
230201,5-6 Days
759131,5-6 Days
522111,5-6 Days
685507,5-6 Days
627857,5-6 Days
533228,5-6 Days
811301,5-6 Days
751020,5-6 Days
144418,5-6 Days
416401,5-6 Days
400614,5-6 Days
230141,5-6 Days
688564,5-6 Days
678681,5-6 Days
623703,5-6 Days
271605,5-6 Days
321606,5-6 Days
575003,5-6 Days
313331,5-6 Days
250404,5-6 Days
458668,5-6 Days
311204,5-6 Days
573114,5-6 Days
560089,5-6 Days
225407,5-6 Days
222202,5-6 Days
246443,5-6 Days
465220,5-6 Days
685509,5-6 Days
855115,5-6 Days
413608,5-6 Days
627720,5-6 Days
166031,5-6 Days
273003,5-6 Days
583140,5-6 Days
224229,5-6 Days
462002,5-6 Days
362625,5-6 Days
176038,5-6 Days
801109,5-6 Days
222145,5-6 Days
743319,5-6 Days
758083,5-6 Days
624220,5-6 Days
503306,5-6 Days
642126,5-6 Days
392220,5-6 Days
563159,5-6 Days
638451,5-6 Days
581113,5-6 Days
848210,5-6 Days
415536,5-6 Days
431718,5-6 Days
344026,5-6 Days
473222,5-6 Days
574165,5-6 Days
328027,5-6 Days
396201,5-6 Days
203155,5-6 Days
762022,5-6 Days
416203,5-6 Days
635122,5-6 Days
638702,5-6 Days
473993,5-6 Days
851101,5-6 Days
711305,5-6 Days
518004,5-6 Days
845419,5-6 Days
244413,5-6 Days
335701,5-6 Days
609312,5-6 Days
122013,5-6 Days
841204,5-6 Days
495009,5-6 Days
788161,5-6 Days
462034,5-6 Days
424318,5-6 Days
144224,5-6 Days
522101,5-6 Days
175106,5-6 Days
518405,5-6 Days
574259,5-6 Days
515401,5-6 Days
502228,5-6 Days
531111,5-6 Days
226501,5-6 Days
676308,5-6 Days
497447,5-6 Days
799004,5-6 Days
392025,5-6 Days
823005,5-6 Days
639104,5-6 Days
600092,5-6 Days
695541,5-6 Days
577113,5-6 Days
411039,5-6 Days
573132,5-6 Days
222146,5-6 Days
621128,5-6 Days
575025,5-6 Days
402401,5-6 Days
276401,5-6 Days
497119,5-6 Days
245101,5-6 Days
602023,5-6 Days
741221,5-6 Days
786150,5-6 Days
678601,5-6 Days
781004,5-6 Days
202131,5-6 Days
123035,5-6 Days
143306,5-6 Days
604502,5-6 Days
174309,5-6 Days
362266,5-6 Days
630302,5-6 Days
733151,5-6 Days
401505,5-6 Days
364315,5-6 Days
517127,5-6 Days
585427,5-6 Days
534416,5-6 Days
635753,5-6 Days
583101,5-6 Days
848236,5-6 Days
627851,5-6 Days
571501,5-6 Days
342009,5-6 Days
495556,5-6 Days
736166,5-6 Days
695526,5-6 Days
770075,5-6 Days
173026,5-6 Days
222129,5-6 Days
144801,5-6 Days
799203,5-6 Days
743134,5-6 Days
274201,5-6 Days
700072,5-6 Days
473105,5-6 Days
518573,5-6 Days
450221,5-6 Days
788099,5-6 Days
416417,5-6 Days
700011,5-6 Days
415806,5-6 Days
212620,5-6 Days
609806,5-6 Days
500044,5-6 Days
621114,5-6 Days
125044,5-6 Days
457779,5-6 Days
497553,5-6 Days
793005,5-6 Days
456770,5-6 Days
532558,5-6 Days
394510,5-6 Days
276202,5-6 Days
249137,5-6 Days
390004,5-6 Days
505527,5-6 Days
453551,5-6 Days
680313,5-6 Days
784504,5-6 Days
263639,5-6 Days
781321,5-6 Days
700034,5-6 Days
483503,5-6 Days
382729,5-6 Days
629167,5-6 Days
816107,5-6 Days
786102,5-6 Days
743507,5-6 Days
394114,5-6 Days
416712,5-6 Days
804429,5-6 Days
533295,5-6 Days
333024,5-6 Days
822110,5-6 Days
147004,5-6 Days
530043,5-6 Days
411005,5-6 Days
413223,5-6 Days
425117,5-6 Days
151001,5-6 Days
757055,5-6 Days
471501,5-6 Days
246401,5-6 Days
781370,5-6 Days
623711,5-6 Days
207246,5-6 Days
160063,5-6 Days
225403,5-6 Days
333502,5-6 Days
497555,5-6 Days
792056,5-6 Days
670663,5-6 Days
781023,5-6 Days
212651,5-6 Days
735121,5-6 Days
560084,5-6 Days
631001,5-6 Days
444802,5-6 Days
400606,5-6 Days
690537,5-6 Days
425522,5-6 Days
508284,5-6 Days
625218,5-6 Days
824130,5-6 Days
454775,5-6 Days
452020,5-6 Days
391145,5-6 Days
679594,5-6 Days
781371,5-6 Days
382012,5-6 Days
628615,5-6 Days
625105,5-6 Days
535124,5-6 Days
781040,5-6 Days
754160,5-6 Days
581119,5-6 Days
515834,5-6 Days
627003,5-6 Days
800015,5-6 Days
431723,5-6 Days
580028,5-6 Days
781124,5-6 Days
784172,5-6 Days
585227,5-6 Days
621001,5-6 Days
224203,5-6 Days
600120,5-6 Days
743165,5-6 Days
484110,5-6 Days
444303,5-6 Days
795001,5-6 Days
402305,5-6 Days
221111,5-6 Days
334803,5-6 Days
370240,5-6 Days
144009,5-6 Days
847308,5-6 Days
676504,5-6 Days
625301,5-6 Days
764046,5-6 Days
503164,5-6 Days
122229,5-6 Days
636902,5-6 Days
700155,5-6 Days
523105,5-6 Days
627818,5-6 Days
332001,5-6 Days
577423,5-6 Days
400081,5-6 Days
736158,5-6 Days
576233,5-6 Days
464331,5-6 Days
638452,5-6 Days
305006,5-6 Days
416616,5-6 Days
509210,5-6 Days
603113,5-6 Days
523240,5-6 Days
423305,5-6 Days
403108,5-6 Days
210429,5-6 Days
721420,5-6 Days
812004,5-6 Days
689513,5-6 Days
796036,5-6 Days
192124,5-6 Days
225303,5-6 Days
784502,5-6 Days
516173,5-6 Days
682311,5-6 Days
452005,5-6 Days
303123,5-6 Days
560008,5-6 Days
123501,5-6 Days
304507,5-6 Days
492099,5-6 Days
122503,5-6 Days
431523,5-6 Days
685581,5-6 Days
781019,5-6 Days
205119,5-6 Days
571123,5-6 Days
506367,5-6 Days
636306,5-6 Days
713334,5-6 Days
532263,5-6 Days
577412,5-6 Days
788120,5-6 Days
203411,5-6 Days
767066,5-6 Days
585201,5-6 Days
442903,5-6 Days
752002,5-6 Days
422605,5-6 Days
202520,5-6 Days
400024,5-6 Days
765016,5-6 Days
625007,5-6 Days
495552,5-6 Days
413251,5-6 Days
363035,5-6 Days
604152,5-6 Days
781309,5-6 Days
382308,5-6 Days
587134,5-6 Days
443304,5-6 Days
841410,5-6 Days
754082,5-6 Days
110021,5-6 Days
423702,5-6 Days
497225,5-6 Days
852218,5-6 Days
562159,5-6 Days
637306,5-6 Days
628902,5-6 Days
304023,5-6 Days
122109,5-6 Days
680102,5-6 Days
781036,5-6 Days
136038,5-6 Days
824303,5-6 Days
610004,5-6 Days
311603,5-6 Days
585237,5-6 Days
496338,5-6 Days
250005,5-6 Days
413115,5-6 Days
524202,5-6 Days
495661,5-6 Days
752003,5-6 Days
560015,5-6 Days
506101,5-6 Days
678101,5-6 Days
629194,5-6 Days
600039,5-6 Days
624305,5-6 Days
691544,5-6 Days
577601,5-6 Days
451666,5-6 Days
462042,5-6 Days
752081,5-6 Days
518442,5-6 Days
212212,5-6 Days
572226,5-6 Days
781336,5-6 Days
332023,5-6 Days
763008,5-6 Days
854365,5-6 Days
388160,5-6 Days
766107,5-6 Days
801302,5-6 Days
627812,5-6 Days
152001,5-6 Days
110091,5-6 Days
233306,5-6 Days
754202,5-6 Days
635852,5-6 Days
205263,5-6 Days
523292,5-6 Days
801103,5-6 Days
362222,5-6 Days
852111,5-6 Days
638060,5-6 Days
396415,5-6 Days
625547,5-6 Days
506314,5-6 Days
394240,5-6 Days
370615,5-6 Days
464995,5-6 Days
743399,5-6 Days
503110,5-6 Days
504101,5-6 Days
431519,5-6 Days
400047,5-6 Days
673633,5-6 Days
491226,5-6 Days
671322,5-6 Days
585425,5-6 Days
321608,5-6 Days
602102,5-6 Days
613502,5-6 Days
486670,5-6 Days
621316,5-6 Days
431006,5-6 Days
695123,5-6 Days
533436,5-6 Days
629404,5-6 Days
247670,5-6 Days
686681,5-6 Days
362230,5-6 Days
581327,5-6 Days
670675,5-6 Days
495668,5-6 Days
793113,5-6 Days
571463,5-6 Days
144027,5-6 Days
695311,5-6 Days
176120,5-6 Days
400700,5-6 Days
384415,5-6 Days
262543,5-6 Days
360320,5-6 Days
500007,5-6 Days
460220,5-6 Days
637405,5-6 Days
190003,5-6 Days
431208,5-6 Days
515456,5-6 Days
382735,5-6 Days
614807,5-6 Days
491993,5-6 Days
574153,5-6 Days
331507,5-6 Days
414003,5-6 Days
743423,5-6 Days
360013,5-6 Days
632507,5-6 Days
535557,5-6 Days
416804,5-6 Days
785622,5-6 Days
638012,5-6 Days
124506,5-6 Days
713155,5-6 Days
505303,5-6 Days
412806,5-6 Days
682006,5-6 Days
142003,5-6 Days
457340,5-6 Days
785638,5-6 Days
628005,5-6 Days
577145,5-6 Days
458118,5-6 Days
695035,5-6 Days
721160,5-6 Days
476111,5-6 Days
695146,5-6 Days
574241,5-6 Days
222148,5-6 Days
628752,5-6 Days
629204,5-6 Days
831016,5-6 Days
461222,5-6 Days
516104,5-6 Days
209735,5-6 Days
500605,5-6 Days
533255,5-6 Days
614706,5-6 Days
690543,5-6 Days
144530,5-6 Days
504215,5-6 Days
151506,5-6 Days
678687,5-6 Days
607201,5-6 Days
229120,5-6 Days
794002,5-6 Days
345001,5-6 Days
313203,5-6 Days
502335,5-6 Days
755012,5-6 Days
770073,5-6 Days
632519,5-6 Days
413513,5-6 Days
110109,5-6 Days
394518,5-6 Days
416119,5-6 Days
509338,5-6 Days
110012,5-6 Days
503187,5-6 Days
535281,5-6 Days
700037,5-6 Days
127032,5-6 Days
682308,5-6 Days
533244,5-6 Days
382865,5-6 Days
221202,5-6 Days
626206,5-6 Days
591222,5-6 Days
477449,5-6 Days
402204,5-6 Days
176039,5-6 Days
229211,5-6 Days
508212,5-6 Days
786001,5-6 Days
144621,5-6 Days
344035,5-6 Days
494771,5-6 Days
627813,5-6 Days
689102,5-6 Days
492012,5-6 Days
686634,5-6 Days
632502,5-6 Days
735251,5-6 Days
246421,5-6 Days
815352,5-6 Days
365630,5-6 Days
134008,5-6 Days
210122,5-6 Days
141020,5-6 Days
695001,5-6 Days
612504,5-6 Days
636204,5-6 Days
391780,5-6 Days
203206,5-6 Days
177601,5-6 Days
442105,5-6 Days
841225,5-6 Days
421402,5-6 Days
800024,5-6 Days
673325,5-6 Days
628218,5-6 Days
403708,5-6 Days
670563,5-6 Days
700041,5-6 Days
414307,5-6 Days
461441,5-6 Days
333504,5-6 Days
341533,5-6 Days
321021,5-6 Days
190005,5-6 Days
802208,5-6 Days
250619,5-6 Days
458339,5-6 Days
792123,5-6 Days
735132,5-6 Days
144207,5-6 Days
614625,5-6 Days
757027,5-6 Days
422222,5-6 Days
673310,5-6 Days
263129,5-6 Days
841447,5-6 Days
382019,5-6 Days
623535,5-6 Days
182143,5-6 Days
673612,5-6 Days
333304,5-6 Days
176109,5-6 Days
226002,5-6 Days
848507,5-6 Days
625522,5-6 Days
679585,5-6 Days
496440,5-6 Days
262121,5-6 Days
193401,5-6 Days
121008,5-6 Days
845420,5-6 Days
713101,5-6 Days
786614,5-6 Days
784027,5-6 Days
843319,5-6 Days
176037,5-6 Days
500032,5-6 Days
848213,5-6 Days
712404,5-6 Days
332709,5-6 Days
502109,5-6 Days
533449,5-6 Days
322216,5-6 Days
607404,5-6 Days
210001,5-6 Days
302038,5-6 Days
364313,5-6 Days
313027,5-6 Days
607207,5-6 Days
800012,5-6 Days
212106,5-6 Days
680523,5-6 Days
415103,5-6 Days
572228,5-6 Days
395005,5-6 Days
632316,5-6 Days
508126,5-6 Days
222001,5-6 Days
754297,5-6 Days
700122,5-6 Days
577515,5-6 Days
742305,5-6 Days
140602,5-6 Days
822114,5-6 Days
230145,5-6 Days
627658,5-6 Days
626115,5-6 Days
624107,5-6 Days
462046,5-6 Days
226015,5-6 Days
691577,5-6 Days
384121,5-6 Days
743193,5-6 Days
271821,5-6 Days
335526,5-6 Days
322249,5-6 Days
583130,5-6 Days
834008,5-6 Days
742156,5-6 Days
642205,5-6 Days
453115,5-6 Days
680512,5-6 Days
642113,5-6 Days
623528,5-6 Days
638107,5-6 Days
416012,5-6 Days
854316,5-6 Days
363755,5-6 Days
481990,5-6 Days
176085,5-6 Days
582208,5-6 Days
482021,5-6 Days
412211,5-6 Days
301427,5-6 Days
230401,5-6 Days
638202,5-6 Days
835227,5-6 Days
802166,5-6 Days
754131,5-6 Days
413543,5-6 Days
276142,5-6 Days
305005,5-6 Days
301018,5-6 Days
411001,5-6 Days
190023,5-6 Days
741506,5-6 Days
500034,5-6 Days
800006,5-6 Days
160003,5-6 Days
673524,5-6 Days
221601,5-6 Days
251319,5-6 Days
609703,5-6 Days
795141,5-6 Days
312616,5-6 Days
629805,5-6 Days
470672,5-6 Days
843131,5-6 Days
144022,5-6 Days
193101,5-6 Days
441228,5-6 Days
509409,5-6 Days
209715,5-6 Days
844120,5-6 Days
362570,5-6 Days
221204,5-6 Days
122104,5-6 Days
641670,5-6 Days
416211,5-6 Days
721169,5-6 Days
626149,5-6 Days
246727,5-6 Days
250604,5-6 Days
691312,5-6 Days
311401,5-6 Days
624210,5-6 Days
495660,5-6 Days
673604,5-6 Days
631201,5-6 Days
413130,5-6 Days
335064,5-6 Days
181134,5-6 Days
523168,5-6 Days
630553,5-6 Days
522304,5-6 Days
683577,5-6 Days
221311,5-6 Days
497118,5-6 Days
534267,5-6 Days
765034,5-6 Days
311404,5-6 Days
743269,5-6 Days
695523,5-6 Days
387355,5-6 Days
123024,5-6 Days
323802,5-6 Days
628103,5-6 Days
795114,5-6 Days
756026,5-6 Days
532429,5-6 Days
416705,5-6 Days
225412,5-6 Days
209723,5-6 Days
263642,5-6 Days
781016,5-6 Days
732151,5-6 Days
125058,5-6 Days
365490,5-6 Days
695034,5-6 Days
560026,5-6 Days
523180,5-6 Days
171211,5-6 Days
629603,5-6 Days
713360,5-6 Days
560029,5-6 Days
221705,5-6 Days
614713,5-6 Days
387360,5-6 Days
638113,5-6 Days
331801,5-6 Days
247772,5-6 Days
283203,5-6 Days
497773,5-6 Days
314034,5-6 Days
413801,5-6 Days
581342,5-6 Days
248197,5-6 Days
451224,5-6 Days
734015,5-6 Days
517213,5-6 Days
495447,5-6 Days
802152,5-6 Days
403801,5-6 Days
829120,5-6 Days
521260,5-6 Days
630208,5-6 Days
535240,5-6 Days
400078,5-6 Days
691574,5-6 Days
191111,5-6 Days
518196,5-6 Days
766021,5-6 Days
843314,5-6 Days
734316,5-6 Days
332708,5-6 Days
721132,5-6 Days
445106,5-6 Days
325007,5-6 Days
695012,5-6 Days
631503,5-6 Days
685583,5-6 Days
560069,5-6 Days
380017,5-6 Days
641671,5-6 Days
362245,5-6 Days
477660,5-6 Days
247452,5-6 Days
425412,5-6 Days
362315,5-6 Days
122000,5-6 Days
679577,5-6 Days
500108,5-6 Days
210302,5-6 Days
635651,5-6 Days
503309,5-6 Days
756059,5-6 Days
607104,5-6 Days
625203,5-6 Days
722111,5-6 Days
691504,5-6 Days
800028,5-6 Days
562127,5-6 Days
413315,5-6 Days
396590,5-6 Days
396475,5-6 Days
813210,5-6 Days
127110,5-6 Days
834005,5-6 Days
574122,5-6 Days
184147,5-6 Days
711112,5-6 Days
670501,5-6 Days
799102,5-6 Days
444711,5-6 Days
600118,5-6 Days
274501,5-6 Days
671543,5-6 Days
148033,5-6 Days
827001,5-6 Days
756041,5-6 Days
562105,5-6 Days
756023,5-6 Days
574197,5-6 Days
805143,5-6 Days
689692,5-6 Days
783351,5-6 Days
415105,5-6 Days
444710,5-6 Days
680697,5-6 Days
431132,5-6 Days
274805,5-6 Days
424312,5-6 Days
176048,5-6 Days
443403,5-6 Days
614624,5-6 Days
533106,5-6 Days
263148,5-6 Days
480559,5-6 Days
824113,5-6 Days
628301,5-6 Days
847451,5-6 Days
494661,5-6 Days
491228,5-6 Days
110052,5-6 Days
301027,5-6 Days
243720,5-6 Days
271882,5-6 Days
148106,5-6 Days
396140,5-6 Days
711401,5-6 Days
400206,5-6 Days
225003,5-6 Days
244251,5-6 Days
736201,5-6 Days
626119,5-6 Days
272125,5-6 Days
712512,5-6 Days
624201,5-6 Days
627202,5-6 Days
522265,5-6 Days
641035,5-6 Days
425410,5-6 Days
782141,5-6 Days
370655,5-6 Days
829112,5-6 Days
764061,5-6 Days
678701,5-6 Days
676517,5-6 Days
621216,5-6 Days
396001,5-6 Days
181142,5-6 Days
342305,5-6 Days
494635,5-6 Days
591120,5-6 Days
788031,5-6 Days
396105,5-6 Days
604102,5-6 Days
673570,5-6 Days
721670,5-6 Days
534427,5-6 Days
343045,5-6 Days
560105,5-6 Days
577101,5-6 Days
311022,5-6 Days
416520,5-6 Days
384255,5-6 Days
631603,5-6 Days
233303,5-6 Days
515762,5-6 Days
571125,5-6 Days
788166,5-6 Days
670141,5-6 Days
480447,5-6 Days
796025,5-6 Days
395008,5-6 Days
263621,5-6 Days
700007,5-6 Days
181131,5-6 Days
835224,5-6 Days
212502,5-6 Days
458775,5-6 Days
721159,5-6 Days
328021,5-6 Days
250007,5-6 Days
403505,5-6 Days
415002,5-6 Days
249302,5-6 Days
533306,5-6 Days
670594,5-6 Days
610203,5-6 Days
620014,5-6 Days
680771,5-6 Days
635304,5-6 Days
785705,5-6 Days
146024,5-6 Days
500991,5-6 Days
575027,5-6 Days
822132,5-6 Days
614628,5-6 Days
676514,5-6 Days
631551,5-6 Days
249301,5-6 Days
603314,5-6 Days
673579,5-6 Days
753121,5-6 Days
754145,5-6 Days
515445,5-6 Days
824208,5-6 Days
686606,5-6 Days
243215,5-6 Days
500104,5-6 Days
713126,5-6 Days
680733,5-6 Days
416215,5-6 Days
636453,5-6 Days
361009,5-6 Days
826003,5-6 Days
524410,5-6 Days
721260,5-6 Days
416009,5-6 Days
152005,5-6 Days
508286,5-6 Days
414204,5-6 Days
756162,5-6 Days
232329,5-6 Days
440032,5-6 Days
247667,5-6 Days
799281,5-6 Days
485113,5-6 Days
382211,5-6 Days
385565,5-6 Days
712616,5-6 Days
415306,5-6 Days
609115,5-6 Days
680669,5-6 Days
334301,5-6 Days
576283,5-6 Days
222002,5-6 Days
671221,5-6 Days
676304,5-6 Days
767070,5-6 Days
678611,5-6 Days
735140,5-6 Days
193303,5-6 Days
476134,5-6 Days
262906,5-6 Days
686575,5-6 Days
685590,5-6 Days
394541,5-6 Days
244412,5-6 Days
586121,5-6 Days
244401,5-6 Days
678597,5-6 Days
229410,5-6 Days
670678,5-6 Days
689113,5-6 Days
803307,5-6 Days
382875,5-6 Days
754110,5-6 Days
243632,5-6 Days
110048,5-6 Days
713333,5-6 Days
847102,5-6 Days
785685,5-6 Days
575004,5-6 Days
733126,5-6 Days
209204,5-6 Days
848125,5-6 Days
273006,5-6 Days
181152,5-6 Days
731136,5-6 Days
521106,5-6 Days
583138,5-6 Days
202415,5-6 Days
394664,5-6 Days
522314,5-6 Days
798613,5-6 Days
689588,5-6 Days
450551,5-6 Days
207002,5-6 Days
627356,5-6 Days
689656,5-6 Days
142032,5-6 Days
786005,5-6 Days
142021,5-6 Days
700093,5-6 Days
302008,5-6 Days
767020,5-6 Days
523260,5-6 Days
671311,5-6 Days
847409,5-6 Days
312023,5-6 Days
825403,5-6 Days
456662,5-6 Days
301032,5-6 Days
620008,5-6 Days
365555,5-6 Days
605014,5-6 Days
803301,5-6 Days
324002,5-6 Days
361012,5-6 Days
673641,5-6 Days
573113,5-6 Days
768016,5-6 Days
271312,5-6 Days
632526,5-6 Days
263135,5-6 Days
638112,5-6 Days
751013,5-6 Days
480002,5-6 Days
571405,5-6 Days
481771,5-6 Days
505214,5-6 Days
643233,5-6 Days
854112,5-6 Days
327026,5-6 Days
248202,5-6 Days
743128,5-6 Days
673026,5-6 Days
683108,5-6 Days
382426,5-6 Days
761122,5-6 Days
768214,5-6 Days
743273,5-6 Days
679581,5-6 Days
160033,5-6 Days
741504,5-6 Days
243724,5-6 Days
384246,5-6 Days
362227,5-6 Days
713202,5-6 Days
781301,5-6 Days
824202,5-6 Days
713424,5-6 Days
673583,5-6 Days
841434,5-6 Days
414702,5-6 Days
743504,5-6 Days
626189,5-6 Days
637412,5-6 Days
312620,5-6 Days
131040,5-6 Days
804422,5-6 Days
392012,5-6 Days
152022,5-6 Days
753002,5-6 Days
523114,5-6 Days
835218,5-6 Days
321301,5-6 Days
394640,5-6 Days
584167,5-6 Days
854116,5-6 Days
848208,5-6 Days
533407,5-6 Days
689629,5-6 Days
828103,5-6 Days
190014,5-6 Days
493449,5-6 Days
411040,5-6 Days
572116,5-6 Days
624008,5-6 Days
421311,5-6 Days
845428,5-6 Days
425508,5-6 Days
416812,5-6 Days
614808,5-6 Days
614303,5-6 Days
637018,5-6 Days
440001,5-6 Days
141027,5-6 Days
231212,5-6 Days
762102,5-6 Days
506001,5-6 Days
711313,5-6 Days
396301,5-6 Days
342001,5-6 Days
585429,5-6 Days
581123,5-6 Days
402115,5-6 Days
470021,5-6 Days
413112,5-6 Days
832401,5-6 Days
799143,5-6 Days
700107,5-6 Days
505153,5-6 Days
140104,5-6 Days
431207,5-6 Days
517124,5-6 Days
623516,5-6 Days
403511,5-6 Days
487334,5-6 Days
490006,5-6 Days
854321,5-6 Days
622003,5-6 Days
497442,5-6 Days
629701,5-6 Days
854330,5-6 Days
621133,5-6 Days
201101,5-6 Days
755040,5-6 Days
380330,5-6 Days
485331,5-6 Days
388051,5-6 Days
425432,5-6 Days
110020,5-6 Days
689585,5-6 Days
623204,5-6 Days
227115,5-6 Days
803216,5-6 Days
176205,5-6 Days
263641,5-6 Days
313803,5-6 Days
533342,5-6 Days
629179,5-6 Days
283104,5-6 Days
577246,5-6 Days
203131,5-6 Days
442710,5-6 Days
324005,5-6 Days
585223,5-6 Days
415304,5-6 Days
572175,5-6 Days
788125,5-6 Days
363020,5-6 Days
679506,5-6 Days
212655,5-6 Days
314401,5-6 Days
679325,5-6 Days
209622,5-6 Days
574221,5-6 Days
450343,5-6 Days
600034,5-6 Days
530037,5-6 Days
431133,5-6 Days
691316,5-6 Days
586111,5-6 Days
711306,5-6 Days
175002,5-6 Days
140105,5-6 Days
781346,5-6 Days
621213,5-6 Days
142026,5-6 Days
757001,5-6 Days
561204,5-6 Days
413528,5-6 Days
505211,5-6 Days
516329,5-6 Days
523246,5-6 Days
124404,5-6 Days
321409,5-6 Days
673652,5-6 Days
686579,5-6 Days
243302,5-6 Days
612006,5-6 Days
761206,5-6 Days
637214,5-6 Days
721517,5-6 Days
581355,5-6 Days
835211,5-6 Days
144213,5-6 Days
175013,5-6 Days
843130,5-6 Days
176110,5-6 Days
517424,5-6 Days
711324,5-6 Days
768032,5-6 Days
783123,5-6 Days
152104,5-6 Days
212307,5-6 Days
767005,5-6 Days
620025,5-6 Days
146115,5-6 Days
176305,5-6 Days
805101,5-6 Days
848301,5-6 Days
689126,5-6 Days
382352,5-6 Days
695586,5-6 Days
423605,5-6 Days
148029,5-6 Days
759122,5-6 Days
854115,5-6 Days
782429,5-6 Days
393140,5-6 Days
824115,5-6 Days
143603,5-6 Days
754204,5-6 Days
507304,5-6 Days
160061,5-6 Days
488051,5-6 Days
248791,5-6 Days
160103,5-6 Days
125104,5-6 Days
628219,5-6 Days
847203,5-6 Days
332042,5-6 Days
445306,5-6 Days
532409,5-6 Days
226027,5-6 Days
760011,5-6 Days
843145,5-6 Days
600072,5-6 Days
679572,5-6 Days
766028,5-6 Days
754013,5-6 Days
632319,5-6 Days
470339,5-6 Days
620024,5-6 Days
841227,5-6 Days
743351,5-6 Days
273161,5-6 Days
829126,5-6 Days
686603,5-6 Days
584170,5-6 Days
277210,5-6 Days
735122,5-6 Days
413105,5-6 Days
843324,5-6 Days
742185,5-6 Days
505304,5-6 Days
627303,5-6 Days
506221,5-6 Days
322202,5-6 Days
442004,5-6 Days
591248,5-6 Days
691510,5-6 Days
147006,5-6 Days
642127,5-6 Days
577321,5-6 Days
227106,5-6 Days
282005,5-6 Days
422606,5-6 Days
365645,5-6 Days
614016,5-6 Days
580003,5-6 Days
521170,5-6 Days
152112,5-6 Days
587301,5-6 Days
607101,5-6 Days
637303,5-6 Days
380013,5-6 Days
342018,5-6 Days
563124,5-6 Days
396130,5-6 Days
799290,5-6 Days
504207,5-6 Days
209729,5-6 Days
741152,5-6 Days
502125,5-6 Days
638656,5-6 Days
272151,5-6 Days
822120,5-6 Days
411067,5-6 Days
711109,5-6 Days
816115,5-6 Days
313004,5-6 Days
306301,5-6 Days
603303,5-6 Days
441907,5-6 Days
464672,5-6 Days
630311,5-6 Days
781313,5-6 Days
233308,5-6 Days
627804,5-6 Days
638466,5-6 Days
784001,5-6 Days
143511,5-6 Days
122009,5-6 Days
151102,5-6 Days
841305,5-6 Days
400410,5-6 Days
786152,5-6 Days
610111,5-6 Days
786611,5-6 Days
180011,5-6 Days
285125,5-6 Days
421204,5-6 Days
614616,5-6 Days
627751,5-6 Days
591213,5-6 Days
767065,5-6 Days
796001,5-6 Days
500060,5-6 Days
685535,5-6 Days
171010,5-6 Days
799010,5-6 Days
688009,5-6 Days
622501,5-6 Days
803221,5-6 Days
224126,5-6 Days
516163,5-6 Days
532440,5-6 Days
396007,5-6 Days
800008,5-6 Days
494001,5-6 Days
600095,5-6 Days
176313,5-6 Days
425509,5-6 Days
606901,5-6 Days
171218,5-6 Days
691520,5-6 Days
275203,5-6 Days
690534,5-6 Days
276136,5-6 Days
590004,5-6 Days
389365,5-6 Days
505325,5-6 Days
247656,5-6 Days
695029,5-6 Days
152129,5-6 Days
574110,5-6 Days
686651,5-6 Days
212104,5-6 Days
574279,5-6 Days
847337,5-6 Days
263632,5-6 Days
396510,5-6 Days
686145,5-6 Days
743194,5-6 Days
637504,5-6 Days
326515,5-6 Days
229406,5-6 Days
591310,5-6 Days
842008,5-6 Days
301412,5-6 Days
735235,5-6 Days
584129,5-6 Days
781367,5-6 Days
843143,5-6 Days
757017,5-6 Days
690552,5-6 Days
625117,5-6 Days
516193,5-6 Days
251314,5-6 Days
601102,5-6 Days
202118,5-6 Days
403202,5-6 Days
248196,5-6 Days
140115,5-6 Days
415111,5-6 Days
175012,5-6 Days
508204,5-6 Days
176103,5-6 Days
363421,5-6 Days
802302,5-6 Days
673593,5-6 Days
242225,5-6 Days
314038,5-6 Days
691508,5-6 Days
530009,5-6 Days
364565,5-6 Days
246726,5-6 Days
630210,5-6 Days
614619,5-6 Days
493228,5-6 Days
229405,5-6 Days
509302,5-6 Days
151007,5-6 Days
606203,5-6 Days
182311,5-6 Days
505405,5-6 Days
501121,5-6 Days
802130,5-6 Days
509385,5-6 Days
535126,5-6 Days
172105,5-6 Days
416620,5-6 Days
416236,5-6 Days
389146,5-6 Days
411010,5-6 Days
574265,5-6 Days
576102,5-6 Days
380005,5-6 Days
786613,5-6 Days
444713,5-6 Days
132145,5-6 Days
825402,5-6 Days
755042,5-6 Days
500486,5-6 Days
799289,5-6 Days
770025,5-6 Days
509335,5-6 Days
325001,5-6 Days
799142,5-6 Days
506343,5-6 Days
732144,5-6 Days
788168,5-6 Days
695018,5-6 Days
534338,5-6 Days
415305,5-6 Days
671531,5-6 Days
635854,5-6 Days
796421,5-6 Days
191113,5-6 Days
411023,5-6 Days
508355,5-6 Days
411061,5-6 Days
638183,5-6 Days
243630,5-6 Days
508105,5-6 Days
827004,5-6 Days
384245,5-6 Days
416404,5-6 Days
691311,5-6 Days
534315,5-6 Days
306702,5-6 Days
620004,5-6 Days
570022,5-6 Days
361101,5-6 Days
400094,5-6 Days
132118,5-6 Days
821111,5-6 Days
226401,5-6 Days
841202,5-6 Days
483501,5-6 Days
802135,5-6 Days
202417,5-6 Days
742308,5-6 Days
522318,5-6 Days
110117,5-6 Days
176053,5-6 Days
495557,5-6 Days
685620,5-6 Days
500069,5-6 Days
364720,5-6 Days
685565,5-6 Days
637402,5-6 Days
577127,5-6 Days
500036,5-6 Days
262501,5-6 Days
140201,5-6 Days
815355,5-6 Days
160013,5-6 Days
534145,5-6 Days
135133,5-6 Days
342026,5-6 Days
844122,5-6 Days
466651,5-6 Days
770013,5-6 Days
799286,5-6 Days
303704,5-6 Days
787053,5-6 Days
176091,5-6 Days
334306,5-6 Days
415101,5-6 Days
680564,5-6 Days
243641,5-6 Days
631553,5-6 Days
591109,5-6 Days
636354,5-6 Days
758025,5-6 Days
322238,5-6 Days
210425,5-6 Days
643206,5-6 Days
821113,5-6 Days
517247,5-6 Days
384325,5-6 Days
624209,5-6 Days
321206,5-6 Days
516269,5-6 Days
311806,5-6 Days
271123,5-6 Days
686642,5-6 Days
134105,5-6 Days
785636,5-6 Days
421602,5-6 Days
573210,5-6 Days
600121,5-6 Days
743122,5-6 Days
521255,5-6 Days
160012,5-6 Days
174401,5-6 Days
521331,5-6 Days
464668,5-6 Days
534351,5-6 Days
502290,5-6 Days
643105,5-6 Days
475110,5-6 Days
344023,5-6 Days
757054,5-6 Days
385130,5-6 Days
679533,5-6 Days
691303,5-6 Days
828128,5-6 Days
804425,5-6 Days
383410,5-6 Days
495335,5-6 Days
302037,5-6 Days
172110,5-6 Days
263159,5-6 Days
521139,5-6 Days
824114,5-6 Days
524142,5-6 Days
492009,5-6 Days
683542,5-6 Days
201300,5-6 Days
453555,5-6 Days
208011,5-6 Days
805121,5-6 Days
721432,5-6 Days
614801,5-6 Days
522018,5-6 Days
500087,5-6 Days
700063,5-6 Days
360576,5-6 Days
500105,5-6 Days
230129,5-6 Days
782428,5-6 Days
831019,5-6 Days
734406,5-6 Days
121013,5-6 Days
461551,5-6 Days
415606,5-6 Days
607103,5-6 Days
530020,5-6 Days
625205,5-6 Days
505473,5-6 Days
629002,5-6 Days
210206,5-6 Days
605001,5-6 Days
396460,5-6 Days
396031,5-6 Days
700135,5-6 Days
271835,5-6 Days
221104,5-6 Days
313013,5-6 Days
341520,5-6 Days
431215,5-6 Days
412216,5-6 Days
757052,5-6 Days
621010,5-6 Days
341316,5-6 Days
401401,5-6 Days
793161,5-6 Days
461114,5-6 Days
224195,5-6 Days
686021,5-6 Days
361142,5-6 Days
152023,5-6 Days
175128,5-6 Days
741318,5-6 Days
782010,5-6 Days
768002,5-6 Days
561201,5-6 Days
124139,5-6 Days
713165,5-6 Days
209867,5-6 Days
171102,5-6 Days
606207,5-6 Days
110005,5-6 Days
626571,5-6 Days
686141,5-6 Days
500015,5-6 Days
622001,5-6 Days
322224,5-6 Days
624601,5-6 Days
389130,5-6 Days
801112,5-6 Days
802114,5-6 Days
394633,5-6 Days
643007,5-6 Days
770042,5-6 Days
755003,5-6 Days
151005,5-6 Days
285205,5-6 Days
800029,5-6 Days
678592,5-6 Days
506163,5-6 Days
713172,5-6 Days
625107,5-6 Days
192102,5-6 Days
685505,5-6 Days
482003,5-6 Days
570029,5-6 Days
507169,5-6 Days
851115,5-6 Days
766027,5-6 Days
273162,5-6 Days
382860,5-6 Days
670651,5-6 Days
679588,5-6 Days
396427,5-6 Days
601203,5-6 Days
585211,5-6 Days
282009,5-6 Days
852126,5-6 Days
384003,5-6 Days
802178,5-6 Days
141016,5-6 Days
393030,5-6 Days
643209,5-6 Days
312022,5-6 Days
841211,5-6 Days
786101,5-6 Days
425419,5-6 Days
533008,5-6 Days
431135,5-6 Days
574139,5-6 Days
414603,5-6 Days
271826,5-6 Days
731224,5-6 Days
487221,5-6 Days
785614,5-6 Days
518166,5-6 Days
582123,5-6 Days
522657,5-6 Days
678554,5-6 Days
695003,5-6 Days
301416,5-6 Days
335804,5-6 Days
841203,5-6 Days
731222,5-6 Days
680305,5-6 Days
695616,5-6 Days
231312,5-6 Days
413304,5-6 Days
321607,5-6 Days
691525,5-6 Days
504306,5-6 Days
143532,5-6 Days
788152,5-6 Days
515201,5-6 Days
184101,5-6 Days
250221,5-6 Days
686037,5-6 Days
621210,5-6 Days
312621,5-6 Days
416011,5-6 Days
422203,5-6 Days
457333,5-6 Days
813206,5-6 Days
518222,5-6 Days
785109,5-6 Days
301019,5-6 Days
843317,5-6 Days
522549,5-6 Days
509130,5-6 Days
783331,5-6 Days
341512,5-6 Days
574148,5-6 Days
534126,5-6 Days
534250,5-6 Days
360045,5-6 Days
847108,5-6 Days
143303,5-6 Days
673617,5-6 Days
382780,5-6 Days
328025,5-6 Days
302804,5-6 Days
403718,5-6 Days
416814,5-6 Days
487337,5-6 Days
134003,5-6 Days
162630,5-6 Days
758080,5-6 Days
713363,5-6 Days
271801,5-6 Days
609308,5-6 Days
144508,5-6 Days
638311,5-6 Days
389352,5-6 Days
360575,5-6 Days
635303,5-6 Days
392003,5-6 Days
580027,5-6 Days
396040,5-6 Days
224133,5-6 Days
415613,5-6 Days
761045,5-6 Days
173208,5-6 Days
462045,5-6 Days
676309,5-6 Days
803101,5-6 Days
221010,5-6 Days
571121,5-6 Days
614804,5-6 Days
685615,5-6 Days
639114,5-6 Days
457002,5-6 Days
788726,5-6 Days
241121,5-6 Days
600019,5-6 Days
496551,5-6 Days
754001,5-6 Days
733134,5-6 Days
470675,5-6 Days
743222,5-6 Days
670109,5-6 Days
767048,5-6 Days
303326,5-6 Days
500004,5-6 Days
813207,5-6 Days
689574,5-6 Days
606611,5-6 Days
343048,5-6 Days
802215,5-6 Days
688540,5-6 Days
523281,5-6 Days
444708,5-6 Days
224190,5-6 Days
600090,5-6 Days
523241,5-6 Days
387435,5-6 Days
712417,5-6 Days
303006,5-6 Days
686504,5-6 Days
401501,5-6 Days
275306,5-6 Days
303907,5-6 Days
845454,5-6 Days
212213,5-6 Days
321024,5-6 Days
585322,5-6 Days
627359,5-6 Days
222181,5-6 Days
713130,5-6 Days
743374,5-6 Days
232103,5-6 Days
695316,5-6 Days
502130,5-6 Days
250401,5-6 Days
741401,5-6 Days
305406,5-6 Days
712413,5-6 Days
140604,5-6 Days
522002,5-6 Days
175040,5-6 Days
473770,5-6 Days
523369,5-6 Days
711101,5-6 Days
504205,5-6 Days
458558,5-6 Days
636304,5-6 Days
335038,5-6 Days
560044,5-6 Days
491995,5-6 Days
686564,5-6 Days
160028,5-6 Days
604401,5-6 Days
572141,5-6 Days
328037,5-6 Days
531126,5-6 Days
643221,5-6 Days
262722,5-6 Days
233232,5-6 Days
676519,5-6 Days
233229,5-6 Days
802204,5-6 Days
784144,5-6 Days
382021,5-6 Days
141033,5-6 Days
686016,5-6 Days
445216,5-6 Days
518349,5-6 Days
503111,5-6 Days
263137,5-6 Days
752014,5-6 Days
244302,5-6 Days
641015,5-6 Days
223104,5-6 Days
534275,5-6 Days
284406,5-6 Days
628712,5-6 Days
671544,5-6 Days
485771,5-6 Days
764063,5-6 Days
273155,5-6 Days
854311,5-6 Days
396580,5-6 Days
680595,5-6 Days
396051,5-6 Days
403518,5-6 Days
690010,5-6 Days
673592,5-6 Days
416603,5-6 Days
642129,5-6 Days
756129,5-6 Days
229881,5-6 Days
415709,5-6 Days
765023,5-6 Days
600065,5-6 Days
691001,5-6 Days
782135,5-6 Days
606804,5-6 Days
362269,5-6 Days
410410,5-6 Days
523280,5-6 Days
306902,5-6 Days
735231,5-6 Days
341031,5-6 Days
825315,5-6 Days
570014,5-6 Days
796410,5-6 Days
581334,5-6 Days
504310,5-6 Days
721634,5-6 Days
700027,5-6 Days
314029,5-6 Days
473662,5-6 Days
722180,5-6 Days
632402,5-6 Days
516172,5-6 Days
124416,5-6 Days
841205,5-6 Days
829117,5-6 Days
574285,5-6 Days
572216,5-6 Days
177108,5-6 Days
587125,5-6 Days
444311,5-6 Days
761027,5-6 Days
627817,5-6 Days
301403,5-6 Days
208018,5-6 Days
415303,5-6 Days
141104,5-6 Days
804435,5-6 Days
402120,5-6 Days
209304,5-6 Days
230121,5-6 Days
271125,5-6 Days
700082,5-6 Days
641404,5-6 Days
445210,5-6 Days
283110,5-6 Days
742123,5-6 Days
804420,5-6 Days
509219,5-6 Days
273304,5-6 Days
600085,5-6 Days
143533,5-6 Days
450337,5-6 Days
843109,5-6 Days
521123,5-6 Days
534401,5-6 Days
600106,5-6 Days
562122,5-6 Days
382345,5-6 Days
606702,5-6 Days
626003,5-6 Days
243303,5-6 Days
394235,5-6 Days
754218,5-6 Days
533261,5-6 Days
497116,5-6 Days
679304,5-6 Days
532457,5-6 Days
135002,5-6 Days
174405,5-6 Days
686692,5-6 Days
833217,5-6 Days
560113,5-6 Days
301411,5-6 Days
754219,5-6 Days
515763,5-6 Days
689643,5-6 Days
207120,5-6 Days
413214,5-6 Days
431801,5-6 Days
411033,5-6 Days
851111,5-6 Days
639101,5-6 Days
212658,5-6 Days
761208,5-6 Days
585423,5-6 Days
609310,5-6 Days
530051,5-6 Days
503302,5-6 Days
574248,5-6 Days
206123,5-6 Days
261131,5-6 Days
628617,5-6 Days
335024,5-6 Days
591318,5-6 Days
431703,5-6 Days
585416,5-6 Days
151006,5-6 Days
795138,5-6 Days
388239,5-6 Days
803108,5-6 Days
346002,5-6 Days
682319,5-6 Days
743613,5-6 Days
458220,5-6 Days
843101,5-6 Days
769014,5-6 Days
263634,5-6 Days
770020,5-6 Days
530028,5-6 Days
416531,5-6 Days
416008,5-6 Days
517299,5-6 Days
600042,5-6 Days
622412,5-6 Days
177112,5-6 Days
627603,5-6 Days
486775,5-6 Days
637209,5-6 Days
504001,5-6 Days
786146,5-6 Days
518346,5-6 Days
522017,5-6 Days
209871,5-6 Days
676109,5-6 Days
680307,5-6 Days
410101,5-6 Days
533440,5-6 Days
804402,5-6 Days
636812,5-6 Days
431710,5-6 Days
212621,5-6 Days
731303,5-6 Days
307526,5-6 Days
441213,5-6 Days
422110,5-6 Days
759148,5-6 Days
782446,5-6 Days
785015,5-6 Days
680320,5-6 Days
670581,5-6 Days
246747,5-6 Days
306912,5-6 Days
607801,5-6 Days
132103,5-6 Days
583229,5-6 Days
274306,5-6 Days
140402,5-6 Days
851219,5-6 Days
360490,5-6 Days
670004,5-6 Days
325216,5-6 Days
799022,5-6 Days
262203,5-6 Days
768040,5-6 Days
695610,5-6 Days
575026,5-6 Days
828305,5-6 Days
788006,5-6 Days
277204,5-6 Days
521190,5-6 Days
756132,5-6 Days
733130,5-6 Days
602021,5-6 Days
388550,5-6 Days
627808,5-6 Days
785687,5-6 Days
160024,5-6 Days
605010,5-6 Days
346004,5-6 Days
733210,5-6 Days
573118,5-6 Days
816118,5-6 Days
431131,5-6 Days
623202,5-6 Days
605604,5-6 Days
825335,5-6 Days
160016,5-6 Days
695038,5-6 Days
583124,5-6 Days
609503,5-6 Days
574244,5-6 Days
455118,5-6 Days
402304,5-6 Days
800111,5-6 Days
221313,5-6 Days
246723,5-6 Days
415003,5-6 Days
442003,5-6 Days
785101,5-6 Days
203209,5-6 Days
691554,5-6 Days
201312,5-6 Days
302010,5-6 Days
759104,5-6 Days
313025,5-6 Days
833212,5-6 Days
517571,5-6 Days
131310,5-6 Days
111112,5-6 Days
572135,5-6 Days
574201,5-6 Days
221001,5-6 Days
122227,5-6 Days
142060,5-6 Days
474020,5-6 Days
741248,5-6 Days
226012,5-6 Days
244925,5-6 Days
250205,5-6 Days
464774,5-6 Days
455001,5-6 Days
572132,5-6 Days
627716,5-6 Days
711416,5-6 Days
713518,5-6 Days
641016,5-6 Days
244901,5-6 Days
642122,5-6 Days
825312,5-6 Days
141108,5-6 Days
396350,5-6 Days
611110,5-6 Days
500762,5-6 Days
388306,5-6 Days
509217,5-6 Days
222144,5-6 Days
133105,5-6 Days
431143,5-6 Days
743125,5-6 Days
532462,5-6 Days
262551,5-6 Days
700121,5-6 Days
507210,5-6 Days
306401,5-6 Days
571108,5-6 Days
624204,5-6 Days
444402,5-6 Days
212216,5-6 Days
788012,5-6 Days
509201,5-6 Days
313901,5-6 Days
442503,5-6 Days
226022,5-6 Days
262411,5-6 Days
585412,5-6 Days
848102,5-6 Days
123504,5-6 Days
623403,5-6 Days
803206,5-6 Days
224146,5-6 Days
822122,5-6 Days
141113,5-6 Days
147111,5-6 Days
577140,5-6 Days
700123,5-6 Days
571128,5-6 Days
400611,5-6 Days
209746,5-6 Days
534186,5-6 Days
207126,5-6 Days
302027,5-6 Days
110607,5-6 Days
507136,5-6 Days
733153,5-6 Days
482020,5-6 Days
486886,5-6 Days
388131,5-6 Days
591346,5-6 Days
625001,5-6 Days
853204,5-6 Days
401105,5-6 Days
148107,5-6 Days
396065,5-6 Days
281503,5-6 Days
495686,5-6 Days
431004,5-6 Days
843139,5-6 Days
365535,5-6 Days
686038,5-6 Days
754226,5-6 Days
522213,5-6 Days
516411,5-6 Days
521214,5-6 Days
224206,5-6 Days
229402,5-6 Days
210129,5-6 Days
691540,5-6 Days
781305,5-6 Days
743354,5-6 Days
211002,5-6 Days
403109,5-6 Days
515611,5-6 Days
185131,5-6 Days
303905,5-6 Days
177501,5-6 Days
422607,5-6 Days
480106,5-6 Days
680103,5-6 Days
721242,5-6 Days
321022,5-6 Days
444701,5-6 Days
416536,5-6 Days
721404,5-6 Days
689125,5-6 Days
122211,5-6 Days
202121,5-6 Days
627304,5-6 Days
758028,5-6 Days
422102,5-6 Days
416610,5-6 Days
722203,5-6 Days
516362,5-6 Days
500038,5-6 Days
761025,5-6 Days
223224,5-6 Days
521158,5-6 Days
501143,5-6 Days
177117,5-6 Days
212641,5-6 Days
642130,5-6 Days
712403,5-6 Days
626205,5-6 Days
181123,5-6 Days
695313,5-6 Days
202412,5-6 Days
591303,5-6 Days
496118,5-6 Days
262702,5-6 Days
241404,5-6 Days
785005,5-6 Days
523226,5-6 Days
329090,5-6 Days
625512,5-6 Days
517113,5-6 Days
413706,5-6 Days
732201,5-6 Days
606703,5-6 Days
822102,5-6 Days
391510,5-6 Days
180006,5-6 Days
271126,5-6 Days
401201,5-6 Days
497331,5-6 Days
224176,5-6 Days
502103,5-6 Days
414304,5-6 Days
721446,5-6 Days
441613,5-6 Days
721232,5-6 Days
582216,5-6 Days
700115,5-6 Days
391520,5-6 Days
221504,5-6 Days
742137,5-6 Days
591113,5-6 Days
342027,5-6 Days
285203,5-6 Days
144527,5-6 Days
641652,5-6 Days
712148,5-6 Days
562158,5-6 Days
683555,5-6 Days
713367,5-6 Days
176041,5-6 Days
680325,5-6 Days
413582,5-6 Days
751012,5-6 Days
500066,5-6 Days
456441,5-6 Days
450001,5-6 Days
530012,5-6 Days
711001,5-6 Days
680511,5-6 Days
754143,5-6 Days
263655,5-6 Days
741171,5-6 Days
600114,5-6 Days
785602,5-6 Days
691522,5-6 Days
609701,5-6 Days
823311,5-6 Days
762010,5-6 Days
841507,5-6 Days
574111,5-6 Days
636305,5-6 Days
695131,5-6 Days
700137,5-6 Days
441806,5-6 Days
273211,5-6 Days
305628,5-6 Days
532221,5-6 Days
825324,5-6 Days
493116,5-6 Days
462015,5-6 Days
643006,5-6 Days
203402,5-6 Days
483775,5-6 Days
303503,5-6 Days
627119,5-6 Days
312612,5-6 Days
686583,5-6 Days
362510,5-6 Days
682052,5-6 Days
678575,5-6 Days
229135,5-6 Days
785106,5-6 Days
440025,5-6 Days
854208,5-6 Days
691519,5-6 Days
522258,5-6 Days
521402,5-6 Days
678501,5-6 Days
305412,5-6 Days
123503,5-6 Days
741402,5-6 Days
585333,5-6 Days
171210,5-6 Days
272271,5-6 Days
756134,5-6 Days
784105,5-6 Days
630005,5-6 Days
695306,5-6 Days
249402,5-6 Days
781128,5-6 Days
385007,5-6 Days
516107,5-6 Days
689549,5-6 Days
590011,5-6 Days
784177,5-6 Days
506368,5-6 Days
757050,5-6 Days
620007,5-6 Days
796772,5-6 Days
847237,5-6 Days
142045,5-6 Days
212205,5-6 Days
761043,5-6 Days
639102,5-6 Days
244003,5-6 Days
388450,5-6 Days
609401,5-6 Days
783314,5-6 Days
847231,5-6 Days
394170,5-6 Days
600010,5-6 Days
741255,5-6 Days
732213,5-6 Days
422101,5-6 Days
751008,5-6 Days
695130,5-6 Days
402116,5-6 Days
464770,5-6 Days
444911,5-6 Days
473111,5-6 Days
786189,5-6 Days
752094,5-6 Days
700061,5-6 Days
313328,5-6 Days
841428,5-6 Days
563121,5-6 Days
574101,5-6 Days
176083,5-6 Days
110033,5-6 Days
212011,5-6 Days
246155,5-6 Days
691528,5-6 Days
176219,5-6 Days
758084,5-6 Days
151103,5-6 Days
517621,5-6 Days
503108,5-6 Days
679584,5-6 Days
571126,5-6 Days
473781,5-6 Days
505001,5-6 Days
795132,5-6 Days
622406,5-6 Days
577425,5-6 Days
584111,5-6 Days
735203,5-6 Days
824213,5-6 Days
689548,5-6 Days
413225,5-6 Days
690104,5-6 Days
768104,5-6 Days
413411,5-6 Days
440017,5-6 Days
695607,5-6 Days
712406,5-6 Days
517425,5-6 Days
796751,5-6 Days
682015,5-6 Days
533101,5-6 Days
721635,5-6 Days
400053,5-6 Days
301020,5-6 Days
842006,5-6 Days
632406,5-6 Days
411016,5-6 Days
762105,5-6 Days
263676,5-6 Days
848113,5-6 Days
414104,5-6 Days
723144,5-6 Days
425125,5-6 Days
394116,5-6 Days
275305,5-6 Days
141000,5-6 Days
502312,5-6 Days
451443,5-6 Days
517619,5-6 Days
277401,5-6 Days
783390,5-6 Days
392026,5-6 Days
761054,5-6 Days
691505,5-6 Days
576108,5-6 Days
721141,5-6 Days
307023,5-6 Days
504104,5-6 Days
627955,5-6 Days
731244,5-6 Days
700139,5-6 Days
202136,5-6 Days
623527,5-6 Days
758043,5-6 Days
362630,5-6 Days
841256,5-6 Days
723149,5-6 Days
202002,5-6 Days
524344,5-6 Days
843114,5-6 Days
689545,5-6 Days
461221,5-6 Days
141110,5-6 Days
797115,5-6 Days
416101,5-6 Days
421405,5-6 Days
686103,5-6 Days
244002,5-6 Days
425102,5-6 Days
202155,5-6 Days
125101,5-6 Days
146107,5-6 Days
766117,5-6 Days
732209,5-6 Days
766102,5-6 Days
247663,5-6 Days
852216,5-6 Days
680663,5-6 Days
271317,5-6 Days
122223,5-6 Days
210431,5-6 Days
393130,5-6 Days
321203,5-6 Days
500068,5-6 Days
845423,5-6 Days
690519,5-6 Days
307044,5-6 Days
382240,5-6 Days
110054,5-6 Days
506342,5-6 Days
743377,5-6 Days
147021,5-6 Days
207404,5-6 Days
445213,5-6 Days
431802,5-6 Days
500482,5-6 Days
734436,5-6 Days
670014,5-6 Days
785644,5-6 Days
782410,5-6 Days
700147,5-6 Days
799007,5-6 Days
400022,5-6 Days
506316,5-6 Days
271309,5-6 Days
621801,5-6 Days
394405,5-6 Days
202129,5-6 Days
626145,5-6 Days
143505,5-6 Days
670308,5-6 Days
785681,5-6 Days
141414,5-6 Days
221309,5-6 Days
641111,5-6 Days
151108,5-6 Days
172031,5-6 Days
500026,5-6 Days
761001,5-6 Days
802103,5-6 Days
577553,5-6 Days
561207,5-6 Days
611108,5-6 Days
274506,5-6 Days
333705,5-6 Days
828121,5-6 Days
852138,5-6 Days
768204,5-6 Days
361140,5-6 Days
246148,5-6 Days
523213,5-6 Days
452010,5-6 Days
723127,5-6 Days
483220,5-6 Days
768001,5-6 Days
791111,5-6 Days
495554,5-6 Days
425406,5-6 Days
741185,5-6 Days
497114,5-6 Days
518395,5-6 Days
768028,5-6 Days
786692,5-6 Days
305816,5-6 Days
803118,5-6 Days
201019,5-6 Days
613009,5-6 Days
332315,5-6 Days
577417,5-6 Days
175001,5-6 Days
689503,5-6 Days
632104,5-6 Days
401502,5-6 Days
785697,5-6 Days
110031,5-6 Days
788709,5-6 Days
814120,5-6 Days
203396,5-6 Days
841446,5-6 Days
533448,5-6 Days
424003,5-6 Days
601302,5-6 Days
125006,5-6 Days
563130,5-6 Days
690556,5-6 Days
142035,5-6 Days
628211,5-6 Days
227802,5-6 Days
362205,5-6 Days
736181,5-6 Days
723103,5-6 Days
637201,5-6 Days
411043,5-6 Days
507305,5-6 Days
122208,5-6 Days
600059,5-6 Days
625540,5-6 Days
416304,5-6 Days
151105,5-6 Days
680542,5-6 Days
410511,5-6 Days
800021,5-6 Days
361011,5-6 Days
110502,5-6 Days
613101,5-6 Days
835324,5-6 Days
506333,5-6 Days
141305,5-6 Days
625529,5-6 Days
208008,5-6 Days
410220,5-6 Days
521345,5-6 Days
391170,5-6 Days
143113,5-6 Days
412202,5-6 Days
413104,5-6 Days
713513,5-6 Days
148109,5-6 Days
223225,5-6 Days
362150,5-6 Days
233221,5-6 Days
736122,5-6 Days
370630,5-6 Days
206247,5-6 Days
506371,5-6 Days
832107,5-6 Days
263620,5-6 Days
391350,5-6 Days
123003,5-6 Days
445304,5-6 Days
452015,5-6 Days
312622,5-6 Days
642005,5-6 Days
761028,5-6 Days
848101,5-6 Days
829114,5-6 Days
761120,5-6 Days
673542,5-6 Days
638052,5-6 Days
786158,5-6 Days
502371,5-6 Days
583139,5-6 Days
193198,5-6 Days
673001,5-6 Days
203203,5-6 Days
638005,5-6 Days
757051,5-6 Days
854332,5-6 Days
458669,5-6 Days
444723,5-6 Days
736118,5-6 Days
852107,5-6 Days
603109,5-6 Days
584140,5-6 Days
632106,5-6 Days
611104,5-6 Days
573149,5-6 Days
180013,5-6 Days
244235,5-6 Days
586215,5-6 Days
273406,5-6 Days
637505,5-6 Days
494332,5-6 Days
342015,5-6 Days
680003,5-6 Days
680122,5-6 Days
491445,5-6 Days
571401,5-6 Days
835217,5-6 Days
473774,5-6 Days
695007,5-6 Days
584135,5-6 Days
591283,5-6 Days
442908,5-6 Days
752109,5-6 Days
431731,5-6 Days
248010,5-6 Days
627453,5-6 Days
141413,5-6 Days
382421,5-6 Days
490005,5-6 Days
392111,5-6 Days
241203,5-6 Days
509320,5-6 Days
713385,5-6 Days
160040,5-6 Days
333501,5-6 Days
683106,5-6 Days
759123,5-6 Days
614030,5-6 Days
229802,5-6 Days
800022,5-6 Days
560038,5-6 Days
671123,5-6 Days
443202,5-6 Days
247771,5-6 Days
802216,5-6 Days
781101,5-6 Days
638502,5-6 Days
754010,5-6 Days
577427,5-6 Days
843162,5-6 Days
391320,5-6 Days
385010,5-6 Days
246487,5-6 Days
532401,5-6 Days
171206,5-6 Days
508205,5-6 Days
443201,5-6 Days
360370,5-6 Days
759116,5-6 Days
608702,5-6 Days
285206,5-6 Days
813228,5-6 Days
493332,5-6 Days
176055,5-6 Days
686698,5-6 Days
521134,5-6 Days
365560,5-6 Days
247665,5-6 Days
824203,5-6 Days
416703,5-6 Days
781134,5-6 Days
142055,5-6 Days
360018,5-6 Days
605202,5-6 Days
685587,5-6 Days
143408,5-6 Days
222107,5-6 Days
144520,5-6 Days
571201,5-6 Days
621717,5-6 Days
384122,5-6 Days
505475,5-6 Days
712416,5-6 Days
742184,5-6 Days
515761,5-6 Days
211011,5-6 Days
454221,5-6 Days
221303,5-6 Days
752083,5-6 Days
625052,5-6 Days
425326,5-6 Days
444606,5-6 Days
521263,5-6 Days
509349,5-6 Days
413717,5-6 Days
335802,5-6 Days
508278,5-6 Days
394150,5-6 Days
688587,5-6 Days
680566,5-6 Days
385330,5-6 Days
741513,5-6 Days
241201,5-6 Days
151508,5-6 Days
585329,5-6 Days
208005,5-6 Days
843321,5-6 Days
505208,5-6 Days
410203,5-6 Days
700036,5-6 Days
625528,5-6 Days
284129,5-6 Days
631152,5-6 Days
641107,5-6 Days
768103,5-6 Days
587316,5-6 Days
635120,5-6 Days
621105,5-6 Days
682023,5-6 Days
212207,5-6 Days
305817,5-6 Days
504203,5-6 Days
333040,5-6 Days
620023,5-6 Days
600075,5-6 Days
425413,5-6 Days
636351,5-6 Days
222161,5-6 Days
534402,5-6 Days
202170,5-6 Days
241501,5-6 Days
623107,5-6 Days
575001,5-6 Days
391346,5-6 Days
462022,5-6 Days
722160,5-6 Days
484661,5-6 Days
522311,5-6 Days
825137,5-6 Days
322702,5-6 Days
632204,5-6 Days
623566,5-6 Days
732141,5-6 Days
125003,5-6 Days
800003,5-6 Days
530031,5-6 Days
208013,5-6 Days
274301,5-6 Days
201002,5-6 Days
131103,5-6 Days
683502,5-6 Days
623530,5-6 Days
423402,5-6 Days
209112,5-6 Days
700028,5-6 Days
638211,5-6 Days
835228,5-6 Days
242307,5-6 Days
403107,5-6 Days
673522,5-6 Days
175048,5-6 Days
466331,5-6 Days
335523,5-6 Days
788005,5-6 Days
673639,5-6 Days
413206,5-6 Days
700035,5-6 Days
623106,5-6 Days
160027,5-6 Days
493441,5-6 Days
388510,5-6 Days
206126,5-6 Days
585414,5-6 Days
690106,5-6 Days
176093,5-6 Days
629189,5-6 Days
691333,5-6 Days
587205,5-6 Days
754032,5-6 Days
503310,5-6 Days
623524,5-6 Days
413409,5-6 Days
689665,5-6 Days
132140,5-6 Days
486001,5-6 Days
534111,5-6 Days
125133,5-6 Days
517403,5-6 Days
793001,5-6 Days
632601,5-6 Days
473338,5-6 Days
825326,5-6 Days
735229,5-6 Days
486892,5-6 Days
695512,5-6 Days
143521,5-6 Days
639107,5-6 Days
132106,5-6 Days
201202,5-6 Days
144622,5-6 Days
754208,5-6 Days
361001,5-6 Days
122504,5-6 Days
794115,5-6 Days
394352,5-6 Days
518347,5-6 Days
572104,5-6 Days
531075,5-6 Days
742167,5-6 Days
412114,5-6 Days
273302,5-6 Days
370105,5-6 Days
743385,5-6 Days
627754,5-6 Days
691515,5-6 Days
824237,5-6 Days
630612,5-6 Days
713204,5-6 Days
509351,5-6 Days
516259,5-6 Days
503301,5-6 Days
385520,5-6 Days
682303,5-6 Days
415019,5-6 Days
533229,5-6 Days
321410,5-6 Days
691551,5-6 Days
125004,5-6 Days
573121,5-6 Days
226106,5-6 Days
847223,5-6 Days
321303,5-6 Days
787057,5-6 Days
686610,5-6 Days
141114,5-6 Days
175124,5-6 Days
400058,5-6 Days
516126,5-6 Days
441912,5-6 Days
400008,5-6 Days
209726,5-6 Days
160004,5-6 Days
415010,5-6 Days
591182,5-6 Days
636810,5-6 Days
670705,5-6 Days
229201,5-6 Days
534442,5-6 Days
328038,5-6 Days
782445,5-6 Days
531151,5-6 Days
494122,5-6 Days
458001,5-6 Days
521001,5-6 Days
134110,5-6 Days
423603,5-6 Days
176324,5-6 Days
422206,5-6 Days
673029,5-6 Days
613704,5-6 Days
321025,5-6 Days
627121,5-6 Days
210100,5-6 Days
609108,5-6 Days
768036,5-6 Days
127025,5-6 Days
460669,5-6 Days
534411,5-6 Days
603102,5-6 Days
575014,5-6 Days
627302,5-6 Days
688529,5-6 Days
415202,5-6 Days
142011,5-6 Days
148017,5-6 Days
754280,5-6 Days
491666,5-6 Days
690508,5-6 Days
600109,5-6 Days
627951,5-6 Days
202398,5-6 Days
261404,5-6 Days
742301,5-6 Days
571122,5-6 Days
313211,5-6 Days
577549,5-6 Days
571438,5-6 Days
121005,5-6 Days
125049,5-6 Days
825413,5-6 Days
110013,5-6 Days
522005,5-6 Days
572136,5-6 Days
769002,5-6 Days
121102,5-6 Days
509209,5-6 Days
572120,5-6 Days
403111,5-6 Days
733209,5-6 Days
400067,5-6 Days
451440,5-6 Days
495553,5-6 Days
759101,5-6 Days
251310,5-6 Days
562121,5-6 Days
685571,5-6 Days
176088,5-6 Days
461122,5-6 Days
482056,5-6 Days
843349,5-6 Days
312401,5-6 Days
431002,5-6 Days
171005,5-6 Days
173212,5-6 Days
631302,5-6 Days
393151,5-6 Days
534218,5-6 Days
533232,5-6 Days
626565,5-6 Days
612505,5-6 Days
734100,5-6 Days
454773,5-6 Days
795150,5-6 Days
422303,5-6 Days
609101,5-6 Days
801102,5-6 Days
135102,5-6 Days
560076,5-6 Days
695011,5-6 Days
721151,5-6 Days
232112,5-6 Days
690510,5-6 Days
301423,5-6 Days
212206,5-6 Days
413110,5-6 Days
233304,5-6 Days
795134,5-6 Days
581365,5-6 Days
680549,5-6 Days
734424,5-6 Days
627131,5-6 Days
533104,5-6 Days
761140,5-6 Days
767035,5-6 Days
846009,5-6 Days
410209,5-6 Days
425438,5-6 Days
361120,5-6 Days
444306,5-6 Days
503213,5-6 Days
621711,5-6 Days
600009,5-6 Days
247769,5-6 Days
532455,5-6 Days
402126,5-6 Days
124146,5-6 Days
688554,5-6 Days
462011,5-6 Days
691560,5-6 Days
208022,5-6 Days
411011,5-6 Days
691332,5-6 Days
172116,5-6 Days
753127,5-6 Days
485116,5-6 Days
689668,5-6 Days
577525,5-6 Days
394520,5-6 Days
403407,5-6 Days
829106,5-6 Days
173202,5-6 Days
673032,5-6 Days
387345,5-6 Days
630609,5-6 Days
796441,5-6 Days
181102,5-6 Days
530010,5-6 Days
210204,5-6 Days
628722,5-6 Days
125122,5-6 Days
502107,5-6 Days
636015,5-6 Days
324009,5-6 Days
275105,5-6 Days
637103,5-6 Days
410503,5-6 Days
799285,5-6 Days
586122,5-6 Days
490025,5-6 Days
671125,5-6 Days
391750,5-6 Days
642207,5-6 Days
302021,5-6 Days
827302,5-6 Days
841501,5-6 Days
742304,5-6 Days
851131,5-6 Days
131302,5-6 Days
281204,5-6 Days
679322,5-6 Days
412106,5-6 Days
495555,5-6 Days
225119,5-6 Days
784176,5-6 Days
143106,5-6 Days
273402,5-6 Days
641031,5-6 Days
306304,5-6 Days
413213,5-6 Days
625562,5-6 Days
335711,5-6 Days
786145,5-6 Days
303802,5-6 Days
364522,5-6 Days
534407,5-6 Days
764004,5-6 Days
307030,5-6 Days
473001,5-6 Days
670333,5-6 Days
506102,5-6 Days
638302,5-6 Days
416321,5-6 Days
533432,5-6 Days
788805,5-6 Days
673305,5-6 Days
690101,5-6 Days
800026,5-6 Days
384311,5-6 Days
491558,5-6 Days
323301,5-6 Days
144505,5-6 Days
742225,5-6 Days
273209,5-6 Days
230132,5-6 Days
751004,5-6 Days
326518,5-6 Days
700096,5-6 Days
829202,5-6 Days
486226,5-6 Days
570013,5-6 Days
283136,5-6 Days
370030,5-6 Days
680582,5-6 Days
591297,5-6 Days
382422,5-6 Days
415517,5-6 Days
412207,5-6 Days
413109,5-6 Days
854357,5-6 Days
243727,5-6 Days
460443,5-6 Days
466116,5-6 Days
360055,5-6 Days
412208,5-6 Days
782485,5-6 Days
695522,5-6 Days
140116,5-6 Days
262001,5-6 Days
222127,5-6 Days
522515,5-6 Days
273403,5-6 Days
686508,5-6 Days
177201,5-6 Days
383110,5-6 Days
612902,5-6 Days
509327,5-6 Days
751031,5-6 Days
416316,5-6 Days
679553,5-6 Days
691010,5-6 Days
160073,5-6 Days
306114,5-6 Days
412101,5-6 Days
244241,5-6 Days
782427,5-6 Days
753004,5-6 Days
122102,5-6 Days
591233,5-6 Days
442501,5-6 Days
224127,5-6 Days
721514,5-6 Days
110100,5-6 Days
495224,5-6 Days
414107,5-6 Days
607106,5-6 Days
811315,5-6 Days
630306,5-6 Days
413726,5-6 Days
146106,5-6 Days
307511,5-6 Days
248009,5-6 Days
571416,5-6 Days
638103,5-6 Days
423108,5-6 Days
180005,5-6 Days
396101,5-6 Days
440010,5-6 Days
452017,5-6 Days
621007,5-6 Days
574108,5-6 Days
782120,5-6 Days
452002,5-6 Days
387620,5-6 Days
416307,5-6 Days
458553,5-6 Days
131021,5-6 Days
425303,5-6 Days
174308,5-6 Days
451111,5-6 Days
191132,5-6 Days
228101,5-6 Days
796004,5-6 Days
585310,5-6 Days
383225,5-6 Days
635109,5-6 Days
689112,5-6 Days
502032,5-6 Days
723121,5-6 Days
643231,5-6 Days
342306,5-6 Days
783323,5-6 Days
735139,5-6 Days
431302,5-6 Days
755046,5-6 Days
382470,5-6 Days
413522,5-6 Days
636139,5-6 Days
494435,5-6 Days
682314,5-6 Days
505466,5-6 Days
400023,5-6 Days
190015,5-6 Days
583276,5-6 Days
223227,5-6 Days
400097,5-6 Days
466117,5-6 Days
585222,5-6 Days
184145,5-6 Days
841218,5-6 Days
835214,5-6 Days
131305,5-6 Days
635207,5-6 Days
480338,5-6 Days
306422,5-6 Days
802201,5-6 Days
825313,5-6 Days
754028,5-6 Days
625003,5-6 Days
193222,5-6 Days
638001,5-6 Days
482005,5-6 Days
523223,5-6 Days
209205,5-6 Days
495688,5-6 Days
123303,5-6 Days
388105,5-6 Days
522649,5-6 Days
505452,5-6 Days
331505,5-6 Days
413723,5-6 Days
160106,5-6 Days
686014,5-6 Days
227205,5-6 Days
623529,5-6 Days
756040,5-6 Days
384001,5-6 Days
682040,5-6 Days
425203,5-6 Days
641032,5-6 Days
535215,5-6 Days
689551,5-6 Days
394635,5-6 Days
577244,5-6 Days
851120,5-6 Days
271310,5-6 Days
680653,5-6 Days
689632,5-6 Days
342603,5-6 Days
770017,5-6 Days
689521,5-6 Days
770039,5-6 Days
403004,5-6 Days
624615,5-6 Days
410107,5-6 Days
767062,5-6 Days
125002,5-6 Days
444801,5-6 Days
412804,5-6 Days
134107,5-6 Days
788806,5-6 Days
415402,5-6 Days
701102,5-6 Days
609306,5-6 Days
203401,5-6 Days
691003,5-6 Days
531082,5-6 Days
509216,5-6 Days
841508,5-6 Days
180009,5-6 Days
643102,5-6 Days
462100,5-6 Days
451001,5-6 Days
845459,5-6 Days
423301,5-6 Days
494776,5-6 Days
181132,5-6 Days
262305,5-6 Days
630309,5-6 Days
757093,5-6 Days
591305,5-6 Days
382014,5-6 Days
333053,5-6 Days
847120,5-6 Days
843327,5-6 Days
522439,5-6 Days
384212,5-6 Days
517536,5-6 Days
676556,5-6 Days
518411,5-6 Days
177401,5-6 Days
846006,5-6 Days
630561,5-6 Days
603201,5-6 Days
573122,5-6 Days
670562,5-6 Days
781316,5-6 Days
741126,5-6 Days
500014,5-6 Days
416605,5-6 Days
445110,5-6 Days
591220,5-6 Days
524203,5-6 Days
734201,5-6 Days
523371,5-6 Days
517352,5-6 Days
671541,5-6 Days
700054,5-6 Days
431130,5-6 Days
497235,5-6 Days
742180,5-6 Days
621305,5-6 Days
382006,5-6 Days
140117,5-6 Days
493885,5-6 Days
504102,5-6 Days
201206,5-6 Days
686028,5-6 Days
713344,5-6 Days
224158,5-6 Days
444909,5-6 Days
630101,5-6 Days
110047,5-6 Days
531218,5-6 Days
586130,5-6 Days
462020,5-6 Days
382009,5-6 Days
261204,5-6 Days
230402,5-6 Days
385210,5-6 Days
577430,5-6 Days
638152,5-6 Days
151107,5-6 Days
144302,5-6 Days
713321,5-6 Days
636454,5-6 Days
401504,5-6 Days
603309,5-6 Days
577002,5-6 Days
695583,5-6 Days
689624,5-6 Days
591135,5-6 Days
245304,5-6 Days
586119,5-6 Days
787058,5-6 Days
673014,5-6 Days
679102,5-6 Days
389235,5-6 Days
180007,5-6 Days
134152,5-6 Days
628612,5-6 Days
232330,5-6 Days
585226,5-6 Days
532404,5-6 Days
712102,5-6 Days
380004,5-6 Days
244715,5-6 Days
795002,5-6 Days
629702,5-6 Days
244504,5-6 Days
335021,5-6 Days
632605,5-6 Days
821303,5-6 Days
326036,5-6 Days
471606,5-6 Days
754296,5-6 Days
423103,5-6 Days
263141,5-6 Days
491340,5-6 Days
785665,5-6 Days
176217,5-6 Days
621204,5-6 Days
741151,5-6 Days
751024,5-6 Days
483113,5-6 Days
515561,5-6 Days
632514,5-6 Days
803306,5-6 Days
314027,5-6 Days
395011,5-6 Days
263643,5-6 Days
711204,5-6 Days
531033,5-6 Days
689680,5-6 Days
312623,5-6 Days
532290,5-6 Days
523262,5-6 Days
743289,5-6 Days
110042,5-6 Days
695527,5-6 Days
628216,5-6 Days
620003,5-6 Days
202134,5-6 Days
572111,5-6 Days
276406,5-6 Days
275101,5-6 Days
700110,5-6 Days
781150,5-6 Days
852215,5-6 Days
313038,5-6 Days
431203,5-6 Days
400031,5-6 Days
625534,5-6 Days
421306,5-6 Days
212653,5-6 Days
143530,5-6 Days
626176,5-6 Days
224202,5-6 Days
232109,5-6 Days
384230,5-6 Days
463106,5-6 Days
391440,5-6 Days
768227,5-6 Days
591304,5-6 Days
222132,5-6 Days
464993,5-6 Days
679333,5-6 Days
400033,5-6 Days
370625,5-6 Days
416534,5-6 Days
431502,5-6 Days
561202,5-6 Days
571415,5-6 Days
626579,5-6 Days
425428,5-6 Days
831008,5-6 Days
638003,5-6 Days
500061,5-6 Days
711201,5-6 Days
824111,5-6 Days
521107,5-6 Days
560110,5-6 Days
152118,5-6 Days
629102,5-6 Days
844134,5-6 Days
847111,5-6 Days
676310,5-6 Days
396445,5-6 Days
670007,5-6 Days
534341,5-6 Days
524225,5-6 Days
682014,5-6 Days
752055,5-6 Days
365220,5-6 Days
695317,5-6 Days
563118,5-6 Days
788803,5-6 Days
572102,5-6 Days
752001,5-6 Days
576106,5-6 Days
209831,5-6 Days
134108,5-6 Days
641666,5-6 Days
721602,5-6 Days
461990,5-6 Days
506201,5-6 Days
781018,5-6 Days
507125,5-6 Days
124401,5-6 Days
173020,5-6 Days
509129,5-6 Days
141003,5-6 Days
563128,5-6 Days
577138,5-6 Days
430005,5-6 Days
180012,5-6 Days
603401,5-6 Days
670003,5-6 Days
302043,5-6 Days
389310,5-6 Days
413524,5-6 Days
627124,5-6 Days
127021,5-6 Days
627657,5-6 Days
824102,5-6 Days
628901,5-6 Days
122505,5-6 Days
274304,5-6 Days
689543,5-6 Days
758021,5-6 Days
185234,5-6 Days
600096,5-6 Days
400040,5-6 Days
766111,5-6 Days
689630,5-6 Days
782121,5-6 Days
743414,5-6 Days
494331,5-6 Days
816101,5-6 Days
531163,5-6 Days
741124,5-6 Days
518302,5-6 Days
673309,5-6 Days
690549,5-6 Days
676510,5-6 Days
275103,5-6 Days
582119,5-6 Days
624314,5-6 Days
460447,5-6 Days
758076,5-6 Days
695008,5-6 Days
742149,5-6 Days
614210,5-6 Days
416309,5-6 Days
421001,5-6 Days
841412,5-6 Days
441113,5-6 Days
761215,5-6 Days
413519,5-6 Days
394105,5-6 Days
760034,5-6 Days
624306,5-6 Days
125112,5-6 Days
305021,5-6 Days
621103,5-6 Days
754137,5-6 Days
695308,5-6 Days
586142,5-6 Days
676315,5-6 Days
274402,5-6 Days
416414,5-6 Days
141105,5-6 Days
756025,5-6 Days
247323,5-6 Days
583104,5-6 Days
630318,5-6 Days
531002,5-6 Days
303506,5-6 Days
828309,5-6 Days
272003,5-6 Days
311012,5-6 Days
785661,5-6 Days
184151,5-6 Days
805138,5-6 Days
457339,5-6 Days
143526,5-6 Days
625533,5-6 Days
232110,5-6 Days
412805,5-6 Days
629807,5-6 Days
689641,5-6 Days
518360,5-6 Days
685501,5-6 Days
788116,5-6 Days
614618,5-6 Days
458771,5-6 Days
272203,5-6 Days
629809,5-6 Days
476355,5-6 Days
425519,5-6 Days
624003,5-6 Days
841232,5-6 Days
391130,5-6 Days
276306,5-6 Days
335062,5-6 Days
450115,5-6 Days
143114,5-6 Days
621202,5-6 Days
816122,5-6 Days
500019,5-6 Days
382145,5-6 Days
496115,5-6 Days
110009,5-6 Days
734312,5-6 Days
828106,5-6 Days
175032,5-6 Days
415403,5-6 Days
383421,5-6 Days
322255,5-6 Days
680741,5-6 Days
852202,5-6 Days
504105,5-6 Days
110062,5-6 Days
639115,5-6 Days
854347,5-6 Days
584102,5-6 Days
721655,5-6 Days
505502,5-6 Days
503311,5-6 Days
221503,5-6 Days
686730,5-6 Days
508248,5-6 Days
768202,5-6 Days
175034,5-6 Days
680655,5-6 Days
628503,5-6 Days
285126,5-6 Days
802133,5-6 Days
757073,5-6 Days
803203,5-6 Days
673585,5-6 Days
638182,5-6 Days
768224,5-6 Days
522238,5-6 Days
413711,5-6 Days
182127,5-6 Days
721636,5-6 Days
742286,5-6 Days
629187,5-6 Days
535546,5-6 Days
382016,5-6 Days
384312,5-6 Days
686547,5-6 Days
271209,5-6 Days
444803,5-6 Days
627301,5-6 Days
691331,5-6 Days
496100,5-6 Days
577440,5-6 Days
413412,5-6 Days
441118,5-6 Days
628102,5-6 Days
493330,5-6 Days
232221,5-6 Days
360003,5-6 Days
560097,5-6 Days
754144,5-6 Days
622301,5-6 Days
686106,5-6 Days
723101,5-6 Days
754007,5-6 Days
686507,5-6 Days
431402,5-6 Days
174033,5-6 Days
532445,5-6 Days
801506,5-6 Days
110118,5-6 Days
192101,5-6 Days
591101,5-6 Days
227107,5-6 Days
833102,5-6 Days
249411,5-6 Days
804404,5-6 Days
500042,5-6 Days
524230,5-6 Days
201317,5-6 Days
530029,5-6 Days
303107,5-6 Days
460666,5-6 Days
573125,5-6 Days
734218,5-6 Days
623206,5-6 Days
322025,5-6 Days
470115,5-6 Days
685605,5-6 Days
686637,5-6 Days
175132,5-6 Days
560041,5-6 Days
721503,5-6 Days
638696,5-6 Days
781005,5-6 Days
415005,5-6 Days
173211,5-6 Days
560014,5-6 Days
841241,5-6 Days
852113,5-6 Days
606302,5-6 Days
416015,5-6 Days
364081,5-6 Days
416202,5-6 Days
244236,5-6 Days
743302,5-6 Days
451555,5-6 Days
754024,5-6 Days
600031,5-6 Days
131409,5-6 Days
440011,5-6 Days
534146,5-6 Days
143602,5-6 Days
472246,5-6 Days
284405,5-6 Days
176325,5-6 Days
585202,5-6 Days
473110,5-6 Days
734222,5-6 Days
209217,5-6 Days
793003,5-6 Days
225208,5-6 Days
711108,5-6 Days
678010,5-6 Days
243701,5-6 Days
389240,5-6 Days
580118,5-6 Days
143518,5-6 Days
142049,5-6 Days
607802,5-6 Days
276205,5-6 Days
382355,5-6 Days
624101,5-6 Days
455332,5-6 Days
622507,5-6 Days
786155,5-6 Days
841312,5-6 Days
625520,5-6 Days
533260,5-6 Days
492014,5-6 Days
176082,5-6 Days
638102,5-6 Days
636803,5-6 Days
333702,5-6 Days
700138,5-6 Days
531162,5-6 Days
415308,5-6 Days
835201,5-6 Days
486340,5-6 Days
416614,5-6 Days
176031,5-6 Days
229311,5-6 Days
680519,5-6 Days
521202,5-6 Days
844113,5-6 Days
277207,5-6 Days
603202,5-6 Days
272162,5-6 Days
229403,5-6 Days
283125,5-6 Days
673003,5-6 Days
577102,5-6 Days
389341,5-6 Days
133010,5-6 Days
686026,5-6 Days
574114,5-6 Days
631003,5-6 Days
441102,5-6 Days
581301,5-6 Days
612104,5-6 Days
312603,5-6 Days
743353,5-6 Days
302041,5-6 Days
679302,5-6 Days
203391,5-6 Days
517234,5-6 Days
721654,5-6 Days
122204,5-6 Days
212654,5-6 Days
110092,5-6 Days
841401,5-6 Days
413218,5-6 Days
825167,5-6 Days
678017,5-6 Days
246165,5-6 Days
621731,5-6 Days
306103,5-6 Days
210422,5-6 Days
466114,5-6 Days
670692,5-6 Days
632512,5-6 Days
811112,5-6 Days
506143,5-6 Days
147103,5-6 Days
683553,5-6 Days
192231,5-6 Days
451665,5-6 Days
685608,5-6 Days
144416,5-6 Days
524001,5-6 Days
689101,5-6 Days
638327,5-6 Days
516006,5-6 Days
431720,5-6 Days
303001,5-6 Days
502101,5-6 Days
587206,5-6 Days
444709,5-6 Days
440015,5-6 Days
177027,5-6 Days
492008,5-6 Days
560061,5-6 Days
517132,5-6 Days
522332,5-6 Days
534460,5-6 Days
623002,5-6 Days
570024,5-6 Days
245403,5-6 Days
223107,5-6 Days
734009,5-6 Days
805102,5-6 Days
731301,5-6 Days
225413,5-6 Days
686015,5-6 Days
805106,5-6 Days
586116,5-6 Days
580114,5-6 Days
626190,5-6 Days
192233,5-6 Days
756128,5-6 Days
586113,5-6 Days
736165,5-6 Days
673596,5-6 Days
670604,5-6 Days
828101,5-6 Days
582210,5-6 Days
440012,5-6 Days
855113,5-6 Days
571106,5-6 Days
636406,5-6 Days
507316,5-6 Days
271503,5-6 Days
522619,5-6 Days
712409,5-6 Days
829205,5-6 Days
285201,5-6 Days
504312,5-6 Days
848134,5-6 Days
485446,5-6 Days
500048,5-6 Days
475001,5-6 Days
602022,5-6 Days
854333,5-6 Days
680301,5-6 Days
802125,5-6 Days
395013,5-6 Days
691521,5-6 Days
639112,5-6 Days
583215,5-6 Days
683111,5-6 Days
505525,5-6 Days
392110,5-6 Days
585238,5-6 Days
140405,5-6 Days
110060,5-6 Days
756112,5-6 Days
493225,5-6 Days
803202,5-6 Days
416220,5-6 Days
331022,5-6 Days
834002,5-6 Days
606401,5-6 Days
425111,5-6 Days
361007,5-6 Days
504209,5-6 Days
700026,5-6 Days
125077,5-6 Days
754237,5-6 Days
518101,5-6 Days
515521,5-6 Days
628907,5-6 Days
637203,5-6 Days
577005,5-6 Days
722132,5-6 Days
766118,5-6 Days
586124,5-6 Days
205152,5-6 Days
637105,5-6 Days
686666,5-6 Days
493335,5-6 Days
341305,5-6 Days
587101,5-6 Days
273008,5-6 Days
766016,5-6 Days
307021,5-6 Days
688539,5-6 Days
825322,5-6 Days
516203,5-6 Days
495450,5-6 Days
414101,5-6 Days
743336,5-6 Days
395210,5-6 Days
627401,5-6 Days
303327,5-6 Days
560028,5-6 Days
731302,5-6 Days
585443,5-6 Days
415527,5-6 Days
614810,5-6 Days
673327,5-6 Days
400084,5-6 Days
231221,5-6 Days
600018,5-6 Days
602004,5-6 Days
602108,5-6 Days
140603,5-6 Days
635801,5-6 Days
680567,5-6 Days
758027,5-6 Days
847410,5-6 Days
624002,5-6 Days
517305,5-6 Days
623526,5-6 Days
110508,5-6 Days
495682,5-6 Days
695142,5-6 Days
628152,5-6 Days
770074,5-6 Days
784166,5-6 Days
756101,5-6 Days
303108,5-6 Days
272154,5-6 Days
843312,5-6 Days
686613,5-6 Days
383440,5-6 Days
682032,5-6 Days
600122,5-6 Days
444503,5-6 Days
573142,5-6 Days
127045,5-6 Days
370460,5-6 Days
202394,5-6 Days
204106,5-6 Days
360520,5-6 Days
400098,5-6 Days
142052,5-6 Days
263158,5-6 Days
688550,5-6 Days
733208,5-6 Days
722122,5-6 Days
673312,5-6 Days
783370,5-6 Days
454648,5-6 Days
241405,5-6 Days
751030,5-6 Days
691315,5-6 Days
413738,5-6 Days
487771,5-6 Days
190025,5-6 Days
604301,5-6 Days
673326,5-6 Days
391105,5-6 Days
854108,5-6 Days
176501,5-6 Days
224139,5-6 Days
627001,5-6 Days
424202,5-6 Days
507154,5-6 Days
500111,5-6 Days
712135,5-6 Days
482004,5-6 Days
643214,5-6 Days
271306,5-6 Days
345022,5-6 Days
712247,5-6 Days
470442,5-6 Days
380009,5-6 Days
465674,5-6 Days
790114,5-6 Days
202527,5-6 Days
743357,5-6 Days
573215,5-6 Days
691579,5-6 Days
700016,5-6 Days
495006,5-6 Days
575012,5-6 Days
387335,5-6 Days
758026,5-6 Days
444903,5-6 Days
246426,5-6 Days
416613,5-6 Days
421501,5-6 Days
500020,5-6 Days
144025,5-6 Days
209625,5-6 Days
486440,5-6 Days
506303,5-6 Days
688505,5-6 Days
577115,5-6 Days
121101,5-6 Days
845315,5-6 Days
785001,5-6 Days
606301,5-6 Days
388220,5-6 Days
360530,5-6 Days
574216,5-6 Days
504218,5-6 Days
273305,5-6 Days
756024,5-6 Days
721645,5-6 Days
734503,5-6 Days
193302,5-6 Days
415315,5-6 Days
207125,5-6 Days
501505,5-6 Days
333517,5-6 Days
401601,5-6 Days
152120,5-6 Days
676306,5-6 Days
400710,5-6 Days
184142,5-6 Days
304026,5-6 Days
144035,5-6 Days
682309,5-6 Days
177031,5-6 Days
182125,5-6 Days
635751,5-6 Days
190021,5-6 Days
533201,5-6 Days
382004,5-6 Days
412213,5-6 Days
695521,5-6 Days
413511,5-6 Days
678548,5-6 Days
272206,5-6 Days
585291,5-6 Days
689649,5-6 Days
623407,5-6 Days
768035,5-6 Days
576126,5-6 Days
506310,5-6 Days
695307,5-6 Days
504294,5-6 Days
691018,5-6 Days
723168,5-6 Days
690533,5-6 Days
277503,5-6 Days
686662,5-6 Days
628502,5-6 Days
421004,5-6 Days
425004,5-6 Days
563162,5-6 Days
722165,5-6 Days
583155,5-6 Days
174002,5-6 Days
742121,5-6 Days
641658,5-6 Days
306021,5-6 Days
761132,5-6 Days
799202,5-6 Days
516129,5-6 Days
441401,5-6 Days
531081,5-6 Days
110302,5-6 Days
607308,5-6 Days
782426,5-6 Days
227111,5-6 Days
505471,5-6 Days
721166,5-6 Days
274806,5-6 Days
205151,5-6 Days
524304,5-6 Days
363110,5-6 Days
722173,5-6 Days
209725,5-6 Days
734501,5-6 Days
326039,5-6 Days
136118,5-6 Days
177205,5-6 Days
124504,5-6 Days
492002,5-6 Days
606111,5-6 Days
781369,5-6 Days
608201,5-6 Days
534217,5-6 Days
322231,5-6 Days
755051,5-6 Days
572105,5-6 Days
624103,5-6 Days
713148,5-6 Days
741254,5-6 Days
393110,5-6 Days
755024,5-6 Days
786007,5-6 Days
522615,5-6 Days
143423,5-6 Days
680731,5-6 Days
636404,5-6 Days
411051,5-6 Days
431809,5-6 Days
151106,5-6 Days
202133,5-6 Days
530004,5-6 Days
222128,5-6 Days
603103,5-6 Days
402114,5-6 Days
173025,5-6 Days
784505,5-6 Days
481879,5-6 Days
712103,5-6 Days
534209,5-6 Days
305003,5-6 Days
620022,5-6 Days
721156,5-6 Days
462039,5-6 Days
609202,5-6 Days
518599,5-6 Days
274206,5-6 Days
713401,5-6 Days
271504,5-6 Days
416403,5-6 Days
796007,5-6 Days
503230,5-6 Days
503165,5-6 Days
506008,5-6 Days
700078,5-6 Days
422013,5-6 Days
627110,5-6 Days
174312,5-6 Days
712411,5-6 Days
134115,5-6 Days
209749,5-6 Days
628614,5-6 Days
160069,5-6 Days
273203,5-6 Days
852105,5-6 Days
679342,5-6 Days
462043,5-6 Days
362002,5-6 Days
496242,5-6 Days
442306,5-6 Days
799280,5-6 Days
690514,5-6 Days
207242,5-6 Days
394810,5-6 Days
321023,5-6 Days
389340,5-6 Days
412407,5-6 Days
281002,5-6 Days
281302,5-6 Days
388315,5-6 Days
241304,5-6 Days
142036,5-6 Days
688511,5-6 Days
387380,5-6 Days
523182,5-6 Days
224210,5-6 Days
473665,5-6 Days
582201,5-6 Days
413623,5-6 Days
580006,5-6 Days
391107,5-6 Days
535221,5-6 Days
175038,5-6 Days
244928,5-6 Days
847234,5-6 Days
403521,5-6 Days
495117,5-6 Days
464224,5-6 Days
752050,5-6 Days
176060,5-6 Days
383002,5-6 Days
262530,5-6 Days
413604,5-6 Days
465687,5-6 Days
691584,5-6 Days
516504,5-6 Days
847115,5-6 Days
670107,5-6 Days
415616,5-6 Days
824103,5-6 Days
581143,5-6 Days
502117,5-6 Days
628704,5-6 Days
110024,5-6 Days
786156,5-6 Days
523245,5-6 Days
695501,5-6 Days
754162,5-6 Days
712614,5-6 Days
134203,5-6 Days
411036,5-6 Days
520009,5-6 Days
788804,5-6 Days
847313,5-6 Days
305621,5-6 Days
277124,5-6 Days
233223,5-6 Days
110050,5-6 Days
144701,5-6 Days
765015,5-6 Days
396436,5-6 Days
783334,5-6 Days
523166,5-6 Days
562117,5-6 Days
804405,5-6 Days
389110,5-6 Days
271602,5-6 Days
700119,5-6 Days
585411,5-6 Days
382045,5-6 Days
721304,5-6 Days
225202,5-6 Days
591129,5-6 Days
533210,5-6 Days
611105,5-6 Days
700089,5-6 Days
493996,5-6 Days
441214,5-6 Days
148035,5-6 Days
262904,5-6 Days
384570,5-6 Days
462044,5-6 Days
413120,5-6 Days
813205,5-6 Days
785110,5-6 Days
171202,5-6 Days
132025,5-6 Days
688538,5-6 Days
721638,5-6 Days
411062,5-6 Days
563135,5-6 Days
797120,5-6 Days
144424,5-6 Days
303604,5-6 Days
822116,5-6 Days
362650,5-6 Days
205247,5-6 Days
799035,5-6 Days
522240,5-6 Days
227301,5-6 Days
852217,5-6 Days
515202,5-6 Days
273413,5-6 Days
621803,5-6 Days
387001,5-6 Days
722151,5-6 Days
413718,5-6 Days
143115,5-6 Days
231220,5-6 Days
797105,5-6 Days
493111,5-6 Days
144522,5-6 Days
759126,5-6 Days
122019,5-6 Days
201305,5-6 Days
612701,5-6 Days
122508,5-6 Days
815312,5-6 Days
752104,5-6 Days
679328,5-6 Days
767040,5-6 Days
431705,5-6 Days
321201,5-6 Days
680686,5-6 Days
632518,5-6 Days
416513,5-6 Days
227412,5-6 Days
679331,5-6 Days
622502,5-6 Days
322034,5-6 Days
411412,5-6 Days
576107,5-6 Days
391241,5-6 Days
144504,5-6 Days
425503,5-6 Days
691523,5-6 Days
813212,5-6 Days
793019,5-6 Days
382150,5-6 Days
431107,5-6 Days
586126,5-6 Days
723155,5-6 Days
671319,5-6 Days
612903,5-6 Days
768218,5-6 Days
825317,5-6 Days
276139,5-6 Days
176032,5-6 Days
759141,5-6 Days
609110,5-6 Days
305407,5-6 Days
444117,5-6 Days
713338,5-6 Days
401405,5-6 Days
627115,5-6 Days
277214,5-6 Days
401102,5-6 Days
413521,5-6 Days
209736,5-6 Days
414110,5-6 Days
393040,5-6 Days
712249,5-6 Days
733121,5-6 Days
262308,5-6 Days
625582,5-6 Days
271205,5-6 Days
695122,5-6 Days
700103,5-6 Days
843161,5-6 Days
284136,5-6 Days
284304,5-6 Days
248143,5-6 Days
207502,5-6 Days
416713,5-6 Days
689622,5-6 Days
754247,5-6 Days
781001,5-6 Days
571450,5-6 Days
483336,5-6 Days
608302,5-6 Days
814115,5-6 Days
492015,5-6 Days
182222,5-6 Days
190020,5-6 Days
110501,5-6 Days
523190,5-6 Days
835213,5-6 Days
227309,5-6 Days
305024,5-6 Days
845426,5-6 Days
609403,5-6 Days
442506,5-6 Days
210502,5-6 Days
508223,5-6 Days
233301,5-6 Days
761100,5-6 Days
471101,5-6 Days
762104,5-6 Days
364005,5-6 Days
736102,5-6 Days
522234,5-6 Days
673526,5-6 Days
581111,5-6 Days
627421,5-6 Days
232108,5-6 Days
695127,5-6 Days
306707,5-6 Days
757105,5-6 Days
723150,5-6 Days
803302,5-6 Days
620101,5-6 Days
110026,5-6 Days
332036,5-6 Days
848131,5-6 Days
843110,5-6 Days
344001,5-6 Days
480004,5-6 Days
533241,5-6 Days
623315,5-6 Days
690563,5-6 Days
676110,5-6 Days
517126,5-6 Days
722112,5-6 Days
802312,5-6 Days
781038,5-6 Days
201003,5-6 Days
431711,5-6 Days
673528,5-6 Days
249408,5-6 Days
142030,5-6 Days
678733,5-6 Days
370001,5-6 Days
151104,5-6 Days
679332,5-6 Days
456313,5-6 Days
249196,5-6 Days
603204,5-6 Days
688561,5-6 Days
133205,5-6 Days
394601,5-6 Days
673577,5-6 Days
583224,5-6 Days
700104,5-6 Days
485441,5-6 Days
691589,5-6 Days
362520,5-6 Days
682037,5-6 Days
333516,5-6 Days
733124,5-6 Days
502334,5-6 Days
678015,5-6 Days
670305,5-6 Days
691582,5-6 Days
562101,5-6 Days
314030,5-6 Days
144000,5-6 Days
202165,5-6 Days
411060,5-6 Days
690103,5-6 Days
754071,5-6 Days
612803,5-6 Days
431511,5-6 Days
643282,5-6 Days
814160,5-6 Days
243509,5-6 Days
560104,5-6 Days
721402,5-6 Days
590001,5-6 Days
763002,5-6 Days
629703,5-6 Days
630410,5-6 Days
743203,5-6 Days
421308,5-6 Days
515305,5-6 Days
160006,5-6 Days
283201,5-6 Days
712203,5-6 Days
532186,5-6 Days
534240,5-6 Days
144603,5-6 Days
572118,5-6 Days
577231,5-6 Days
177034,5-6 Days
144523,5-6 Days
502102,5-6 Days
110116,5-6 Days
151004,5-6 Days
584123,5-6 Days
624006,5-6 Days
600013,5-6 Days
442303,5-6 Days
813113,5-6 Days
176077,5-6 Days
690109,5-6 Days
600006,5-6 Days
605601,5-6 Days
686018,5-6 Days
782461,5-6 Days
712429,5-6 Days
627757,5-6 Days
301034,5-6 Days
177203,5-6 Days
577139,5-6 Days
302031,5-6 Days
673313,5-6 Days
534199,5-6 Days
247122,5-6 Days
441811,5-6 Days
691309,5-6 Days
583111,5-6 Days
742405,5-6 Days
370007,5-6 Days
506223,5-6 Days
635206,5-6 Days
600054,5-6 Days
673047,5-6 Days
383330,5-6 Days
462028,5-6 Days
403101,5-6 Days
636005,5-6 Days
160023,5-6 Days
673321,5-6 Days
676301,5-6 Days
360022,5-6 Days
222111,5-6 Days
425309,5-6 Days
582204,5-6 Days
518385,5-6 Days
176203,5-6 Days
575018,5-6 Days
795003,5-6 Days
563157,5-6 Days
583220,5-6 Days
416507,5-6 Days
821124,5-6 Days
431514,5-6 Days
560009,5-6 Days
444129,5-6 Days
605009,5-6 Days
560005,5-6 Days
700013,5-6 Days
721437,5-6 Days
574313,5-6 Days
683582,5-6 Days
754020,5-6 Days
784521,5-6 Days
782137,5-6 Days
523372,5-6 Days
247231,5-6 Days
207247,5-6 Days
845311,5-6 Days
341542,5-6 Days
624704,5-6 Days
852115,5-6 Days
605108,5-6 Days
532242,5-6 Days
676111,5-6 Days
689691,5-6 Days
486885,5-6 Days
758074,5-6 Days
629504,5-6 Days
680006,5-6 Days
402202,5-6 Days
132110,5-6 Days
226003,5-6 Days
362610,5-6 Days
524123,5-6 Days
175017,5-6 Days
713402,5-6 Days
624312,5-6 Days
284120,5-6 Days
759032,5-6 Days
521245,5-6 Days
560093,5-6 Days
360008,5-6 Days
124303,5-6 Days
785611,5-6 Days
689721,5-6 Days
570034,5-6 Days
685612,5-6 Days
248012,5-6 Days
207503,5-6 Days
392155,5-6 Days
521328,5-6 Days
515765,5-6 Days
314023,5-6 Days
691322,5-6 Days
625101,5-6 Days
752030,5-6 Days
177114,5-6 Days
574141,5-6 Days
788111,5-6 Days
822101,5-6 Days
743443,5-6 Days
783383,5-6 Days
522034,5-6 Days
362225,5-6 Days
833103,5-6 Days
442702,5-6 Days
431811,5-6 Days
680596,5-6 Days
416004,5-6 Days
502372,5-6 Days
495679,5-6 Days
635807,5-6 Days
785105,5-6 Days
802151,5-6 Days
176202,5-6 Days
803212,5-6 Days
581320,5-6 Days
431134,5-6 Days
609104,5-6 Days
416506,5-6 Days
305403,5-6 Days
753005,5-6 Days
442605,5-6 Days
621115,5-6 Days
461005,5-6 Days
711120,5-6 Days
535534,5-6 Days
144043,5-6 Days
574164,5-6 Days
110114,5-6 Days
475533,5-6 Days
624301,5-6 Days
854204,5-6 Days
124141,5-6 Days
733103,5-6 Days
332024,5-6 Days
792001,5-6 Days
305624,5-6 Days
176402,5-6 Days
722138,5-6 Days
811310,5-6 Days
641018,5-6 Days
396191,5-6 Days
676501,5-6 Days
431117,5-6 Days
326033,5-6 Days
180018,5-6 Days
635203,5-6 Days
574220,5-6 Days
312614,5-6 Days
332028,5-6 Days
172101,5-6 Days
403401,5-6 Days
600099,5-6 Days
431742,5-6 Days
457222,5-6 Days
389002,5-6 Days
500380,5-6 Days
229309,5-6 Days
360405,5-6 Days
472336,5-6 Days
764078,5-6 Days
636352,5-6 Days
700050,5-6 Days
251301,5-6 Days
422212,5-6 Days
144003,5-6 Days
360460,5-6 Days
680601,5-6 Days
828129,5-6 Days
689612,5-6 Days
500084,5-6 Days
802209,5-6 Days
607002,5-6 Days
413501,5-6 Days
123301,5-6 Days
422007,5-6 Days
821312,5-6 Days
508253,5-6 Days
431128,5-6 Days
136128,5-6 Days
612805,5-6 Days
455223,5-6 Days
464986,5-6 Days
388640,5-6 Days
400036,5-6 Days
845501,5-6 Days
413526,5-6 Days
211017,5-6 Days
485773,5-6 Days
613602,5-6 Days
425002,5-6 Days
501509,5-6 Days
384275,5-6 Days
443406,5-6 Days
518583,5-6 Days
518206,5-6 Days
516233,5-6 Days
506151,5-6 Days
627858,5-6 Days
306119,5-6 Days
262727,5-6 Days
124142,5-6 Days
641697,5-6 Days
583128,5-6 Days
624711,5-6 Days
122107,5-6 Days
638101,5-6 Days
251003,5-6 Days
680302,5-6 Days
753000,5-6 Days
222133,5-6 Days
396192,5-6 Days
688013,5-6 Days
712147,5-6 Days
322028,5-6 Days
735214,5-6 Days
209207,5-6 Days
583218,5-6 Days
515281,5-6 Days
638668,5-6 Days
790103,5-6 Days
421301,5-6 Days
843112,5-6 Days
509358,5-6 Days
782402,5-6 Days
321305,5-6 Days
712101,5-6 Days
144408,5-6 Days
577228,5-6 Days
799201,5-6 Days
678012,5-6 Days
244402,5-6 Days
261141,5-6 Days
144038,5-6 Days
176311,5-6 Days
532292,5-6 Days
731204,5-6 Days
403704,5-6 Days
302009,5-6 Days
388625,5-6 Days
713206,5-6 Days
825101,5-6 Days
382245,5-6 Days
622504,5-6 Days
770044,5-6 Days
686034,5-6 Days
821118,5-6 Days
143417,5-6 Days
303807,5-6 Days
604402,5-6 Days
788104,5-6 Days
690570,5-6 Days
732202,5-6 Days
393005,5-6 Days
572138,5-6 Days
382041,5-6 Days
828126,5-6 Days
364003,5-6 Days
389001,5-6 Days
523271,5-6 Days
608102,5-6 Days
281406,5-6 Days
686121,5-6 Days
110110,5-6 Days
574240,5-6 Days
628002,5-6 Days
580032,5-6 Days
173201,5-6 Days
442302,5-6 Days
171018,5-6 Days
591126,5-6 Days
333031,5-6 Days
759037,5-6 Days
713212,5-6 Days
224198,5-6 Days
231210,5-6 Days
143109,5-6 Days
416504,5-6 Days
670331,5-6 Days
110056,5-6 Days
695020,5-6 Days
392240,5-6 Days
577217,5-6 Days
396450,5-6 Days
689694,5-6 Days
224123,5-6 Days
712611,5-6 Days
332742,5-6 Days
752068,5-6 Days
402109,5-6 Days
274807,5-6 Days
534165,5-6 Days
620102,5-6 Days
327025,5-6 Days
326023,5-6 Days
534327,5-6 Days
533309,5-6 Days
143606,5-6 Days
444906,5-6 Days
642003,5-6 Days
784513,5-6 Days
761102,5-6 Days
422305,5-6 Days
781020,5-6 Days
246732,5-6 Days
785011,5-6 Days
574138,5-6 Days
624702,5-6 Days
614738,5-6 Days
370145,5-6 Days
516360,5-6 Days
506302,5-6 Days
713308,5-6 Days
248123,5-6 Days
757039,5-6 Days
182144,5-6 Days
141421,5-6 Days
508112,5-6 Days
670011,5-6 Days
766100,5-6 Days
571454,5-6 Days
403409,5-6 Days
333033,5-6 Days
841213,5-6 Days
133003,5-6 Days
825408,5-6 Days
243636,5-6 Days
630215,5-6 Days
571455,5-6 Days
422306,5-6 Days
781355,5-6 Days
396050,5-6 Days
177033,5-6 Days
497778,5-6 Days
209502,5-6 Days
262801,5-6 Days
306421,5-6 Days
144625,5-6 Days
755028,5-6 Days
505416,5-6 Days
208010,5-6 Days
788712,5-6 Days
396403,5-6 Days
415015,5-6 Days
680642,5-6 Days
757023,5-6 Days
799002,5-6 Days
742163,5-6 Days
686544,5-6 Days
731237,5-6 Days
177029,5-6 Days
781353,5-6 Days
221716,5-6 Days
247669,5-6 Days
271806,5-6 Days
625016,5-6 Days
413509,5-6 Days
848114,5-6 Days
312604,5-6 Days
581212,5-6 Days
637019,5-6 Days
531060,5-6 Days
695612,5-6 Days
695145,5-6 Days
248004,5-6 Days
494005,5-6 Days
471510,5-6 Days
413133,5-6 Days
857225,5-6 Days
613108,5-6 Days
591147,5-6 Days
843311,5-6 Days
472442,5-6 Days
752078,5-6 Days
560064,5-6 Days
206243,5-6 Days
625404,5-6 Days
685602,5-6 Days
431745,5-6 Days
758046,5-6 Days
174201,5-6 Days
454350,5-6 Days
383340,5-6 Days
574327,5-6 Days
825302,5-6 Days
314011,5-6 Days
441901,5-6 Days
604101,5-6 Days
769016,5-6 Days
505468,5-6 Days
431112,5-6 Days
636142,5-6 Days
173230,5-6 Days
413004,5-6 Days
711314,5-6 Days
124411,5-6 Days
246722,5-6 Days
518308,5-6 Days
231303,5-6 Days
521122,5-6 Days
495551,5-6 Days
145027,5-6 Days
182104,5-6 Days
587119,5-6 Days
626144,5-6 Days
380063,5-6 Days
204104,5-6 Days
560049,5-6 Days
132105,5-6 Days
673527,5-6 Days
132036,5-6 Days
143531,5-6 Days
612106,5-6 Days
586207,5-6 Days
802214,5-6 Days
629302,5-6 Days
500253,5-6 Days
110097,5-6 Days
221305,5-6 Days
676507,5-6 Days
847407,5-6 Days
332705,5-6 Days
577540,5-6 Days
501503,5-6 Days
695542,5-6 Days
752080,5-6 Days
272301,5-6 Days
670671,5-6 Days
394180,5-6 Days
843031,5-6 Days
415307,5-6 Days
262542,5-6 Days
480555,5-6 Days
636407,5-6 Days
678014,5-6 Days
828132,5-6 Days
518134,5-6 Days
203207,5-6 Days
686039,5-6 Days
508238,5-6 Days
462025,5-6 Days
204105,5-6 Days
573202,5-6 Days
723212,5-6 Days
515571,5-6 Days
413317,5-6 Days
424208,5-6 Days
521207,5-6 Days
303101,5-6 Days
671348,5-6 Days
144802,5-6 Days
626159,5-6 Days
759127,5-6 Days
600005,5-6 Days
621206,5-6 Days
845433,5-6 Days
754134,5-6 Days
624709,5-6 Days
281504,5-6 Days
590014,5-6 Days
230131,5-6 Days
741154,5-6 Days
503202,5-6 Days
450116,5-6 Days
321204,5-6 Days
785630,5-6 Days
460002,5-6 Days
610202,5-6 Days
680722,5-6 Days
741155,5-6 Days
303120,5-6 Days
488333,5-6 Days
212105,5-6 Days
577511,5-6 Days
326038,5-6 Days
695301,5-6 Days
845412,5-6 Days
585331,5-6 Days
577179,5-6 Days
583219,5-6 Days
333048,5-6 Days
803107,5-6 Days
680316,5-6 Days
785627,5-6 Days
621006,5-6 Days
678624,5-6 Days
784103,5-6 Days
785613,5-6 Days
442703,5-6 Days
841502,5-6 Days
207403,5-6 Days
638314,5-6 Days
516350,5-6 Days
575010,5-6 Days
583120,5-6 Days
500890,5-6 Days
754233,5-6 Days
577527,5-6 Days
331403,5-6 Days
493881,5-6 Days
193402,5-6 Days
700113,5-6 Days
140127,5-6 Days
516364,5-6 Days
637206,5-6 Days
835101,5-6 Days
465226,5-6 Days
788733,5-6 Days
413221,5-6 Days
390012,5-6 Days
224164,5-6 Days
465550,5-6 Days
630606,5-6 Days
480991,5-6 Days
801305,5-6 Days
458880,5-6 Days
391125,5-6 Days
843334,5-6 Days
825319,5-6 Days
175050,5-6 Days
732001,5-6 Days
301705,5-6 Days
222304,5-6 Days
516401,5-6 Days
796261,5-6 Days
361005,5-6 Days
629403,5-6 Days
799014,5-6 Days
391460,5-6 Days
841214,5-6 Days
570002,5-6 Days
533430,5-6 Days
333029,5-6 Days
690511,5-6 Days
490023,5-6 Days
635306,5-6 Days
312618,5-6 Days
676509,5-6 Days
627104,5-6 Days
678551,5-6 Days
496336,5-6 Days
370421,5-6 Days
456665,5-6 Days
641049,5-6 Days
625109,5-6 Days
281501,5-6 Days
396193,5-6 Days
400096,5-6 Days
670613,5-6 Days
210507,5-6 Days
460665,5-6 Days
600041,5-6 Days
182320,5-6 Days
522661,5-6 Days
122203,5-6 Days
522354,5-6 Days
563160,5-6 Days
676104,5-6 Days
673304,5-6 Days
492104,5-6 Days
828113,5-6 Days
576227,5-6 Days
190024,5-6 Days
486675,5-6 Days
523370,5-6 Days
627502,5-6 Days
262724,5-6 Days
301017,5-6 Days
246728,5-6 Days
500457,5-6 Days
362135,5-6 Days
431715,5-6 Days
691500,5-6 Days
302014,5-6 Days
457001,5-6 Days
131024,5-6 Days
584130,5-6 Days
743332,5-6 Days
626540,5-6 Days
627724,5-6 Days
466666,5-6 Days
686011,5-6 Days
581302,5-6 Days
722141,5-6 Days
387120,5-6 Days
852114,5-6 Days
388211,5-6 Days
184144,5-6 Days
415401,5-6 Days
606907,5-6 Days
627434,5-6 Days
741190,5-6 Days
841242,5-6 Days
570023,5-6 Days
811309,5-6 Days
203133,5-6 Days
524005,5-6 Days
500016,5-6 Days
486882,5-6 Days
271302,5-6 Days
387130,5-6 Days
518513,5-6 Days
507118,5-6 Days
695302,5-6 Days
688535,5-6 Days
303706,5-6 Days
495005,5-6 Days
505415,5-6 Days
442913,5-6 Days
517646,5-6 Days
523273,5-6 Days
515541,5-6 Days
799005,5-6 Days
712235,5-6 Days
583136,5-6 Days
741187,5-6 Days
623705,5-6 Days
471411,5-6 Days
171225,5-6 Days
500114,5-6 Days
144012,5-6 Days
160068,5-6 Days
502296,5-6 Days
530016,5-6 Days
400027,5-6 Days
688556,5-6 Days
695015,5-6 Days
403602,5-6 Days
226018,5-6 Days
609302,5-6 Days
504293,5-6 Days
577596,5-6 Days
401016,5-6 Days
403406,5-6 Days
272175,5-6 Days
670564,5-6 Days
142048,5-6 Days
711403,5-6 Days
783126,5-6 Days
575013,5-6 Days
835303,5-6 Days
786110,5-6 Days
686029,5-6 Days
623312,5-6 Days
824118,5-6 Days
695023,5-6 Days
621212,5-6 Days
788725,5-6 Days
854304,5-6 Days
756053,5-6 Days
682001,5-6 Days
517645,5-6 Days
608703,5-6 Days
401603,5-6 Days
577230,5-6 Days
586104,5-6 Days
182101,5-6 Days
323601,5-6 Days
505301,5-6 Days
465110,5-6 Days
635809,5-6 Days
591262,5-6 Days
474003,5-6 Days
734502,5-6 Days
689662,5-6 Days
224227,5-6 Days
244242,5-6 Days
281006,5-6 Days
614903,5-6 Days
829129,5-6 Days
500086,5-6 Days
741317,5-6 Days
632053,5-6 Days
607302,5-6 Days
524134,5-6 Days
632013,5-6 Days
713315,5-6 Days
731240,5-6 Days
431146,5-6 Days
285223,5-6 Days
686585,5-6 Days
673008,5-6 Days
382423,5-6 Days
734209,5-6 Days
712419,5-6 Days
126113,5-6 Days
630009,5-6 Days
202135,5-6 Days
273151,5-6 Days
341303,5-6 Days
625601,5-6 Days
247662,5-6 Days
534204,5-6 Days
327601,5-6 Days
761144,5-6 Days
122015,5-6 Days
796070,5-6 Days
384205,5-6 Days
144703,5-6 Days
392160,5-6 Days
423703,5-6 Days
423102,5-6 Days
312204,5-6 Days
643203,5-6 Days
591143,5-6 Days
641034,5-6 Days
403804,5-6 Days
335511,5-6 Days
534269,5-6 Days
134117,5-6 Days
533107,5-6 Days
603402,5-6 Days
400106,5-6 Days
713209,5-6 Days
582117,5-6 Days
413527,5-6 Days
494226,5-6 Days
824211,5-6 Days
303602,5-6 Days
574198,5-6 Days
680612,5-6 Days
621014,5-6 Days
470119,5-6 Days
854344,5-6 Days
148047,5-6 Days
683101,5-6 Days
416421,5-6 Days
577552,5-6 Days
783394,5-6 Days
803215,5-6 Days
607209,5-6 Days
636116,5-6 Days
679106,5-6 Days
741165,5-6 Days
733128,5-6 Days
642052,5-6 Days
471408,5-6 Days
473440,5-6 Days
721162,5-6 Days
691503,5-6 Days
110019,5-6 Days
133004,5-6 Days
141010,5-6 Days
641012,5-6 Days
307515,5-6 Days
680322,5-6 Days
474042,5-6 Days
522010,5-6 Days
416806,5-6 Days
504202,5-6 Days
487330,5-6 Days
388270,5-6 Days
586209,5-6 Days
604504,5-6 Days
602024,5-6 Days
221003,5-6 Days
638110,5-6 Days
562120,5-6 Days
827014,5-6 Days
534227,5-6 Days
600071,5-6 Days
606710,5-6 Days
623135,5-6 Days
670334,5-6 Days
625526,5-6 Days
385410,5-6 Days
630709,5-6 Days
768118,5-6 Days
591302,5-6 Days
761217,5-6 Days
388310,5-6 Days
314037,5-6 Days
799131,5-6 Days
414113,5-6 Days
828404,5-6 Days
743711,5-6 Days
332721,5-6 Days
177219,5-6 Days
493551,5-6 Days
763003,5-6 Days
828110,5-6 Days
271604,5-6 Days
384470,5-6 Days
560078,5-6 Days
394445,5-6 Days
394620,5-6 Days
535463,5-6 Days
577547,5-6 Days
177007,5-6 Days
577535,5-6 Days
363040,5-6 Days
680010,5-6 Days
757003,5-6 Days
824207,5-6 Days
680541,5-6 Days
522411,5-6 Days
623402,5-6 Days
741103,5-6 Days
416207,5-6 Days
530052,5-6 Days
629808,5-6 Days
122101,5-6 Days
501142,5-6 Days
124507,5-6 Days
477117,5-6 Days
144419,5-6 Days
586108,5-6 Days
383317,5-6 Days
741313,5-6 Days
400167,5-6 Days
415718,5-6 Days
311802,5-6 Days
303324,5-6 Days
755032,5-6 Days
560004,5-6 Days
736145,5-6 Days
325220,5-6 Days
587115,5-6 Days
799261,5-6 Days
335037,5-6 Days
607108,5-6 Days
680514,5-6 Days
311302,5-6 Days
761114,5-6 Days
636114,5-6 Days
400009,5-6 Days
518217,5-6 Days
691302,5-6 Days
230143,5-6 Days
364540,5-6 Days
394515,5-6 Days
721140,5-6 Days
814112,5-6 Days
306901,5-6 Days
627702,5-6 Days
143504,5-6 Days
515003,5-6 Days
571235,5-6 Days
683583,5-6 Days
209865,5-6 Days
700004,5-6 Days
360380,5-6 Days
206127,5-6 Days
635803,5-6 Days
221115,5-6 Days
441404,5-6 Days
311602,5-6 Days
680009,5-6 Days
360480,5-6 Days
695017,5-6 Days
144301,5-6 Days
244105,5-6 Days
680682,5-6 Days
133007,5-6 Days
133006,5-6 Days
396469,5-6 Days
743252,5-6 Days
209312,5-6 Days
700126,5-6 Days
182148,5-6 Days
603310,5-6 Days
733213,5-6 Days
444110,5-6 Days
508258,5-6 Days
248011,5-6 Days
591103,5-6 Days
803120,5-6 Days
250621,5-6 Days
686505,5-6 Days
637301,5-6 Days
122011,5-6 Days
695614,5-6 Days
225201,5-6 Days
742181,5-6 Days
311001,5-6 Days
602103,5-6 Days
614620,5-6 Days
413403,5-6 Days
523302,5-6 Days
572160,5-6 Days
828401,5-6 Days
322215,5-6 Days
412210,5-6 Days
145105,5-6 Days
844118,5-6 Days
627102,5-6 Days
627354,5-6 Days
341505,5-6 Days
332714,5-6 Days
843318,5-6 Days
603311,5-6 Days
233311,5-6 Days
387610,5-6 Days
496004,5-6 Days
416514,5-6 Days
581141,5-6 Days
302002,5-6 Days
629161,5-6 Days
476345,5-6 Days
534004,5-6 Days
143117,5-6 Days
530007,5-6 Days
781374,5-6 Days
230503,5-6 Days
229202,5-6 Days
506365,5-6 Days
606001,5-6 Days
814157,5-6 Days
781022,5-6 Days
788108,5-6 Days
847421,5-6 Days
788109,5-6 Days
387570,5-6 Days
621601,5-6 Days
686581,5-6 Days
516130,5-6 Days
695039,5-6 Days
643217,5-6 Days
413222,5-6 Days
502276,5-6 Days
695128,5-6 Days
628751,5-6 Days
721451,5-6 Days
759151,5-6 Days
389157,5-6 Days
841419,5-6 Days
571812,5-6 Days
757022,5-6 Days
630713,5-6 Days
322024,5-6 Days
591313,5-6 Days
639201,5-6 Days
410005,5-6 Days
144805,5-6 Days
711115,5-6 Days
221505,5-6 Days
688007,5-6 Days
461110,5-6 Days
416317,5-6 Days
606602,5-6 Days
151203,5-6 Days
361210,5-6 Days
322220,5-6 Days
625556,5-6 Days
626002,5-6 Days
796901,5-6 Days
636011,5-6 Days
734405,5-6 Days
673589,5-6 Days
805126,5-6 Days
685584,5-6 Days
144507,5-6 Days
799101,5-6 Days
142056,5-6 Days
208002,5-6 Days
132024,5-6 Days
506330,5-6 Days
530018,5-6 Days
722183,5-6 Days
393016,5-6 Days
360410,5-6 Days
472339,5-6 Days
272194,5-6 Days
847405,5-6 Days
413520,5-6 Days
312024,5-6 Days
442304,5-6 Days
362263,5-6 Days
441805,5-6 Days
207122,5-6 Days
638004,5-6 Days
274808,5-6 Days
604153,5-6 Days
757020,5-6 Days
246469,5-6 Days
360110,5-6 Days
382008,5-6 Days
122206,5-6 Days
585421,5-6 Days
144303,5-6 Days
277202,5-6 Days
581101,5-6 Days
221106,5-6 Days
343022,5-6 Days
323024,5-6 Days
400091,5-6 Days
247672,5-6 Days
761103,5-6 Days
688557,5-6 Days
144619,5-6 Days
321613,5-6 Days
811214,5-6 Days
174102,5-6 Days
506009,5-6 Days
190016,5-6 Days
732103,5-6 Days
365540,5-6 Days
497449,5-6 Days
535217,5-6 Days
532215,5-6 Days
414609,5-6 Days
388365,5-6 Days
713369,5-6 Days
713128,5-6 Days
325204,5-6 Days
768233,5-6 Days
722168,5-6 Days
781318,5-6 Days
502278,5-6 Days
721134,5-6 Days
414605,5-6 Days
343027,5-6 Days
632527,5-6 Days
442705,5-6 Days
416117,5-6 Days
689531,5-6 Days
515124,5-6 Days
382024,5-6 Days
457227,5-6 Days
600117,5-6 Days
571248,5-6 Days
831007,5-6 Days
229121,5-6 Days
591510,5-6 Days
690505,5-6 Days
813223,5-6 Days
732206,5-6 Days
700079,5-6 Days
508221,5-6 Days
625122,5-6 Days
413503,5-6 Days
742178,5-6 Days
273310,5-6 Days
506349,5-6 Days
364260,5-6 Days
411049,5-6 Days
332317,5-6 Days
635119,5-6 Days
455112,5-6 Days
700131,5-6 Days
123505,5-6 Days
175022,5-6 Days
622302,5-6 Days
590002,5-6 Days
388630,5-6 Days
848127,5-6 Days
722142,5-6 Days
643201,5-6 Days
245301,5-6 Days
484330,5-6 Days
370475,5-6 Days
171223,5-6 Days
734422,5-6 Days
623309,5-6 Days
679579,5-6 Days
584118,5-6 Days
342802,5-6 Days
306308,5-6 Days
606752,5-6 Days
686541,5-6 Days
177030,5-6 Days
670592,5-6 Days
471516,5-6 Days
690520,5-6 Days
480337,5-6 Days
518397,5-6 Days
535101,5-6 Days
516310,5-6 Days
577413,5-6 Days
517422,5-6 Days
600029,5-6 Days
505212,5-6 Days
577597,5-6 Days
392163,5-6 Days
722150,5-6 Days
508243,5-6 Days
144104,5-6 Days
522409,5-6 Days
271823,5-6 Days
825304,5-6 Days
787055,5-6 Days
492001,5-6 Days
303328,5-6 Days
585327,5-6 Days
363001,5-6 Days
781347,5-6 Days
249304,5-6 Days
324008,5-6 Days
822118,5-6 Days
274403,5-6 Days
221506,5-6 Days
534196,5-6 Days
522237,5-6 Days
327002,5-6 Days
695021,5-6 Days
531025,5-6 Days
152020,5-6 Days
627425,5-6 Days
813107,5-6 Days
456003,5-6 Days
477227,5-6 Days
201309,5-6 Days
273409,5-6 Days
388610,5-6 Days
244716,5-6 Days
621806,5-6 Days
679513,5-6 Days
325009,5-6 Days
743425,5-6 Days
383307,5-6 Days
581351,5-6 Days
322701,5-6 Days
274303,5-6 Days
623804,5-6 Days
679122,5-6 Days
673519,5-6 Days
783132,5-6 Days
560017,5-6 Days
322219,5-6 Days
623314,5-6 Days
177022,5-6 Days
831011,5-6 Days
581187,5-6 Days
208021,5-6 Days
766110,5-6 Days
144422,5-6 Days
581423,5-6 Days
743298,5-6 Days
756019,5-6 Days
587111,5-6 Days
600088,5-6 Days
272195,5-6 Days
847412,5-6 Days
562111,5-6 Days
344021,5-6 Days
124201,5-6 Days
577004,5-6 Days
743446,5-6 Days
767061,5-6 Days
742109,5-6 Days
400069,5-6 Days
722101,5-6 Days
621221,5-6 Days
623534,5-6 Days
700102,5-6 Days
627417,5-6 Days
301424,5-6 Days
737101,5-6 Days
761209,5-6 Days
585301,5-6 Days
125201,5-6 Days
342304,5-6 Days
125001,5-6 Days
493770,5-6 Days
713420,5-6 Days
473793,5-6 Days
444308,5-6 Days
387520,5-6 Days
848207,5-6 Days
680602,5-6 Days
721643,5-6 Days
394690,5-6 Days
535183,5-6 Days
680611,5-6 Days
342037,5-6 Days
413517,5-6 Days
212622,5-6 Days
624213,5-6 Days
577135,5-6 Days
628721,5-6 Days
362136,5-6 Days
173207,5-6 Days
835231,5-6 Days
400059,5-6 Days
608002,5-6 Days
306001,5-6 Days
770018,5-6 Days
382810,5-6 Days
756138,5-6 Days
802219,5-6 Days
623101,5-6 Days
757032,5-6 Days
786160,5-6 Days
680704,5-6 Days
508004,5-6 Days
516105,5-6 Days
325207,5-6 Days
626004,5-6 Days
442107,5-6 Days
305901,5-6 Days
151206,5-6 Days
628208,5-6 Days
770033,5-6 Days
689681,5-6 Days
735136,5-6 Days
586211,5-6 Days
243505,5-6 Days
785620,5-6 Days
493559,5-6 Days
452009,5-6 Days
574267,5-6 Days
803303,5-6 Days
581316,5-6 Days
151111,5-6 Days
516330,5-6 Days
828117,5-6 Days
783122,5-6 Days
756087,5-6 Days
576105,5-6 Days
531161,5-6 Days
274305,5-6 Days
722178,5-6 Days
630562,5-6 Days
712602,5-6 Days
572117,5-6 Days
413602,5-6 Days
176102,5-6 Days
612602,5-6 Days
841442,5-6 Days
690569,5-6 Days
400012,5-6 Days
342303,5-6 Days
786003,5-6 Days
793011,5-6 Days
481226,5-6 Days
304021,5-6 Days
416108,5-6 Days
476115,5-6 Days
331023,5-6 Days
335022,5-6 Days
476229,5-6 Days
415104,5-6 Days
591201,5-6 Days
283122,5-6 Days
523189,5-6 Days
605701,5-6 Days
465331,5-6 Days
134118,5-6 Days
415701,5-6 Days
431102,5-6 Days
522202,5-6 Days
143302,5-6 Days
233307,5-6 Days
345025,5-6 Days
686543,5-6 Days
391156,5-6 Days
733158,5-6 Days
591121,5-6 Days
822129,5-6 Days
504216,5-6 Days
177041,5-6 Days
245406,5-6 Days
587135,5-6 Days
202137,5-6 Days
495689,5-6 Days
629160,5-6 Days
638461,5-6 Days
680520,5-6 Days
625518,5-6 Days
798614,5-6 Days
851127,5-6 Days
637015,5-6 Days
769006,5-6 Days
283135,5-6 Days
301033,5-6 Days
143111,5-6 Days
844505,5-6 Days
695513,5-6 Days
752103,5-6 Days
176058,5-6 Days
712706,5-6 Days
302026,5-6 Days
401107,5-6 Days
816110,5-6 Days
571237,5-6 Days
522435,5-6 Days
573136,5-6 Days
626112,5-6 Days
506344,5-6 Days
503102,5-6 Days
520014,5-6 Days
144415,5-6 Days
623517,5-6 Days
505210,5-6 Days
637104,5-6 Days
754120,5-6 Days
303315,5-6 Days
313906,5-6 Days
673651,5-6 Days
629176,5-6 Days
686663,5-6 Days
332716,5-6 Days
301031,5-6 Days
492003,5-6 Days
442917,5-6 Days
680552,5-6 Days
723126,5-6 Days
785609,5-6 Days
466448,5-6 Days
332402,5-6 Days
361305,5-6 Days
262410,5-6 Days
743004,5-6 Days
272176,5-6 Days
636140,5-6 Days
577211,5-6 Days
585312,5-6 Days
506317,5-6 Days
678615,5-6 Days
486550,5-6 Days
757016,5-6 Days
635302,5-6 Days
743405,5-6 Days
581349,5-6 Days
691507,5-6 Days
422010,5-6 Days
766108,5-6 Days
444102,5-6 Days
122018,5-6 Days
742179,5-6 Days
691514,5-6 Days
533289,5-6 Days
570021,5-6 Days
637406,5-6 Days
110004,5-6 Days
700039,5-6 Days
532190,5-6 Days
416223,5-6 Days
628402,5-6 Days
465449,5-6 Days
224226,5-6 Days
759117,5-6 Days
679574,5-6 Days
515774,5-6 Days
743704,5-6 Days
443104,5-6 Days
306503,5-6 Days
758001,5-6 Days
603313,5-6 Days
600003,5-6 Days
192121,5-6 Days
322201,5-6 Days
272302,5-6 Days
743251,5-6 Days
221201,5-6 Days
761210,5-6 Days
285134,5-6 Days
222175,5-6 Days
831020,5-6 Days
824209,5-6 Days
621802,5-6 Days
370610,5-6 Days
110107,5-6 Days
627860,5-6 Days
722163,5-6 Days
766019,5-6 Days
394250,5-6 Days
209733,5-6 Days
639203,5-6 Days
415516,5-6 Days
500873,5-6 Days
700120,5-6 Days
431702,5-6 Days
642132,5-6 Days
624804,5-6 Days
613006,5-6 Days
630211,5-6 Days
246764,5-6 Days
391250,5-6 Days
781302,5-6 Days
452019,5-6 Days
400076,5-6 Days
413702,5-6 Days
120002,5-6 Days
766116,5-6 Days
500064,5-6 Days
570005,5-6 Days
450771,5-6 Days
680736,5-6 Days
627252,5-6 Days
126111,5-6 Days
229203,5-6 Days
495669,5-6 Days
474002,5-6 Days
403712,5-6 Days
632501,5-6 Days
490036,5-6 Days
535005,5-6 Days
208014,5-6 Days
250609,5-6 Days
854201,5-6 Days
641025,5-6 Days
486111,5-6 Days
443303,5-6 Days
605106,5-6 Days
573165,5-6 Days
486881,5-6 Days
670602,5-6 Days
506355,5-6 Days
441601,5-6 Days
182315,5-6 Days
591264,5-6 Days
848220,5-6 Days
620010,5-6 Days
627358,5-6 Days
485221,5-6 Days
845103,5-6 Days
244255,5-6 Days
533577,5-6 Days
689578,5-6 Days
609205,5-6 Days
160034,5-6 Days
394315,5-6 Days
324006,5-6 Days
785619,5-6 Days
483105,5-6 Days
362226,5-6 Days
445309,5-6 Days
755011,5-6 Days
735308,5-6 Days
222180,5-6 Days
209825,5-6 Days
221113,5-6 Days
688584,5-6 Days
611106,5-6 Days
606755,5-6 Days
422011,5-6 Days
505451,5-6 Days
242401,5-6 Days
441804,5-6 Days
134151,5-6 Days
224221,5-6 Days
605111,5-6 Days
388320,5-6 Days
586208,5-6 Days
277205,5-6 Days
688537,5-6 Days
444403,5-6 Days
614014,5-6 Days
722157,5-6 Days
313021,5-6 Days
480003,5-6 Days
637208,5-6 Days
686676,5-6 Days
711206,5-6 Days
689109,5-6 Days
735212,5-6 Days
574129,5-6 Days
229302,5-6 Days
442202,5-6 Days
425401,5-6 Days
534312,5-6 Days
821107,5-6 Days
516431,5-6 Days
335501,5-6 Days
524411,5-6 Days
388325,5-6 Days
584132,5-6 Days
506252,5-6 Days
638055,5-6 Days
721604,5-6 Days
171103,5-6 Days
246440,5-6 Days
847401,5-6 Days
845468,5-6 Days
144411,5-6 Days
788160,5-6 Days
689541,5-6 Days
757079,5-6 Days
752100,5-6 Days
484770,5-6 Days
470001,5-6 Days
500083,5-6 Days
210432,5-6 Days
148031,5-6 Days
250341,5-6 Days
212217,5-6 Days
786623,5-6 Days
224120,5-6 Days
522302,5-6 Days
801502,5-6 Days
751007,5-6 Days
678508,5-6 Days
225125,5-6 Days
610114,5-6 Days
384292,5-6 Days
284125,5-6 Days
571117,5-6 Days
143410,5-6 Days
388543,5-6 Days
689659,5-6 Days
415405,5-6 Days
533004,5-6 Days
243725,5-6 Days
731252,5-6 Days
471001,5-6 Days
395007,5-6 Days
628656,5-6 Days
670314,5-6 Days
636113,5-6 Days
422301,5-6 Days
502246,5-6 Days
643001,5-6 Days
173221,5-6 Days
170001,5-6 Days
228171,5-6 Days
591342,5-6 Days
736204,5-6 Days
782123,5-6 Days
517418,5-6 Days
560021,5-6 Days
731122,5-6 Days
582202,5-6 Days
845456,5-6 Days
587302,5-6 Days
577432,5-6 Days
302022,5-6 Days
503206,5-6 Days
302035,5-6 Days
766012,5-6 Days
306306,5-6 Days
421005,5-6 Days
210505,5-6 Days
685552,5-6 Days
250003,5-6 Days
382449,5-6 Days
415704,5-6 Days
563119,5-6 Days
400003,5-6 Days
768004,5-6 Days
225304,5-6 Days
636010,5-6 Days
431124,5-6 Days
416013,5-6 Days
341516,5-6 Days
844503,5-6 Days
734103,5-6 Days
442504,5-6 Days
751014,5-6 Days
271506,5-6 Days
212302,5-6 Days
210504,5-6 Days
388201,5-6 Days
261505,5-6 Days
754112,5-6 Days
400202,5-6 Days
413802,5-6 Days
673301,5-6 Days
457226,5-6 Days
136135,5-6 Days
481335,5-6 Days
531040,5-6 Days
612105,5-6 Days
605758,5-6 Days
271202,5-6 Days
509126,5-6 Days
303313,5-6 Days
515408,5-6 Days
609809,5-6 Days
176107,5-6 Days
628304,5-6 Days
389175,5-6 Days
781329,5-6 Days
401303,5-6 Days
825316,5-6 Days
637407,5-6 Days
384465,5-6 Days
784509,5-6 Days
630102,5-6 Days
691509,5-6 Days
531036,5-6 Days
752028,5-6 Days
754223,5-6 Days
470673,5-6 Days
695144,5-6 Days
209870,5-6 Days
815354,5-6 Days
560085,5-6 Days
383245,5-6 Days
583227,5-6 Days
785684,5-6 Days
591156,5-6 Days
679103,5-6 Days
142044,5-6 Days
841246,5-6 Days
813121,5-6 Days
825103,5-6 Days
641026,5-6 Days
506331,5-6 Days
301022,5-6 Days
400018,5-6 Days
571130,5-6 Days
502205,5-6 Days
713325,5-6 Days
841240,5-6 Days
509301,5-6 Days
713216,5-6 Days
494333,5-6 Days
638181,5-6 Days
712250,5-6 Days
181202,5-6 Days
400015,5-6 Days
635114,5-6 Days
574324,5-6 Days
799155,5-6 Days
484334,5-6 Days
444605,5-6 Days
400104,5-6 Days
571249,5-6 Days
110032,5-6 Days
573133,5-6 Days
462026,5-6 Days
562104,5-6 Days
577503,5-6 Days
601204,5-6 Days
641005,5-6 Days
517520,5-6 Days
394430,5-6 Days
721447,5-6 Days
416115,5-6 Days
274704,5-6 Days
383462,5-6 Days
250013,5-6 Days
835219,5-6 Days
229128,5-6 Days
227815,5-6 Days
413736,5-6 Days
390020,5-6 Days
500102,5-6 Days
134103,5-6 Days
250101,5-6 Days
431506,5-6 Days
845415,5-6 Days
502114,5-6 Days
284128,5-6 Days
847302,5-6 Days
461001,5-6 Days
793002,5-6 Days
370675,5-6 Days
175037,5-6 Days
766036,5-6 Days
281303,5-6 Days
734214,5-6 Days
754136,5-6 Days
490004,5-6 Days
700000,5-6 Days
670511,5-6 Days
493776,5-6 Days
364515,5-6 Days
613104,5-6 Days
794106,5-6 Days
604404,5-6 Days
560039,5-6 Days
242221,5-6 Days
110038,5-6 Days
231213,5-6 Days
413302,5-6 Days
394211,5-6 Days
125120,5-6 Days
396570,5-6 Days
695124,5-6 Days
501401,5-6 Days
600004,5-6 Days
474011,5-6 Days
363039,5-6 Days
441920,5-6 Days
363415,5-6 Days
534324,5-6 Days
332710,5-6 Days
754008,5-6 Days
230305,5-6 Days
230502,5-6 Days
422002,5-6 Days
229316,5-6 Days
824221,5-6 Days
532203,5-6 Days
785678,5-6 Days
768215,5-6 Days
731126,5-6 Days
609607,5-6 Days
560024,5-6 Days
700160,5-6 Days
416212,5-6 Days
761019,5-6 Days
521125,5-6 Days
783392,5-6 Days
521326,5-6 Days
486331,5-6 Days
624710,5-6 Days
813214,5-6 Days
380018,5-6 Days
456004,5-6 Days
400002,5-6 Days
524131,5-6 Days
685514,5-6 Days
847122,5-6 Days
680515,5-6 Days
743318,5-6 Days
125076,5-6 Days
689660,5-6 Days
110601,5-6 Days
365650,5-6 Days
246721,5-6 Days
755037,5-6 Days
670503,5-6 Days
605006,5-6 Days
686640,5-6 Days
277306,5-6 Days
464258,5-6 Days
574238,5-6 Days
713346,5-6 Days
110055,5-6 Days
829206,5-6 Days
261405,5-6 Days
384012,5-6 Days
571247,5-6 Days
560087,5-6 Days
793010,5-6 Days
462037,5-6 Days
515767,5-6 Days
509120,5-6 Days
403504,5-6 Days
412105,5-6 Days
600028,5-6 Days
803117,5-6 Days
451442,5-6 Days
400037,5-6 Days
712412,5-6 Days
673578,5-6 Days
176087,5-6 Days
828109,5-6 Days
416609,5-6 Days
224211,5-6 Days
325209,5-6 Days
590018,5-6 Days
586138,5-6 Days
172022,5-6 Days
752070,5-6 Days
686641,5-6 Days
843351,5-6 Days
823002,5-6 Days
388140,5-6 Days
845401,5-6 Days
713421,5-6 Days
521109,5-6 Days
370445,5-6 Days
458228,5-6 Days
440007,5-6 Days
678533,5-6 Days
607102,5-6 Days
632057,5-6 Days
786006,5-6 Days
679592,5-6 Days
332318,5-6 Days
515775,5-6 Days
441911,5-6 Days
843325,5-6 Days
274302,5-6 Days
787032,5-6 Days
855108,5-6 Days
734226,5-6 Days
382870,5-6 Days
425306,5-6 Days
507004,5-6 Days
507165,5-6 Days
136129,5-6 Days
713147,5-6 Days
391120,5-6 Days
733252,5-6 Days
503308,5-6 Days
614631,5-6 Days
455003,5-6 Days
786010,5-6 Days
392215,5-6 Days
676513,5-6 Days
302042,5-6 Days
829145,5-6 Days
571479,5-6 Days
721444,5-6 Days
577520,5-6 Days
783128,5-6 Days
273202,5-6 Days
757087,5-6 Days
587126,5-6 Days
312619,5-6 Days
110510,5-6 Days
713153,5-6 Days
712504,5-6 Days
791112,5-6 Days
639118,5-6 Days
517429,5-6 Days
203392,5-6 Days
202723,5-6 Days
263153,5-6 Days
313016,5-6 Days
767028,5-6 Days
410216,5-6 Days
230301,5-6 Days
416701,5-6 Days
342033,5-6 Days
782481,5-6 Days
560002,5-6 Days
713150,5-6 Days
591116,5-6 Days
624403,5-6 Days
841239,5-6 Days
766026,5-6 Days
824236,5-6 Days
721429,5-6 Days
626110,5-6 Days
385526,5-6 Days
632058,5-6 Days
813129,5-6 Days
584127,5-6 Days
403520,5-6 Days
470003,5-6 Days
485003,5-6 Days
524404,5-6 Days
473990,5-6 Days
413525,5-6 Days
262520,5-6 Days
587156,5-6 Days
691306,5-6 Days
176301,5-6 Days
629201,5-6 Days
413010,5-6 Days
784169,5-6 Days
143604,5-6 Days
620018,5-6 Days
442507,5-6 Days
412102,5-6 Days
475330,5-6 Days
460449,5-6 Days
271305,5-6 Days
825411,5-6 Days
441222,5-6 Days
145024,5-6 Days
306023,5-6 Days
175029,5-6 Days
250106,5-6 Days
686122,5-6 Days
756043,5-6 Days
613303,5-6 Days
689615,5-6 Days
844509,5-6 Days
243702,5-6 Days
249192,5-6 Days
517330,5-6 Days
140506,5-6 Days
390018,5-6 Days
689546,5-6 Days
181111,5-6 Days
360440,5-6 Days
242220,5-6 Days
524152,5-6 Days
275204,5-6 Days
721101,5-6 Days
571111,5-6 Days
332715,5-6 Days
576101,5-6 Days
670010,5-6 Days
176108,5-6 Days
685619,5-6 Days
682026,5-6 Days
396321,5-6 Days
473554,5-6 Days
422012,5-6 Days
583131,5-6 Days
767018,5-6 Days
335703,5-6 Days
680693,5-6 Days
413303,5-6 Days
450445,5-6 Days
852161,5-6 Days
825318,5-6 Days
401208,5-6 Days
331802,5-6 Days
700151,5-6 Days
136156,5-6 Days
822133,5-6 Days
506003,5-6 Days
416002,5-6 Days
743250,5-6 Days
721452,5-6 Days
271871,5-6 Days
680501,5-6 Days
505460,5-6 Days
521156,5-6 Days
416811,5-6 Days
311030,5-6 Days
754214,5-6 Days
232328,5-6 Days
673636,5-6 Days
221006,5-6 Days
464671,5-6 Days
841207,5-6 Days
680027,5-6 Days
445205,5-6 Days
486441,5-6 Days
441301,5-6 Days
205141,5-6 Days
516339,5-6 Days
476001,5-6 Days
483053,5-6 Days
670597,5-6 Days
689674,5-6 Days
621009,5-6 Days
151110,5-6 Days
307043,5-6 Days
483990,5-6 Days
400099,5-6 Days
403519,5-6 Days
506222,5-6 Days
629804,5-6 Days
132022,5-6 Days
711414,5-6 Days
208020,5-6 Days
688002,5-6 Days
603107,5-6 Days
222003,5-6 Days
843106,5-6 Days
185155,5-6 Days
313011,5-6 Days
500075,5-6 Days
638312,5-6 Days
591146,5-6 Days
625701,5-6 Days
249194,5-6 Days
483001,5-6 Days
462021,5-6 Days
560034,5-6 Days
177026,5-6 Days
783338,5-6 Days
442305,5-6 Days
625513,5-6 Days
148024,5-6 Days
582120,5-6 Days
470000,5-6 Days
700159,5-6 Days
391140,5-6 Days
504296,5-6 Days
387375,5-6 Days
488446,5-6 Days
614613,5-6 Days
821002,5-6 Days
756020,5-6 Days
212201,5-6 Days
755041,5-6 Days
631004,5-6 Days
440013,5-6 Days
444512,5-6 Days
211019,5-6 Days
613001,5-6 Days
673501,5-6 Days
184143,5-6 Days
577122,5-6 Days
464990,5-6 Days
303329,5-6 Days
271872,5-6 Days
591102,5-6 Days
124022,5-6 Days
712515,5-6 Days
415110,5-6 Days
560054,5-6 Days
363430,5-6 Days
276208,5-6 Days
160044,5-6 Days
413132,5-6 Days
411107,5-6 Days
305206,5-6 Days
713124,5-6 Days
516247,5-6 Days
770011,5-6 Days
813209,5-6 Days
671329,5-6 Days
627953,5-6 Days
670346,5-6 Days
472221,5-6 Days
160043,5-6 Days
494442,5-6 Days
412405,5-6 Days
342003,5-6 Days
312001,5-6 Days
641013,5-6 Days
313708,5-6 Days
506015,5-6 Days
504251,5-6 Days
508266,5-6 Days
465667,5-6 Days
841405,5-6 Days
394730,5-6 Days
224212,5-6 Days
175134,5-6 Days
815351,5-6 Days
626131,5-6 Days
144528,5-6 Days
522603,5-6 Days
570008,5-6 Days
504313,5-6 Days
847422,5-6 Days
250623,5-6 Days
142024,5-6 Days
691557,5-6 Days
301405,5-6 Days
711317,5-6 Days
625005,5-6 Days
743136,5-6 Days
691526,5-6 Days
587121,5-6 Days
422402,5-6 Days
391210,5-6 Days
224172,5-6 Days
713330,5-6 Days
848302,5-6 Days
243122,5-6 Days
679310,5-6 Days
609405,5-6 Days
193121,5-6 Days
680732,5-6 Days
841237,5-6 Days
143415,5-6 Days
784174,5-6 Days
581208,5-6 Days
313015,5-6 Days
233305,5-6 Days
585323,5-6 Days
335001,5-6 Days
577537,5-6 Days
581211,5-6 Days
678512,5-6 Days
641653,5-6 Days
515133,5-6 Days
504297,5-6 Days
610102,5-6 Days
160074,5-6 Days
388001,5-6 Days
515641,5-6 Days
326501,5-6 Days
631005,5-6 Days
685563,5-6 Days
144803,5-6 Days
637210,5-6 Days
695125,5-6 Days
689675,5-6 Days
360026,5-6 Days
465445,5-6 Days
160030,5-6 Days
444905,5-6 Days
509104,5-6 Days
631052,5-6 Days
305627,5-6 Days
416420,5-6 Days
485001,5-6 Days
635802,5-6 Days
110023,5-6 Days
743352,5-6 Days
203405,5-6 Days
688012,5-6 Days
613002,5-6 Days
712418,5-6 Days
185132,5-6 Days
733123,5-6 Days
110061,5-6 Days
639108,5-6 Days
303003,5-6 Days
326037,5-6 Days
413107,5-6 Days
411047,5-6 Days
828306,5-6 Days
803122,5-6 Days
585101,5-6 Days
413710,5-6 Days
802158,5-6 Days
442904,5-6 Days
695009,5-6 Days
690555,5-6 Days
455002,5-6 Days
334202,5-6 Days
678502,5-6 Days
134111,5-6 Days
795148,5-6 Days
523170,5-6 Days
302003,5-6 Days
313205,5-6 Days
361010,5-6 Days
403729,5-6 Days
638455,5-6 Days
626188,5-6 Days
395001,5-6 Days
845502,5-6 Days
321632,5-6 Days
335771,5-6 Days
632107,5-6 Days
643232,5-6 Days
603209,5-6 Days
797110,5-6 Days
201302,5-6 Days
713383,5-6 Days
851110,5-6 Days
676319,5-6 Days
636309,5-6 Days
591287,5-6 Days
466112,5-6 Days
328022,5-6 Days
486335,5-6 Days
535128,5-6 Days
531035,5-6 Days
845304,5-6 Days
781378,5-6 Days
571187,5-6 Days
431518,5-6 Days
509406,5-6 Days
576224,5-6 Days
671542,5-6 Days
534318,5-6 Days
248140,5-6 Days
784010,5-6 Days
670561,5-6 Days
480334,5-6 Days
533408,5-6 Days
581120,5-6 Days
621220,5-6 Days
144201,5-6 Days
521133,5-6 Days
695503,5-6 Days
802160,5-6 Days
382265,5-6 Days
781009,5-6 Days
639120,5-6 Days
851117,5-6 Days
208015,5-6 Days
160020,5-6 Days
210341,5-6 Days
533428,5-6 Days
482011,5-6 Days
140413,5-6 Days
673011,5-6 Days
224151,5-6 Days
688566,5-6 Days
362015,5-6 Days
783307,5-6 Days
721607,5-6 Days
759120,5-6 Days
824123,5-6 Days
133202,5-6 Days
520001,5-6 Days
393001,5-6 Days
507002,5-6 Days
312202,5-6 Days
401503,5-6 Days
521180,5-6 Days
500079,5-6 Days
444407,5-6 Days
456001,5-6 Days
844112,5-6 Days
520013,5-6 Days
205147,5-6 Days
305815,5-6 Days
638058,5-6 Days
754215,5-6 Days
629001,5-6 Days
680703,5-6 Days
496197,5-6 Days
690502,5-6 Days
505162,5-6 Days
530024,5-6 Days
609116,5-6 Days
411125,5-6 Days
311301,5-6 Days
712158,5-6 Days
248007,5-6 Days
480886,5-6 Days
221112,5-6 Days
142050,5-6 Days
781129,5-6 Days
829210,5-6 Days
577112,5-6 Days
246171,5-6 Days
382005,5-6 Days
203408,5-6 Days
829123,5-6 Days
741102,5-6 Days
673621,5-6 Days
673637,5-6 Days
415208,5-6 Days
509203,5-6 Days
782460,5-6 Days
246174,5-6 Days
686571,5-6 Days
577448,5-6 Days
485114,5-6 Days
390024,5-6 Days
176214,5-6 Days
281305,5-6 Days
146021,5-6 Days
630502,5-6 Days
743299,5-6 Days
605102,5-6 Days
678534,5-6 Days
852219,5-6 Days
177021,5-6 Days
604406,5-6 Days
515404,5-6 Days
607402,5-6 Days
734404,5-6 Days
673586,5-6 Days
751001,5-6 Days
585309,5-6 Days
534238,5-6 Days
402107,5-6 Days
680015,5-6 Days
673643,5-6 Days
601205,5-6 Days
643212,5-6 Days
621306,5-6 Days
500112,5-6 Days
570026,5-6 Days
784147,5-6 Days
638462,5-6 Days
624414,5-6 Days
393120,5-6 Days
683573,5-6 Days
722158,5-6 Days
283202,5-6 Days
127310,5-6 Days
713132,5-6 Days
603105,5-6 Days
144044,5-6 Days
534222,5-6 Days
411006,5-6 Days
721626,5-6 Days
843316,5-6 Days
484001,5-6 Days
390009,5-6 Days
847429,5-6 Days
683587,5-6 Days
788025,5-6 Days
483225,5-6 Days
431521,5-6 Days
493554,5-6 Days
721163,5-6 Days
576001,5-6 Days
607107,5-6 Days
523315,5-6 Days
626166,5-6 Days
671318,5-6 Days
411014,5-6 Days
630408,5-6 Days
801115,5-6 Days
768220,5-6 Days
790102,5-6 Days
756032,5-6 Days
639109,5-6 Days
712617,5-6 Days
624402,5-6 Days
689678,5-6 Days
700141,5-6 Days
415115,5-6 Days
524003,5-6 Days
847304,5-6 Days
127026,5-6 Days
411230,5-6 Days
222165,5-6 Days
673004,5-6 Days
753071,5-6 Days
403601,5-6 Days
362560,5-6 Days
783337,5-6 Days
851134,5-6 Days
516505,5-6 Days
306106,5-6 Days
387530,5-6 Days
802352,5-6 Days
506348,5-6 Days
124105,5-6 Days
743503,5-6 Days
829124,5-6 Days
829119,5-6 Days
160050,5-6 Days
627412,5-6 Days
415021,5-6 Days
678702,5-6 Days
490021,5-6 Days
534247,5-6 Days
174303,5-6 Days
390003,5-6 Days
854109,5-6 Days
305926,5-6 Days
415710,5-6 Days
686674,5-6 Days
638313,5-6 Days
631213,5-6 Days
494010,5-6 Days
302004,5-6 Days
742122,5-6 Days
415409,5-6 Days
497111,5-6 Days
844103,5-6 Days
731214,5-6 Days
630312,5-6 Days
712248,5-6 Days
403204,5-6 Days
242005,5-6 Days
110089,5-6 Days
576282,5-6 Days
570016,5-6 Days
802301,5-6 Days
411027,5-6 Days
721461,5-6 Days
824127,5-6 Days
643234,5-6 Days
753141,5-6 Days
230140,5-6 Days
382750,5-6 Days
670015,5-6 Days
285128,5-6 Days
799015,5-6 Days
421504,5-6 Days
248147,5-6 Days
127306,5-6 Days
679536,5-6 Days
389152,5-6 Days
782482,5-6 Days
143502,5-6 Days
416311,5-6 Days
444105,5-6 Days
244226,5-6 Days
148019,5-6 Days
520003,5-6 Days
752091,5-6 Days
584104,5-6 Days
741174,5-6 Days
583123,5-6 Days
322027,5-6 Days
502108,5-6 Days
425108,5-6 Days
827011,5-6 Days
626137,5-6 Days
533238,5-6 Days
678704,5-6 Days
224129,5-6 Days
635201,5-6 Days
224235,5-6 Days
272181,5-6 Days
431508,5-6 Days
245401,5-6 Days
396235,5-6 Days
227806,5-6 Days
394720,5-6 Days
628904,5-6 Days
246149,5-6 Days
403530,5-6 Days
440031,5-6 Days
788101,5-6 Days
391770,5-6 Days
713409,5-6 Days
781308,5-6 Days
152028,5-6 Days
451447,5-6 Days
344027,5-6 Days
271304,5-6 Days
636807,5-6 Days
743195,5-6 Days
581196,5-6 Days
382013,5-6 Days
243633,5-6 Days
626133,5-6 Days
855107,5-6 Days
160002,5-6 Days
764048,5-6 Days
521227,5-6 Days
722153,5-6 Days
246001,5-6 Days
221717,5-6 Days
804453,5-6 Days
495691,5-6 Days
425101,5-6 Days
504304,5-6 Days
560080,5-6 Days
612202,5-6 Days
572125,5-6 Days
571425,5-6 Days
673620,5-6 Days
411025,5-6 Days
802218,5-6 Days
404404,5-6 Days
604407,5-6 Days
274509,5-6 Days
223106,5-6 Days
243751,5-6 Days
843144,5-6 Days
700001,5-6 Days
110036,5-6 Days
629169,5-6 Days
134104,5-6 Days
577501,5-6 Days
574166,5-6 Days
711315,5-6 Days
583137,5-6 Days
210301,5-6 Days
534015,5-6 Days
581303,5-6 Days
680013,5-6 Days
629156,5-6 Days
244502,5-6 Days
695004,5-6 Days
515286,5-6 Days
627254,5-6 Days
486890,5-6 Days
627430,5-6 Days
465683,5-6 Days
144804,5-6 Days
160037,5-6 Days
313024,5-6 Days
712223,5-6 Days
440014,5-6 Days
271841,5-6 Days
753001,5-6 Days
571478,5-6 Days
532579,5-6 Days
533235,5-6 Days
814151,5-6 Days
630204,5-6 Days
585259,5-6 Days
245405,5-6 Days
383006,5-6 Days
227308,5-6 Days
629707,5-6 Days
591104,5-6 Days
500594,5-6 Days
576231,5-6 Days
636808,5-6 Days
723163,5-6 Days
263624,5-6 Days
590009,5-6 Days
229126,5-6 Days
845438,5-6 Days
586123,5-6 Days
212662,5-6 Days
602117,5-6 Days
583221,5-6 Days
781364,5-6 Days
533223,5-6 Days
609602,5-6 Days
480667,5-6 Days
621012,5-6 Days
462031,5-6 Days
201102,5-6 Days
301021,5-6 Days
131001,5-6 Days
176075,5-6 Days
520012,5-6 Days
560074,5-6 Days
341301,5-6 Days
508208,5-6 Days
534211,5-6 Days
636302,5-6 Days
572225,5-6 Days
641104,5-6 Days
680001,5-6 Days
732214,5-6 Days
110085,5-6 Days
471201,5-6 Days
403701,5-6 Days
711311,5-6 Days
621208,5-6 Days
233230,5-6 Days
742132,5-6 Days
382450,5-6 Days
802163,5-6 Days
752113,5-6 Days
365665,5-6 Days
503212,5-6 Days
302034,5-6 Days
321028,5-6 Days
385550,5-6 Days
508101,5-6 Days
224166,5-6 Days
632604,5-6 Days
363510,5-6 Days
585302,5-6 Days
535204,5-6 Days
124001,5-6 Days
382705,5-6 Days
176040,5-6 Days
636903,5-6 Days
273015,5-6 Days
804428,5-6 Days
642111,5-6 Days
342307,5-6 Days
625019,5-6 Days
181008,5-6 Days
332043,5-6 Days
506010,5-6 Days
491665,5-6 Days
630212,5-6 Days
577146,5-6 Days
752037,5-6 Days
246474,5-6 Days
781011,5-6 Days
281403,5-6 Days
533254,5-6 Days
477222,5-6 Days
232326,5-6 Days
422103,5-6 Days
321617,5-6 Days
826007,5-6 Days
686024,5-6 Days
700084,5-6 Days
506366,5-6 Days
753021,5-6 Days
226005,5-6 Days
733155,5-6 Days
174024,5-6 Days
506318,5-6 Days
848226,5-6 Days
202130,5-6 Days
691539,5-6 Days
431803,5-6 Days
641402,5-6 Days
365456,5-6 Days
784161,5-6 Days
742189,5-6 Days
834003,5-6 Days
638661,5-6 Days
389351,5-6 Days
629159,5-6 Days
635117,5-6 Days
284419,5-6 Days
612802,5-6 Days
476554,5-6 Days
574189,5-6 Days
713218,5-6 Days
760005,5-6 Days
516293,5-6 Days
621203,5-6 Days
678505,5-6 Days
756045,5-6 Days
521323,5-6 Days
628309,5-6 Days
695525,5-6 Days
361220,5-6 Days
627010,5-6 Days
584101,5-6 Days
302012,5-6 Days
110505,5-6 Days
443301,5-6 Days
205130,5-6 Days
583211,5-6 Days
585102,5-6 Days
731130,5-6 Days
305922,5-6 Days
495549,5-6 Days
146116,5-6 Days
639105,5-6 Days
171008,5-6 Days
828209,5-6 Days
815357,5-6 Days
190011,5-6 Days
713425,5-6 Days
631605,5-6 Days
614820,5-6 Days
182204,5-6 Days
500046,5-6 Days
534303,5-6 Days
628251,5-6 Days
388340,5-6 Days
423104,5-6 Days
400039,5-6 Days
573131,5-6 Days
562102,5-6 Days
573119,5-6 Days
623317,5-6 Days
560001,5-6 Days
177220,5-6 Days
274408,5-6 Days
472338,5-6 Days
743234,5-6 Days
322214,5-6 Days
841311,5-6 Days
387365,5-6 Days
415617,5-6 Days
673595,5-6 Days
184148,5-6 Days
600051,5-6 Days
362720,5-6 Days
637213,5-6 Days
841418,5-6 Days
110608,5-6 Days
250403,5-6 Days
504217,5-6 Days
144628,5-6 Days
758040,5-6 Days
829209,5-6 Days
430006,5-6 Days
586129,5-6 Days
132101,5-6 Days
233225,5-6 Days
785692,5-6 Days
412303,5-6 Days
638673,5-6 Days
833222,5-6 Days
816119,5-6 Days
847235,5-6 Days
753014,5-6 Days
393025,5-6 Days
721155,5-6 Days
781125,5-6 Days
160036,5-6 Days
262202,5-6 Days
509410,5-6 Days
203002,5-6 Days
609811,5-6 Days
203389,5-6 Days
521131,5-6 Days
587117,5-6 Days
400017,5-6 Days
208023,5-6 Days
403719,5-6 Days
491338,5-6 Days
753010,5-6 Days
604505,5-6 Days
532522,5-6 Days
509001,5-6 Days
756035,5-6 Days
175014,5-6 Days
110014,5-6 Days
383030,5-6 Days
841402,5-6 Days
363030,5-6 Days
431646,5-6 Days
522414,5-6 Days
690548,5-6 Days
389122,5-6 Days
363031,5-6 Days
679591,5-6 Days
587330,5-6 Days
793112,5-6 Days
796186,5-6 Days
586120,5-6 Days
517416,5-6 Days
284122,5-6 Days
741159,5-6 Days
501201,5-6 Days
431009,5-6 Days
205267,5-6 Days
411031,5-6 Days
764075,5-6 Days
562103,5-6 Days
786151,5-6 Days
721128,5-6 Days
600098,5-6 Days
505476,5-6 Days
396108,5-6 Days
756110,5-6 Days
743387,5-6 Days
722162,5-6 Days
678009,5-6 Days
343025,5-6 Days
485115,5-6 Days
695506,5-6 Days
623560,5-6 Days
333041,5-6 Days
689625,5-6 Days
122414,5-6 Days
585417,5-6 Days
248158,5-6 Days
767001,5-6 Days
224116,5-6 Days
623518,5-6 Days
632312,5-6 Days
495446,5-6 Days
313338,5-6 Days
686509,5-6 Days
732122,5-6 Days
263645,5-6 Days
303011,5-6 Days
781310,5-6 Days
518333,5-6 Days
506319,5-6 Days
443404,5-6 Days
721149,5-6 Days
813233,5-6 Days
501202,5-6 Days
177207,5-6 Days
689584,5-6 Days
574150,5-6 Days
494228,5-6 Days
607109,5-6 Days
721123,5-6 Days
641061,5-6 Days
212501,5-6 Days
770035,5-6 Days
272129,5-6 Days
673124,5-6 Days
400601,5-6 Days
416007,5-6 Days
631601,5-6 Days
627428,5-6 Days
383205,5-6 Days
831009,5-6 Days
683571,5-6 Days
627756,5-6 Days
311026,5-6 Days
277122,5-6 Days
277305,5-6 Days
403808,5-6 Days
679562,5-6 Days
414004,5-6 Days
700090,5-6 Days
788830,5-6 Days
624052,5-6 Days
458330,5-6 Days
722176,5-6 Days
522611,5-6 Days
384272,5-6 Days
847105,5-6 Days
680575,5-6 Days
624610,5-6 Days
496554,5-6 Days
480554,5-6 Days
504346,5-6 Days
731103,5-6 Days
461446,5-6 Days
425003,5-6 Days
802217,5-6 Days
801106,5-6 Days
784160,5-6 Days
224001,5-6 Days
721664,5-6 Days
760002,5-6 Days
332041,5-6 Days
505481,5-6 Days
411048,5-6 Days
380022,5-6 Days
822131,5-6 Days
422204,5-6 Days
682510,5-6 Days
151301,5-6 Days
614702,5-6 Days
623513,5-6 Days
563134,5-6 Days
148103,5-6 Days
400074,5-6 Days
532432,5-6 Days
733102,5-6 Days
494224,5-6 Days
829208,5-6 Days
532443,5-6 Days
797117,5-6 Days
491441,5-6 Days
682313,5-6 Days
384241,5-6 Days
232331,5-6 Days
391760,5-6 Days
491444,5-6 Days
825330,5-6 Days
756029,5-6 Days
322030,5-6 Days
507209,5-6 Days
691012,5-6 Days
123411,5-6 Days
753003,5-6 Days
695615,5-6 Days
462036,5-6 Days
227805,5-6 Days
227304,5-6 Days
755009,5-6 Days
854337,5-6 Days
680641,5-6 Days
673105,5-6 Days
609404,5-6 Days
626001,5-6 Days
636012,5-6 Days
415313,5-6 Days
176033,5-6 Days
331306,5-6 Days
303304,5-6 Days
534437,5-6 Days
741256,5-6 Days
251203,5-6 Days
524004,5-6 Days
394517,5-6 Days
532264,5-6 Days
431810,5-6 Days
441110,5-6 Days
341022,5-6 Days
627752,5-6 Days
444002,5-6 Days
388308,5-6 Days
609803,5-6 Days
625123,5-6 Days
741316,5-6 Days
445109,5-6 Days
522263,5-6 Days
461115,5-6 Days
144023,5-6 Days
333305,5-6 Days
313801,5-6 Days
456771,5-6 Days
383341,5-6 Days
415309,5-6 Days
689516,5-6 Days
722143,5-6 Days
231309,5-6 Days
711410,5-6 Days
721172,5-6 Days
516152,5-6 Days
403705,5-6 Days
753008,5-6 Days
311407,5-6 Days
686679,5-6 Days
792130,5-6 Days
600036,5-6 Days
584103,5-6 Days
848502,5-6 Days
507160,5-6 Days
591107,5-6 Days
403517,5-6 Days
335040,5-6 Days
682013,5-6 Days
827012,5-6 Days
835206,5-6 Days
785683,5-6 Days
574224,5-6 Days
370204,5-6 Days
627101,5-6 Days
533293,5-6 Days
466111,5-6 Days
122012,5-6 Days
509311,5-6 Days
560094,5-6 Days
307031,5-6 Days
636458,5-6 Days
570006,5-6 Days
209734,5-6 Days
673543,5-6 Days
250222,5-6 Days
844502,5-6 Days
224159,5-6 Days
202127,5-6 Days
721124,5-6 Days
184141,5-6 Days
524312,5-6 Days
361004,5-6 Days
531034,5-6 Days
203403,5-6 Days
263001,5-6 Days
811202,5-6 Days
334003,5-6 Days
695611,5-6 Days
415640,5-6 Days
516454,5-6 Days
249145,5-6 Days
761037,5-6 Days
331506,5-6 Days
605203,5-6 Days
277216,5-6 Days
400602,5-6 Days
152132,5-6 Days
301030,5-6 Days
790105,5-6 Days
301044,5-6 Days
503223,5-6 Days
209881,5-6 Days
388230,5-6 Days
416411,5-6 Days
803124,5-6 Days
144306,5-6 Days
574237,5-6 Days
609303,5-6 Days
421403,5-6 Days
518501,5-6 Days
638660,5-6 Days
324003,5-6 Days
721656,5-6 Days
713156,5-6 Days
532148,5-6 Days
173214,5-6 Days
177024,5-6 Days
583212,5-6 Days
848205,5-6 Days
695582,5-6 Days
518553,5-6 Days
462004,5-6 Days
686033,5-6 Days
523320,5-6 Days
360450,5-6 Days
416204,5-6 Days
314026,5-6 Days
248171,5-6 Days
829113,5-6 Days
370627,5-6 Days
534123,5-6 Days
485774,5-6 Days
535558,5-6 Days
518001,5-6 Days
691330,5-6 Days
500076,5-6 Days
713336,5-6 Days
285196,5-6 Days
394111,5-6 Days
695547,5-6 Days
243401,5-6 Days
533250,5-6 Days
688531,5-6 Days
431007,5-6 Days
641043,5-6 Days
122050,5-6 Days
442916,5-6 Days
741403,5-6 Days
134012,5-6 Days
721431,5-6 Days
313903,5-6 Days
521124,5-6 Days
574103,5-6 Days
638301,5-6 Days
203409,5-6 Days
148102,5-6 Days
141117,5-6 Days
140108,5-6 Days
283121,5-6 Days
802183,5-6 Days
682511,5-6 Days
140507,5-6 Days
413607,5-6 Days
517235,5-6 Days
680018,5-6 Days
245408,5-6 Days
800010,5-6 Days
700014,5-6 Days
176209,5-6 Days
560111,5-6 Days
625020,5-6 Days
517370,5-6 Days
695081,5-6 Days
639006,5-6 Days
209651,5-6 Days
741170,5-6 Days
504206,5-6 Days
762016,5-6 Days
563102,5-6 Days
721435,5-6 Days
505002,5-6 Days
229307,5-6 Days
628217,5-6 Days
639113,5-6 Days
443401,5-6 Days
636501,5-6 Days
683517,5-6 Days
515164,5-6 Days
757084,5-6 Days
764076,5-6 Days
765026,5-6 Days
689616,5-6 Days
563137,5-6 Days
281201,5-6 Days
611111,5-6 Days
670144,5-6 Days
110059,5-6 Days
242303,5-6 Days
787001,5-6 Days
798626,5-6 Days
313301,5-6 Days
607803,5-6 Days
688555,5-6 Days
583201,5-6 Days
700067,5-6 Days
306709,5-6 Days
124010,5-6 Days
758017,5-6 Days
742173,5-6 Days
793103,5-6 Days
384305,5-6 Days
608901,5-6 Days
627351,5-6 Days
796891,5-6 Days
671534,5-6 Days
757029,5-6 Days
713341,5-6 Days
631102,5-6 Days
803201,5-6 Days
591306,5-6 Days
506347,5-6 Days
496445,5-6 Days
133203,5-6 Days
676312,5-6 Days
624501,5-6 Days
276126,5-6 Days
246763,5-6 Days
627854,5-6 Days
621704,5-6 Days
786159,5-6 Days
577301,5-6 Days
767032,5-6 Days
764037,5-6 Days
362710,5-6 Days
301028,5-6 Days
243123,5-6 Days
333001,5-6 Days
180015,5-6 Days
412413,5-6 Days
395004,5-6 Days
766103,5-6 Days
788931,5-6 Days
695605,5-6 Days
624007,5-6 Days
134011,5-6 Days
627361,5-6 Days
175143,5-6 Days
785689,5-6 Days
673314,5-6 Days
452014,5-6 Days
678104,5-6 Days
535213,5-6 Days
400613,5-6 Days
423206,5-6 Days
848133,5-6 Days
171003,5-6 Days
762015,5-6 Days
209101,5-6 Days
636117,5-6 Days
580011,5-6 Days
574102,5-6 Days
495677,5-6 Days
630001,5-6 Days
683586,5-6 Days
516223,5-6 Days
303209,5-6 Days
741235,5-6 Days
521356,5-6 Days
590008,5-6 Days
482007,5-6 Days
423110,5-6 Days
341511,5-6 Days
560057,5-6 Days
403003,5-6 Days
577233,5-6 Days
331504,5-6 Days
642119,5-6 Days
271201,5-6 Days
521101,5-6 Days
325214,5-6 Days
631105,5-6 Days
413725,5-6 Days
123027,5-6 Days
712414,5-6 Days
191121,5-6 Days
628653,5-6 Days
284203,5-6 Days
422401,5-6 Days
342801,5-6 Days
314022,5-6 Days
643223,5-6 Days
623004,5-6 Days
441001,5-6 Days
629181,5-6 Days
571601,5-6 Days
796810,5-6 Days
144421,5-6 Days
334021,5-6 Days
518313,5-6 Days
680623,5-6 Days
480771,5-6 Days
627954,5-6 Days
628703,5-6 Days
345024,5-6 Days
110104,5-6 Days
731242,5-6 Days
627859,5-6 Days
363320,5-6 Days
227202,5-6 Days
146105,5-6 Days
533237,5-6 Days
712702,5-6 Days
691533,5-6 Days
523356,5-6 Days
583204,5-6 Days
769043,5-6 Days
585287,5-6 Days
625108,5-6 Days
110103,5-6 Days
721434,5-6 Days
678688,5-6 Days
636110,5-6 Days
221008,5-6 Days
761124,5-6 Days
175007,5-6 Days
416704,5-6 Days
431807,5-6 Days
306602,5-6 Days
691011,5-6 Days
174103,5-6 Days
271127,5-6 Days
207501,5-6 Days
763004,5-6 Days
173104,5-6 Days
221403,5-6 Days
608704,5-6 Days
673024,5-6 Days
621008,5-6 Days
782462,5-6 Days
520006,5-6 Days
400080,5-6 Days
828122,5-6 Days
743389,5-6 Days
695608,5-6 Days
204211,5-6 Days
230404,5-6 Days
122230,5-6 Days
515581,5-6 Days
361002,5-6 Days
577524,5-6 Days
606123,5-6 Days
577451,5-6 Days
177045,5-6 Days
630002,5-6 Days
473332,5-6 Days
722209,5-6 Days
507122,5-6 Days
782136,5-6 Days
362530,5-6 Days
712311,5-6 Days
506146,5-6 Days
522426,5-6 Days
630206,5-6 Days
524412,5-6 Days
152101,5-6 Days
192129,5-6 Days
560030,5-6 Days
173234,5-6 Days
233001,5-6 Days
532501,5-6 Days
250345,5-6 Days
621312,5-6 Days
695602,5-6 Days
813104,5-6 Days
276127,5-6 Days
576221,5-6 Days
673103,5-6 Days
465337,5-6 Days
505472,5-6 Days
758002,5-6 Days
600119,5-6 Days
360560,5-6 Days
411050,5-6 Days
521003,5-6 Days
176043,5-6 Days
185121,5-6 Days
225415,5-6 Days
743515,5-6 Days
637501,5-6 Days
303109,5-6 Days
144042,5-6 Days
515814,5-6 Days
206002,5-6 Days
700024,5-6 Days
508116,5-6 Days
723143,5-6 Days
803119,5-6 Days
321614,5-6 Days
394210,5-6 Days
843117,5-6 Days
522509,5-6 Days
627355,5-6 Days
814116,5-6 Days
484002,5-6 Days
535573,5-6 Days
412108,5-6 Days
632052,5-6 Days
695025,5-6 Days
742135,5-6 Days
695028,5-6 Days
246488,5-6 Days
400705,5-6 Days
522315,5-6 Days
712407,5-6 Days
639206,5-6 Days
508213,5-6 Days
305205,5-6 Days
783333,5-6 Days
173030,5-6 Days
571211,5-6 Days
248198,5-6 Days
224184,5-6 Days
691326,5-6 Days
211020,5-6 Days
560051,5-6 Days
561228,5-6 Days
626143,5-6 Days
306504,5-6 Days
515661,5-6 Days
629253,5-6 Days
230001,5-6 Days
635111,5-6 Days
783336,5-6 Days
477445,5-6 Days
500003,5-6 Days
679334,5-6 Days
722107,5-6 Days
402104,5-6 Days
785623,5-6 Days
228172,5-6 Days
416019,5-6 Days
626138,5-6 Days
172001,5-6 Days
225404,5-6 Days
362001,5-6 Days
465001,5-6 Days
604503,5-6 Days
680594,5-6 Days
393145,5-6 Days
335061,5-6 Days
573218,5-6 Days
385510,5-6 Days
792103,5-6 Days
635702,5-6 Days
143515,5-6 Days
625305,5-6 Days
762013,5-6 Days
670603,5-6 Days
508279,5-6 Days
224157,5-6 Days
224188,5-6 Days
175126,5-6 Days
581321,5-6 Days
734004,5-6 Days
242402,5-6 Days
756009,5-6 Days
483773,5-6 Days
831004,5-6 Days
560059,5-6 Days
131306,5-6 Days
507158,5-6 Days
829133,5-6 Days
415213,5-6 Days
683104,5-6 Days
798620,5-6 Days
328041,5-6 Days
788115,5-6 Days
416540,5-6 Days
416409,5-6 Days
465339,5-6 Days
695132,5-6 Days
209301,5-6 Days
673647,5-6 Days
518432,5-6 Days
621218,5-6 Days
502270,5-6 Days
733127,5-6 Days
480990,5-6 Days
690535,5-6 Days
455115,5-6 Days
759146,5-6 Days
796321,5-6 Days
690102,5-6 Days
743235,5-6 Days
496331,5-6 Days
412311,5-6 Days
821104,5-6 Days
815315,5-6 Days
480102,5-6 Days
627773,5-6 Days
271307,5-6 Days
271865,5-6 Days
515402,5-6 Days
766013,5-6 Days
444910,5-6 Days
457661,5-6 Days
460663,5-6 Days
523110,5-6 Days
140110,5-6 Days
140103,5-6 Days
226302,5-6 Days
577124,5-6 Days
783388,5-6 Days
614204,5-6 Days
585216,5-6 Days
193502,5-6 Days
370465,5-6 Days
700117,5-6 Days
229404,5-6 Days
735206,5-6 Days
388130,5-6 Days
673618,5-6 Days
334002,5-6 Days
133302,5-6 Days
752119,5-6 Days
229411,5-6 Days
845101,5-6 Days
483119,5-6 Days
712122,5-6 Days
458888,5-6 Days
457778,5-6 Days
276305,5-6 Days
360311,5-6 Days
742212,5-6 Days
639001,5-6 Days
400210,5-6 Days
695581,5-6 Days
691603,5-6 Days
175026,5-6 Days
224207,5-6 Days
678582,5-6 Days
821108,5-6 Days
491222,5-6 Days
225204,5-6 Days
620015,5-6 Days
201017,5-6 Days
606903,5-6 Days
225305,5-6 Days
758079,5-6 Days
786121,5-6 Days
688543,5-6 Days
797121,5-6 Days
507166,5-6 Days
614703,5-6 Days
306703,5-6 Days
628229,5-6 Days
261206,5-6 Days
521329,5-6 Days
396110,5-6 Days
517408,5-6 Days
503003,5-6 Days
560063,5-6 Days
521457,5-6 Days
232120,5-6 Days
391135,5-6 Days
423303,5-6 Days
342005,5-6 Days
285127,5-6 Days
686586,5-6 Days
685556,5-6 Days
481995,5-6 Days
638002,5-6 Days
628623,5-6 Days
609106,5-6 Days
328040,5-6 Days
606104,5-6 Days
841318,5-6 Days
335027,5-6 Days
415107,5-6 Days
334006,5-6 Days
516115,5-6 Days
689519,5-6 Days
712221,5-6 Days
786622,5-6 Days
524306,5-6 Days
341001,5-6 Days
574233,5-6 Days
680656,5-6 Days
394651,5-6 Days
144516,5-6 Days
523357,5-6 Days
686521,5-6 Days
281202,5-6 Days
262908,5-6 Days
689595,5-6 Days
203135,5-6 Days
193109,5-6 Days
333707,5-6 Days
382727,5-6 Days
788103,5-6 Days
522403,5-6 Days
609606,5-6 Days
431109,5-6 Days
639007,5-6 Days
452016,5-6 Days
625530,5-6 Days
756140,5-6 Days
612107,5-6 Days
440036,5-6 Days
362640,5-6 Days
145029,5-6 Days
678001,5-6 Days
423202,5-6 Days
143006,5-6 Days
799266,5-6 Days
302024,5-6 Days
608305,5-6 Days
680002,5-6 Days
673574,5-6 Days
560116,5-6 Days
487551,5-6 Days
670008,5-6 Days
225401,5-6 Days
523155,5-6 Days
831003,5-6 Days
177106,5-6 Days
829105,5-6 Days
307025,5-6 Days
325601,5-6 Days
574160,5-6 Days
517581,5-6 Days
321302,5-6 Days
754106,5-6 Days
361320,5-6 Days
249155,5-6 Days
506112,5-6 Days
360570,5-6 Days
631206,5-6 Days
685553,5-6 Days
686635,5-6 Days
410302,5-6 Days
140119,5-6 Days
227105,5-6 Days
603110,5-6 Days
571439,5-6 Days
781030,5-6 Days
752102,5-6 Days
847240,5-6 Days
222126,5-6 Days
788007,5-6 Days
577429,5-6 Days
523165,5-6 Days
743442,5-6 Days
606201,5-6 Days
721458,5-6 Days
712153,5-6 Days
313702,5-6 Days
534311,5-6 Days
503225,5-6 Days
521332,5-6 Days
734223,5-6 Days
322236,5-6 Days
781014,5-6 Days
761125,5-6 Days
500052,5-6 Days
577543,5-6 Days
683515,5-6 Days
335702,5-6 Days
847119,5-6 Days
454365,5-6 Days
574326,5-6 Days
205001,5-6 Days
226101,5-6 Days
147202,5-6 Days
227207,5-6 Days
470229,5-6 Days
244601,5-6 Days
678503,5-6 Days
383350,5-6 Days
814131,5-6 Days
741250,5-6 Days
523186,5-6 Days
723161,5-6 Days
636806,5-6 Days
247340,5-6 Days
530027,5-6 Days
761106,5-6 Days
682320,5-6 Days
815359,5-6 Days
396409,5-6 Days
246768,5-6 Days
143205,5-6 Days
632004,5-6 Days
814152,5-6 Days
604210,5-6 Days
581109,5-6 Days
125055,5-6 Days
524403,5-6 Days
505215,5-6 Days
721122,5-6 Days
422113,5-6 Days
700127,5-6 Days
176084,5-6 Days
322204,5-6 Days
636307,5-6 Days
711402,5-6 Days
743272,5-6 Days
825401,5-6 Days
828131,5-6 Days
496109,5-6 Days
793126,5-6 Days
682033,5-6 Days
325205,5-6 Days
682316,5-6 Days
458336,5-6 Days
444705,5-6 Days
754118,5-6 Days
522410,5-6 Days
782425,5-6 Days
586102,5-6 Days
605104,5-6 Days
787035,5-6 Days
795159,5-6 Days
600077,5-6 Days
221407,5-6 Days
201007,5-6 Days
246735,5-6 Days
457331,5-6 Days
391101,5-6 Days
600063,5-6 Days
590006,5-6 Days
176315,5-6 Days
246729,5-6 Days
191104,5-6 Days
577533,5-6 Days
382410,5-6 Days
455459,5-6 Days
626124,5-6 Days
682041,5-6 Days
742140,5-6 Days
411045,5-6 Days
743441,5-6 Days
534225,5-6 Days
121014,5-6 Days
783320,5-6 Days
686004,5-6 Days
690573,5-6 Days
394650,5-6 Days
249203,5-6 Days
441226,5-6 Days
146002,5-6 Days
201016,5-6 Days
679327,5-6 Days
793120,5-6 Days
518468,5-6 Days
441209,5-6 Days
686661,5-6 Days
411012,5-6 Days
144015,5-6 Days
803211,5-6 Days
700088,5-6 Days
532222,5-6 Days
442401,5-6 Days
816124,5-6 Days
828203,5-6 Days
497220,5-6 Days
328028,5-6 Days
530025,5-6 Days
845414,5-6 Days
415634,5-6 Days
382435,5-6 Days
176318,5-6 Days
732138,5-6 Days
855120,5-6 Days
680022,5-6 Days
764028,5-6 Days
686142,5-6 Days
425304,5-6 Days
483110,5-6 Days
841287,5-6 Days
410303,5-6 Days
743144,5-6 Days
756166,5-6 Days
273213,5-6 Days
142047,5-6 Days
614207,5-6 Days
425424,5-6 Days
384550,5-6 Days
768006,5-6 Days
754029,5-6 Days
416522,5-6 Days
796161,5-6 Days
516003,5-6 Days
689517,5-6 Days
521261,5-6 Days
403721,5-6 Days
814150,5-6 Days
797113,5-6 Days
332002,5-6 Days
496661,5-6 Days
209652,5-6 Days
523303,5-6 Days
191103,5-6 Days
799260,5-6 Days
670012,5-6 Days
481884,5-6 Days
455227,5-6 Days
306706,5-6 Days
759028,5-6 Days
496111,5-6 Days
502302,5-6 Days
173028,5-6 Days
786008,5-6 Days
521343,5-6 Days
224223,5-6 Days
201315,5-6 Days
621117,5-6 Days
802220,5-6 Days
500059,5-6 Days
577180,5-6 Days
484120,5-6 Days
585105,5-6 Days
627758,5-6 Days
390008,5-6 Days
175027,5-6 Days
560050,5-6 Days
458660,5-6 Days
532212,5-6 Days
444203,5-6 Days
473443,5-6 Days
700148,5-6 Days
833216,5-6 Days
689722,5-6 Days
824206,5-6 Days
416412,5-6 Days
620120,5-6 Days
604206,5-6 Days
245206,5-6 Days
671545,5-6 Days
312205,5-6 Days
591236,5-6 Days
636815,5-6 Days
785632,5-6 Days
843132,5-6 Days
222303,5-6 Days
576222,5-6 Days
457550,5-6 Days
523169,5-6 Days
805107,5-6 Days
144040,5-6 Days
581353,5-6 Days
473444,5-6 Days
642117,5-6 Days
523336,5-6 Days
221718,5-6 Days
248201,5-6 Days
723157,5-6 Days
800016,5-6 Days
612501,5-6 Days
277502,5-6 Days
142051,5-6 Days
396540,5-6 Days
603101,5-6 Days
758085,5-6 Days
504305,5-6 Days
770038,5-6 Days
603211,5-6 Days
520015,5-6 Days
175042,5-6 Days
272105,5-6 Days
742202,5-6 Days
695510,5-6 Days
302007,5-6 Days
630554,5-6 Days
231222,5-6 Days
641663,5-6 Days
680502,5-6 Days
181145,5-6 Days
835102,5-6 Days
689110,5-6 Days
689661,5-6 Days
502115,5-6 Days
679502,5-6 Days
522113,5-6 Days
421300,5-6 Days
802159,5-6 Days
232327,5-6 Days
387240,5-6 Days
843118,5-6 Days
424304,5-6 Days
341021,5-6 Days
785612,5-6 Days
122413,5-6 Days
396145,5-6 Days
574231,5-6 Days
846003,5-6 Days
393135,5-6 Days
244714,5-6 Days
721453,5-6 Days
785654,5-6 Days
403104,5-6 Days
723214,5-6 Days
673025,5-6 Days
581323,5-6 Days
691334,5-6 Days
591232,5-6 Days
627809,5-6 Days
685502,5-6 Days
521231,5-6 Days
560117,5-6 Days
683554,5-6 Days
631602,5-6 Days
721130,5-6 Days
673010,5-6 Days
177048,5-6 Days
425511,5-6 Days
700012,5-6 Days
335051,5-6 Days
495119,5-6 Days
144037,5-6 Days
416628,5-6 Days
585290,5-6 Days
171214,5-6 Days
795010,5-6 Days
630103,5-6 Days
323613,5-6 Days
509339,5-6 Days
686146,5-6 Days
388215,5-6 Days
171014,5-6 Days
403516,5-6 Days
441903,5-6 Days
276201,5-6 Days
585228,5-6 Days
185211,5-6 Days
761107,5-6 Days
737121,5-6 Days
185151,5-6 Days
583232,5-6 Days
444902,5-6 Days
413534,5-6 Days
403002,5-6 Days
171205,5-6 Days
342007,5-6 Days
382165,5-6 Days
756171,5-6 Days
441408,5-6 Days
425109,5-6 Days
201307,5-6 Days
481115,5-6 Days
360545,5-6 Days
302005,5-6 Days
532427,5-6 Days
736101,5-6 Days
632608,5-6 Days
140502,5-6 Days
272201,5-6 Days
127114,5-6 Days
361310,5-6 Days
273303,5-6 Days
609805,5-6 Days
382404,5-6 Days
505467,5-6 Days
783301,5-6 Days
456222,5-6 Days
629003,5-6 Days
712701,5-6 Days
741404,5-6 Days
175105,5-6 Days
273011,5-6 Days
122232,5-6 Days
401703,5-6 Days
500095,5-6 Days
781017,5-6 Days
801306,5-6 Days
743288,5-6 Days
522307,5-6 Days
143406,5-6 Days
303301,5-6 Days
486223,5-6 Days
625051,5-6 Days
851204,5-6 Days
304025,5-6 Days
515832,5-6 Days
788719,5-6 Days
756144,5-6 Days
627422,5-6 Days
614626,5-6 Days
781311,5-6 Days
852108,5-6 Days
524406,5-6 Days
125102,5-6 Days
182117,5-6 Days
496005,5-6 Days
734227,5-6 Days
581117,5-6 Days
456331,5-6 Days
509357,5-6 Days
533345,5-6 Days
641687,5-6 Days
334402,5-6 Days
561213,5-6 Days
600110,5-6 Days
682009,5-6 Days
160064,5-6 Days
147104,5-6 Days
734320,5-6 Days
225206,5-6 Days
572142,5-6 Days
628701,5-6 Days
795129,5-6 Days
425307,5-6 Days
144632,5-6 Days
695571,5-6 Days
781339,5-6 Days
509127,5-6 Days
517414,5-6 Days
495116,5-6 Days
122007,5-6 Days
795112,5-6 Days
585418,5-6 Days
410515,5-6 Days
508250,5-6 Days
754225,5-6 Days
841217,5-6 Days
212301,5-6 Days
394710,5-6 Days
457770,5-6 Days
800009,5-6 Days
521312,5-6 Days
303902,5-6 Days
641047,5-6 Days
622403,5-6 Days
582103,5-6 Days
742307,5-6 Days
613010,5-6 Days
480882,5-6 Days
204213,5-6 Days
673602,5-6 Days
262553,5-6 Days
571254,5-6 Days
581400,5-6 Days
680555,5-6 Days
263656,5-6 Days
614802,5-6 Days
721513,5-6 Days
841286,5-6 Days
209822,5-6 Days
603104,5-6 Days
721405,5-6 Days
224234,5-6 Days
364421,5-6 Days
695041,5-6 Days
470666,5-6 Days
364240,5-6 Days
761123,5-6 Days
321029,5-6 Days
370156,5-6 Days
412302,5-6 Days
757053,5-6 Days
576254,5-6 Days
608502,5-6 Days
626135,5-6 Days
394185,5-6 Days
629163,5-6 Days
560006,5-6 Days
136034,5-6 Days
571115,5-6 Days
207121,5-6 Days
210202,5-6 Days
848216,5-6 Days
301704,5-6 Days
793015,5-6 Days
390007,5-6 Days
415611,5-6 Days
276131,5-6 Days
533125,5-6 Days
843138,5-6 Days
581352,5-6 Days
172028,5-6 Days
612102,5-6 Days
273308,5-6 Days
133206,5-6 Days
248179,5-6 Days
413512,5-6 Days
768110,5-6 Days
845452,5-6 Days
770046,5-6 Days
753013,5-6 Days
816120,5-6 Days
451881,5-6 Days
394107,5-6 Days
577182,5-6 Days
713423,5-6 Days
722169,5-6 Days
192202,5-6 Days
802129,5-6 Days
533252,5-6 Days
395023,5-6 Days
281206,5-6 Days
632511,5-6 Days
847309,5-6 Days
733207,5-6 Days
635814,5-6 Days
790001,5-6 Days
754207,5-6 Days
678542,5-6 Days
400034,5-6 Days
382815,5-6 Days
631151,5-6 Days
250223,5-6 Days
181113,5-6 Days
534475,5-6 Days
192123,5-6 Days
847215,5-6 Days
754288,5-6 Days
757040,5-6 Days
835230,5-6 Days
723133,5-6 Days
517501,5-6 Days
754292,5-6 Days
731121,5-6 Days
261403,5-6 Days
630557,5-6 Days
271824,5-6 Days
638706,5-6 Days
713302,5-6 Days
614203,5-6 Days
688503,5-6 Days
382835,5-6 Days
205302,5-6 Days
277212,5-6 Days
518112,5-6 Days
833201,5-6 Days
613504,5-6 Days
573102,5-6 Days
614205,5-6 Days
683518,5-6 Days
505497,5-6 Days
248018,5-6 Days
470228,5-6 Days
206130,5-6 Days
534406,5-6 Days
370130,5-6 Days
571432,5-6 Days
688003,5-6 Days
560025,5-6 Days
606110,5-6 Days
784150,5-6 Days
813201,5-6 Days
472115,5-6 Days
246701,5-6 Days
685604,5-6 Days
636119,5-6 Days
575030,5-6 Days
497117,5-6 Days
413506,5-6 Days
689586,5-6 Days
676105,5-6 Days
394010,5-6 Days
689505,5-6 Days
576232,5-6 Days
444111,5-6 Days
635204,5-6 Days
461331,5-6 Days
123106,5-6 Days
394660,5-6 Days
815316,5-6 Days
712201,5-6 Days
121011,5-6 Days
621706,5-6 Days
799100,5-6 Days
639205,5-6 Days
495445,5-6 Days
754037,5-6 Days
606205,5-6 Days
416551,5-6 Days
751029,5-6 Days
507183,5-6 Days
493109,5-6 Days
148105,5-6 Days
518135,5-6 Days
788169,5-6 Days
225122,5-6 Days
415406,5-6 Days
614717,5-6 Days
305813,5-6 Days
695027,5-6 Days
534305,5-6 Days
524240,5-6 Days
605755,5-6 Days
610204,5-6 Days
210501,5-6 Days
713303,5-6 Days
400064,5-6 Days
410207,5-6 Days
690513,5-6 Days
400001,5-6 Days
382170,5-6 Days
627856,5-6 Days
202392,5-6 Days
600101,5-6 Days
363622,5-6 Days
272209,5-6 Days
140123,5-6 Days
276405,5-6 Days
673513,5-6 Days
673308,5-6 Days
233222,5-6 Days
413523,5-6 Days
713361,5-6 Days
804426,5-6 Days
455111,5-6 Days
523264,5-6 Days
626125,5-6 Days
171212,5-6 Days
204212,5-6 Days
768205,5-6 Days
835103,5-6 Days
854203,5-6 Days
752079,5-6 Days
206252,5-6 Days
415511,5-6 Days
477331,5-6 Days
414011,5-6 Days
781334,5-6 Days
411009,5-6 Days
673303,5-6 Days
410401,5-6 Days
231208,5-6 Days
425405,5-6 Days
600081,5-6 Days
606107,5-6 Days
756036,5-6 Days
211022,5-6 Days
281004,5-6 Days
140601,5-6 Days
246472,5-6 Days
148007,5-6 Days
848135,5-6 Days
600127,5-6 Days
230123,5-6 Days
571105,5-6 Days
854328,5-6 Days
759119,5-6 Days
574109,5-6 Days
229417,5-6 Days
124021,5-6 Days
802223,5-6 Days
271845,5-6 Days
515241,5-6 Days
781006,5-6 Days
673028,5-6 Days
206250,5-6 Days
793105,5-6 Days
625103,5-6 Days
411038,5-6 Days
733133,5-6 Days
673521,5-6 Days
396150,5-6 Days
301713,5-6 Days
364265,5-6 Days
682024,5-6 Days
560043,5-6 Days
751002,5-6 Days
756056,5-6 Days
743710,5-6 Days
670676,5-6 Days
471525,5-6 Days
226011,5-6 Days
686602,5-6 Days
788107,5-6 Days
621708,5-6 Days
413402,5-6 Days
324007,5-6 Days
796290,5-6 Days
625572,5-6 Days
380002,5-6 Days
605702,5-6 Days
686539,5-6 Days
303008,5-6 Days
686519,5-6 Days
581202,5-6 Days
517123,5-6 Days
802182,5-6 Days
766104,5-6 Days
761005,5-6 Days
431136,5-6 Days
524002,5-6 Days
517112,5-6 Days
770014,5-6 Days
788706,5-6 Days
143119,5-6 Days
713371,5-6 Days
221007,5-6 Days
770021,5-6 Days
787029,5-6 Days
411015,5-6 Days
533287,5-6 Days
141203,5-6 Days
415614,5-6 Days
507124,5-6 Days
491113,5-6 Days
228131,5-6 Days
249126,5-6 Days
841215,5-6 Days
413008,5-6 Days
326516,5-6 Days
586125,5-6 Days
504309,5-6 Days
243202,5-6 Days
759143,5-6 Days
515005,5-6 Days
632403,5-6 Days
508252,5-6 Days
335513,5-6 Days
425510,5-6 Days
524226,5-6 Days
613103,5-6 Days
305408,5-6 Days
140702,5-6 Days
721121,5-6 Days
688005,5-6 Days
673106,5-6 Days
191202,5-6 Days
843152,5-6 Days
412203,5-6 Days
711415,5-6 Days
754155,5-6 Days
786124,5-6 Days
363520,5-6 Days
173235,5-6 Days
761116,5-6 Days
246164,5-6 Days
627357,5-6 Days
635808,5-6 Days
143116,5-6 Days
143409,5-6 Days
442109,5-6 Days
365455,5-6 Days
713335,5-6 Days
754231,5-6 Days
326513,5-6 Days
380024,5-6 Days
606908,5-6 Days
508246,5-6 Days
580008,5-6 Days
610003,5-6 Days
517591,5-6 Days
689572,5-6 Days
151302,5-6 Days
382415,5-6 Days
572217,5-6 Days
146108,5-6 Days
522124,5-6 Days
679511,5-6 Days
125075,5-6 Days
581153,5-6 Days
185202,5-6 Days
151212,5-6 Days
785002,5-6 Days
757031,5-6 Days
136033,5-6 Days
682022,5-6 Days
325222,5-6 Days
403725,5-6 Days
335901,5-6 Days
844507,5-6 Days
741223,5-6 Days
614701,5-6 Days
756119,5-6 Days
362268,5-6 Days
641006,5-6 Days
389325,5-6 Days
625402,5-6 Days
209748,5-6 Days
575024,5-6 Days
591339,5-6 Days
632009,5-6 Days
637002,5-6 Days
577522,5-6 Days
816104,5-6 Days
606705,5-6 Days
623006,5-6 Days
391155,5-6 Days
522401,5-6 Days
785641,5-6 Days
283152,5-6 Days
691005,5-6 Days
680661,5-6 Days
711304,5-6 Days
411208,5-6 Days
711105,5-6 Days
271006,5-6 Days
507135,5-6 Days
622503,5-6 Days
271836,5-6 Days
209293,5-6 Days
518002,5-6 Days
627353,5-6 Days
521185,5-6 Days
676528,5-6 Days
534210,5-6 Days
583287,5-6 Days
285001,5-6 Days
532243,5-6 Days
635754,5-6 Days
263127,5-6 Days
833215,5-6 Days
341502,5-6 Days
502267,5-6 Days
203121,5-6 Days
396375,5-6 Days
581314,5-6 Days
387370,5-6 Days
192401,5-6 Days
713157,5-6 Days
384410,5-6 Days
175023,5-6 Days
522016,5-6 Days
313334,5-6 Days
508374,5-6 Days
274601,5-6 Days
721212,5-6 Days
415605,5-6 Days
635123,5-6 Days
483331,5-6 Days
221302,5-6 Days
305601,5-6 Days
678559,5-6 Days
226008,5-6 Days
212665,5-6 Days
402307,5-6 Days
801105,5-6 Days
211013,5-6 Days
560037,5-6 Days
577415,5-6 Days
625111,5-6 Days
487770,5-6 Days
736134,5-6 Days
691562,5-6 Days
441803,5-6 Days
285122,5-6 Days
581356,5-6 Days
403114,5-6 Days
783371,5-6 Days
680569,5-6 Days
741503,5-6 Days
804432,5-6 Days
490026,5-6 Days
206301,5-6 Days
841236,5-6 Days
524313,5-6 Days
563136,5-6 Days
363530,5-6 Days
627803,5-6 Days
712154,5-6 Days
683514,5-6 Days
141308,5-6 Days
505524,5-6 Days
845425,5-6 Days
741160,5-6 Days
799277,5-6 Days
591244,5-6 Days
625023,5-6 Days
679344,5-6 Days
796701,5-6 Days
690539,5-6 Days
322235,5-6 Days
628215,5-6 Days
182201,5-6 Days
484552,5-6 Days
783385,5-6 Days
629708,5-6 Days
244922,5-6 Days
686501,5-6 Days
676503,5-6 Days
506012,5-6 Days
364275,5-6 Days
680584,5-6 Days
271607,5-6 Days
630104,5-6 Days
444125,5-6 Days
272202,5-6 Days
532425,5-6 Days
637020,5-6 Days
629601,5-6 Days
752093,5-6 Days
824220,5-6 Days
500101,5-6 Days
847232,5-6 Days
785604,5-6 Days
535578,5-6 Days
262309,5-6 Days
232115,5-6 Days
638503,5-6 Days
206303,5-6 Days
425403,5-6 Days
413306,5-6 Days
754241,5-6 Days
249175,5-6 Days
835234,5-6 Days
603003,5-6 Days
627810,5-6 Days
576215,5-6 Days
385521,5-6 Days
573137,5-6 Days
393010,5-6 Days
752069,5-6 Days
484886,5-6 Days
679348,5-6 Days
854331,5-6 Days
799120,5-6 Days
721442,5-6 Days
848303,5-6 Days
678705,5-6 Days
803115,5-6 Days
302019,5-6 Days
762112,5-6 Days
387640,5-6 Days
844506,5-6 Days
126115,5-6 Days
384140,5-6 Days
686561,5-6 Days
581110,5-6 Days
474006,5-6 Days
431537,5-6 Days
685614,5-6 Days
272161,5-6 Days
574112,5-6 Days
786186,5-6 Days
621215,5-6 Days
263132,5-6 Days
700074,5-6 Days
276303,5-6 Days
370645,5-6 Days
470663,5-6 Days
242407,5-6 Days
638104,5-6 Days
843156,5-6 Days
741236,5-6 Days
244227,5-6 Days
476339,5-6 Days
143407,5-6 Days
523230,5-6 Days
816129,5-6 Days
370430,5-6 Days
583125,5-6 Days
781354,5-6 Days
442111,5-6 Days
502271,5-6 Days
691002,5-6 Days
632515,5-6 Days
584124,5-6 Days
585318,5-6 Days
530045,5-6 Days
312901,5-6 Days
586114,5-6 Days
700149,5-6 Days
690530,5-6 Days
221301,5-6 Days
795140,5-6 Days
700077,5-6 Days
365541,5-6 Days
743292,5-6 Days
444720,5-6 Days
721426,5-6 Days
403707,5-6 Days
606906,5-6 Days
722133,5-6 Days
410211,5-6 Days
571114,5-6 Days
577534,5-6 Days
700038,5-6 Days
431505,5-6 Days
461771,5-6 Days
144524,5-6 Days
303330,5-6 Days
322232,5-6 Days
685508,5-6 Days
521213,5-6 Days
148018,5-6 Days
365480,5-6 Days
560055,5-6 Days
630203,5-6 Days
401205,5-6 Days
506166,5-6 Days
230405,5-6 Days
303906,5-6 Days
845431,5-6 Days
756139,5-6 Days
761017,5-6 Days
518593,5-6 Days
143005,5-6 Days
224137,5-6 Days
224186,5-6 Days
122055,5-6 Days
620005,5-6 Days
711226,5-6 Days
277301,5-6 Days
622104,5-6 Days
680617,5-6 Days
413215,5-6 Days
276128,5-6 Days
274604,5-6 Days
582234,5-6 Days
679124,5-6 Days
676557,5-6 Days
502318,5-6 Days
721133,5-6 Days
500265,5-6 Days
382210,5-6 Days
321404,5-6 Days
503321,5-6 Days
147002,5-6 Days
581343,5-6 Days
174307,5-6 Days
431209,5-6 Days
721669,5-6 Days
416113,5-6 Days
522308,5-6 Days
176063,5-6 Days
495115,5-6 Days
424106,5-6 Days
562164,5-6 Days
847228,5-6 Days
682505,5-6 Days
801501,5-6 Days
272131,5-6 Days
384335,5-6 Days
424002,5-6 Days
784184,5-6 Days
412111,5-6 Days
845105,5-6 Days
689512,5-6 Days
532001,5-6 Days
762100,5-6 Days
202524,5-6 Days
403803,5-6 Days
688507,5-6 Days
422602,5-6 Days
413117,5-6 Days
678731,5-6 Days
415801,5-6 Days
110067,5-6 Days
676562,5-6 Days
560027,5-6 Days
227817,5-6 Days
388122,5-6 Days
364280,5-6 Days
627113,5-6 Days
814118,5-6 Days
246449,5-6 Days
795145,5-6 Days
805105,5-6 Days
462005,5-6 Days
221205,5-6 Days
622101,5-6 Days
175133,5-6 Days
625524,5-6 Days
464551,5-6 Days
533468,5-6 Days
678574,5-6 Days
712204,5-6 Days
712232,5-6 Days
847229,5-6 Days
274802,5-6 Days
848512,5-6 Days
632517,5-6 Days
442102,5-6 Days
782144,5-6 Days
673005,5-6 Days
678671,5-6 Days
132023,5-6 Days
243723,5-6 Days
632602,5-6 Days
825420,5-6 Days
387510,5-6 Days
576225,5-6 Days
400208,5-6 Days
387421,5-6 Days
171301,5-6 Days
632504,5-6 Days
322243,5-6 Days
784125,5-6 Days
713142,5-6 Days
500067,5-6 Days
757077,5-6 Days
812002,5-6 Days
505530,5-6 Days
517590,5-6 Days
632315,5-6 Days
370170,5-6 Days
143104,5-6 Days
250612,5-6 Days
518216,5-6 Days
700086,5-6 Days
277213,5-6 Days
754138,5-6 Days
623719,5-6 Days
572145,5-6 Days
577526,5-6 Days
743348,5-6 Days
743609,5-6 Days
577545,5-6 Days
695036,5-6 Days
442505,5-6 Days
824234,5-6 Days
394310,5-6 Days
442103,5-6 Days
759022,5-6 Days
486341,5-6 Days
480115,5-6 Days
571127,5-6 Days
612401,5-6 Days
413101,5-6 Days
813110,5-6 Days
271603,5-6 Days
176061,5-6 Days
585303,5-6 Days
722148,5-6 Days
462013,5-6 Days
848136,5-6 Days
682002,5-6 Days
272123,5-6 Days
110073,5-6 Days
612801,5-6 Days
783361,5-6 Days
571428,5-6 Days
343049,5-6 Days
311023,5-6 Days
175005,5-6 Days
521256,5-6 Days
484447,5-6 Days
638701,5-6 Days
517129,5-6 Days
799009,5-6 Days
243640,5-6 Days
695507,5-6 Days
689114,5-6 Days
641004,5-6 Days
364290,5-6 Days
306107,5-6 Days
365430,5-6 Days
670614,5-6 Days
754016,5-6 Days
754114,5-6 Days
768201,5-6 Days
110086,5-6 Days
414102,5-6 Days
577541,5-6 Days
610201,5-6 Days
415004,5-6 Days
673576,5-6 Days
852129,5-6 Days
713514,5-6 Days
670142,5-6 Days
761035,5-6 Days
272130,5-6 Days
389230,5-6 Days
723158,5-6 Days
631702,5-6 Days
421201,5-6 Days
734013,5-6 Days
521327,5-6 Days
835238,5-6 Days
781335,5-6 Days
134205,5-6 Days
125103,5-6 Days
721650,5-6 Days
403001,5-6 Days
679532,5-6 Days
132108,5-6 Days
509215,5-6 Days
642123,5-6 Days
360021,5-6 Days
176128,5-6 Days
606811,5-6 Days
131303,5-6 Days
383320,5-6 Days
784524,5-6 Days
416707,5-6 Days
460557,5-6 Days
518145,5-6 Days
591139,5-6 Days
832119,5-6 Days
679324,5-6 Days
742402,5-6 Days
382625,5-6 Days
425104,5-6 Days
444001,5-6 Days
759026,5-6 Days
331501,5-6 Days
271129,5-6 Days
795005,5-6 Days
233310,5-6 Days
227101,5-6 Days
802132,5-6 Days
416611,5-6 Days
395650,5-6 Days
457888,5-6 Days
320006,5-6 Days
226028,5-6 Days
276121,5-6 Days
495674,5-6 Days
505152,5-6 Days
713145,5-6 Days
517432,5-6 Days
785688,5-6 Days
517172,5-6 Days
735220,5-6 Days
673644,5-6 Days
781340,5-6 Days
531032,5-6 Days
396418,5-6 Days
212666,5-6 Days
226025,5-6 Days
577512,5-6 Days
754205,5-6 Days
600073,5-6 Days
713434,5-6 Days
613402,5-6 Days
713208,5-6 Days
614712,5-6 Days
585243,5-6 Days
584114,5-6 Days
624207,5-6 Days
212659,5-6 Days
277203,5-6 Days
711310,5-6 Days
627009,5-6 Days
521246,5-6 Days
243301,5-6 Days
722147,5-6 Days
363115,5-6 Days
642125,5-6 Days
680125,5-6 Days
756123,5-6 Days
412219,5-6 Days
226009,5-6 Days
600017,5-6 Days
246166,5-6 Days
522313,5-6 Days
500033,5-6 Days
177101,5-6 Days
394140,5-6 Days
680665,5-6 Days
570003,5-6 Days
388580,5-6 Days
274249,5-6 Days
424205,5-6 Days
768026,5-6 Days
485775,5-6 Days
851215,5-6 Days
442101,5-6 Days
572212,5-6 Days
141419,5-6 Days
262701,5-6 Days
691019,5-6 Days
523327,5-6 Days
431750,5-6 Days
571417,5-6 Days
586117,5-6 Days
841413,5-6 Days
622409,5-6 Days
636006,5-6 Days
247129,5-6 Days
360330,5-6 Days
160051,5-6 Days
600108,5-6 Days
689124,5-6 Days
460440,5-6 Days
829301,5-6 Days
142041,5-6 Days
246446,5-6 Days
845301,5-6 Days
230146,5-6 Days
811212,5-6 Days
383316,5-6 Days
475336,5-6 Days
175028,5-6 Days
462032,5-6 Days
581345,5-6 Days
711203,5-6 Days
791113,5-6 Days
450992,5-6 Days
824217,5-6 Days
534216,5-6 Days
795106,5-6 Days
637211,5-6 Days
577225,5-6 Days
388355,5-6 Days
132113,5-6 Days
609604,5-6 Days
626118,5-6 Days
804406,5-6 Days
416418,5-6 Days
173209,5-6 Days
811314,5-6 Days
756082,5-6 Days
614015,5-6 Days
788162,5-6 Days
768113,5-6 Days
141411,5-6 Days
788014,5-6 Days
326021,5-6 Days
462007,5-6 Days
624051,5-6 Days
623105,5-6 Days
277504,5-6 Days
224135,5-6 Days
382121,5-6 Days
843125,5-6 Days
680008,5-6 Days
585219,5-6 Days
782139,5-6 Days
507203,5-6 Days
845427,5-6 Days
768130,5-6 Days
364295,5-6 Days
141017,5-6 Days
465677,5-6 Days
486333,5-6 Days
752013,5-6 Days
625014,5-6 Days
486114,5-6 Days
416014,5-6 Days
533274,5-6 Days
577118,5-6 Days
768020,5-6 Days
628151,5-6 Days
464886,5-6 Days
711412,5-6 Days
742235,5-6 Days
458113,5-6 Days
723156,5-6 Days
787034,5-6 Days
505529,5-6 Days
516311,5-6 Days
680517,5-6 Days
784111,5-6 Days
600038,5-6 Days
613203,5-6 Days
360001,5-6 Days
690504,5-6 Days
585304,5-6 Days
583122,5-6 Days
532127,5-6 Days
752029,5-6 Days
610105,5-6 Days
581357,5-6 Days
325004,5-6 Days
785615,5-6 Days
743304,5-6 Days
686503,5-6 Days
243005,5-6 Days
497557,5-6 Days
571217,5-6 Days
785695,5-6 Days
125110,5-6 Days
314025,5-6 Days
721666,5-6 Days
577247,5-6 Days
208026,5-6 Days
331021,5-6 Days
134202,5-6 Days
638703,5-6 Days
380058,5-6 Days
788735,5-6 Days
502113,5-6 Days
600132,5-6 Days
410221,5-6 Days
483334,5-6 Days
201311,5-6 Days
788151,5-6 Days
679341,5-6 Days
140124,5-6 Days
828120,5-6 Days
571427,5-6 Days
683548,5-6 Days
394246,5-6 Days
474010,5-6 Days
362003,5-6 Days
522312,5-6 Days
722222,5-6 Days
402601,5-6 Days
731243,5-6 Days
535216,5-6 Days
325218,5-6 Days
303340,5-6 Days
713215,5-6 Days
360034,5-6 Days
243635,5-6 Days
484336,5-6 Days
473583,5-6 Days
785640,5-6 Days
680651,5-6 Days
505305,5-6 Days
627852,5-6 Days
247121,5-6 Days
282006,5-6 Days
365640,5-6 Days
560060,5-6 Days
172002,5-6 Days
713141,5-6 Days
605105,5-6 Days
143009,5-6 Days
175123,5-6 Days
212601,5-6 Days
244414,5-6 Days
676508,5-6 Days
788156,5-6 Days
242222,5-6 Days
628204,5-6 Days
488059,5-6 Days
450554,5-6 Days
768106,5-6 Days
205304,5-6 Days
284306,5-6 Days
248102,5-6 Days
422214,5-6 Days
395010,5-6 Days
689711,5-6 Days
441611,5-6 Days
484555,5-6 Days
832102,5-6 Days
518674,5-6 Days
788724,5-6 Days
360579,5-6 Days
612205,5-6 Days
721644,5-6 Days
110025,5-6 Days
516151,5-6 Days
623521,5-6 Days
624302,5-6 Days
532474,5-6 Days
823004,5-6 Days
571252,5-6 Days
507123,5-6 Days
829102,5-6 Days
643237,5-6 Days
148022,5-6 Days
415122,5-6 Days
841505,5-6 Days
765029,5-6 Days
627805,5-6 Days
690518,5-6 Days
700162,5-6 Days
388350,5-6 Days
581197,5-6 Days
600091,5-6 Days
844102,5-6 Days
784026,5-6 Days
282001,5-6 Days
851126,5-6 Days
458778,5-6 Days
814165,5-6 Days
331803,5-6 Days
416509,5-6 Days
477001,5-6 Days
122207,5-6 Days
202411,5-6 Days
222102,5-6 Days
313705,5-6 Days
625006,5-6 Days
600066,5-6 Days
416022,5-6 Days
456661,5-6 Days
683549,5-6 Days
560019,5-6 Days
454341,5-6 Days
577132,5-6 Days
382425,5-6 Days
331304,5-6 Days
678703,5-6 Days
400006,5-6 Days
473885,5-6 Days
400901,5-6 Days
631210,5-6 Days
797112,5-6 Days
691506,5-6 Days
686633,5-6 Days
683107,5-6 Days
829149,5-6 Days
534331,5-6 Days
701111,5-6 Days
636105,5-6 Days
247668,5-6 Days
416303,5-6 Days
515872,5-6 Days
231501,5-6 Days
413305,5-6 Days
721506,5-6 Days
391445,5-6 Days
624619,5-6 Days
700006,5-6 Days
695024,5-6 Days
422603,5-6 Days
813103,5-6 Days
212402,5-6 Days
441121,5-6 Days
700087,5-6 Days
400103,5-6 Days
515843,5-6 Days
609001,5-6 Days
521120,5-6 Days
642109,5-6 Days
574115,5-6 Days
332722,5-6 Days
171201,5-6 Days
841219,5-6 Days
141011,5-6 Days
388480,5-6 Days
535148,5-6 Days
144005,5-6 Days
221002,5-6 Days
731254,5-6 Days
410402,5-6 Days
752064,5-6 Days
783384,5-6 Days
143002,5-6 Days
736177,5-6 Days
755035,5-6 Days
754026,5-6 Days
500029,5-6 Days
847101,5-6 Days
581132,5-6 Days
502001,5-6 Days
475671,5-6 Days
246733,5-6 Days
518003,5-6 Days
832404,5-6 Days
734121,5-6 Days
754287,5-6 Days
314021,5-6 Days
516116,5-6 Days
670543,5-6 Days
600040,5-6 Days
532461,5-6 Days
624401,5-6 Days
609301,5-6 Days
335504,5-6 Days
695031,5-6 Days
245407,5-6 Days
766015,5-6 Days
591111,5-6 Days
768116,5-6 Days
335023,5-6 Days
603312,5-6 Days
401200,5-6 Days
586213,5-6 Days
605802,5-6 Days
785004,5-6 Days
144529,5-6 Days
263156,5-6 Days
788117,5-6 Days
590017,5-6 Days
682038,5-6 Days
175010,5-6 Days
848218,5-6 Days
143512,5-6 Days
742238,5-6 Days
799013,5-6 Days
515591,5-6 Days
848214,5-6 Days
561206,5-6 Days
413106,5-6 Days
392021,5-6 Days
602003,5-6 Days
691516,5-6 Days
831015,5-6 Days
261402,5-6 Days
605101,5-6 Days
345002,5-6 Days
600123,5-6 Days
403709,5-6 Days
144041,5-6 Days
385545,5-6 Days
244004,5-6 Days
583115,5-6 Days
799003,5-6 Days
530005,5-6 Days
125048,5-6 Days
396370,5-6 Days
782124,5-6 Days
561101,5-6 Days
502279,5-6 Days
496227,5-6 Days
680590,5-6 Days
509206,5-6 Days
144214,5-6 Days
769005,5-6 Days
173206,5-6 Days
848138,5-6 Days
413220,5-6 Days
606801,5-6 Days
816108,5-6 Days
502255,5-6 Days
142057,5-6 Days
735211,5-6 Days
824301,5-6 Days
176111,5-6 Days
212208,5-6 Days
205135,5-6 Days
755015,5-6 Days
800014,5-6 Days
627201,5-6 Days
755038,5-6 Days
585260,5-6 Days
691556,5-6 Days
678541,5-6 Days
563120,5-6 Days
522626,5-6 Days
851102,5-6 Days
852116,5-6 Days
754107,5-6 Days
821311,5-6 Days
721467,5-6 Days
387230,5-6 Days
486553,5-6 Days
767002,5-6 Days
413529,5-6 Days
682011,5-6 Days
685616,5-6 Days
400035,5-6 Days
522024,5-6 Days
642101,5-6 Days
610101,5-6 Days
380021,5-6 Days
524305,5-6 Days
751028,5-6 Days
769008,5-6 Days
585218,5-6 Days
736179,5-6 Days
142037,5-6 Days
612905,5-6 Days
786125,5-6 Days
370485,5-6 Days
370202,5-6 Days
585214,5-6 Days
635653,5-6 Days
140128,5-6 Days
828304,5-6 Days
523115,5-6 Days
182145,5-6 Days
732139,5-6 Days
410505,5-6 Days
679551,5-6 Days
248121,5-6 Days
493887,5-6 Days
363765,5-6 Days
363660,5-6 Days
392230,5-6 Days
721463,5-6 Days
798618,5-6 Days
690522,5-6 Days
532430,5-6 Days
431123,5-6 Days
144502,5-6 Days
505528,5-6 Days
497229,5-6 Days
261145,5-6 Days
424103,5-6 Days
785675,5-6 Days
695030,5-6 Days
244701,5-6 Days
393115,5-6 Days
755036,5-6 Days
532122,5-6 Days
508210,5-6 Days
736207,5-6 Days
425115,5-6 Days
670677,5-6 Days
209601,5-6 Days
591239,5-6 Days
175015,5-6 Days
636013,5-6 Days
400013,5-6 Days
688562,5-6 Days
400704,5-6 Days
509411,5-6 Days
623601,5-6 Days
585225,5-6 Days
122004,5-6 Days
500092,5-6 Days
509132,5-6 Days
382820,5-6 Days
713377,5-6 Days
182124,5-6 Days
680735,5-6 Days
382020,5-6 Days
508113,5-6 Days
799282,5-6 Days
743384,5-6 Days
283102,5-6 Days
209732,5-6 Days
843128,5-6 Days
144210,5-6 Days
621022,5-6 Days
691016,5-6 Days
682005,5-6 Days
457772,5-6 Days
801503,5-6 Days
380027,5-6 Days
327605,5-6 Days
193404,5-6 Days
625002,5-6 Days
177006,5-6 Days
574213,5-6 Days
713422,5-6 Days
401406,5-6 Days
480221,5-6 Days
440028,5-6 Days
752084,5-6 Days
784145,5-6 Days
680734,5-6 Days
110090,5-6 Days
574217,5-6 Days
625114,5-6 Days
574226,5-6 Days
173210,5-6 Days
490042,5-6 Days
303331,5-6 Days
284135,5-6 Days
713347,5-6 Days
210126,5-6 Days
160025,5-6 Days
180020,5-6 Days
370140,5-6 Days
453552,5-6 Days
638457,5-6 Days
574199,5-6 Days
424105,5-6 Days
431601,5-6 Days
625603,5-6 Days
581350,5-6 Days
306027,5-6 Days
625207,5-6 Days
228132,5-6 Days
208027,5-6 Days
523305,5-6 Days
733150,5-6 Days
764001,5-6 Days
630560,5-6 Days
425411,5-6 Days
305927,5-6 Days
796310,5-6 Days
313704,5-6 Days
680667,5-6 Days
249409,5-6 Days
824121,5-6 Days
577142,5-6 Days
517415,5-6 Days
311002,5-6 Days
344702,5-6 Days
742133,5-6 Days
604001,5-6 Days
577216,5-6 Days
202120,5-6 Days
455440,5-6 Days
224118,5-6 Days
176218,5-6 Days
534450,5-6 Days
755050,5-6 Days
841415,5-6 Days
784118,5-6 Days
735134,5-6 Days
385530,5-6 Days
535559,5-6 Days
781021,5-6 Days
574230,5-6 Days
271319,5-6 Days
271405,5-6 Days
522601,5-6 Days
573124,5-6 Days
451113,5-6 Days
430507,5-6 Days
276402,5-6 Days
581136,5-6 Days
143501,5-6 Days
389347,5-6 Days
248146,5-6 Days
794003,5-6 Days
574106,5-6 Days
495223,5-6 Days
225414,5-6 Days
583225,5-6 Days
121004,5-6 Days
387540,5-6 Days
711312,5-6 Days
630003,5-6 Days
502375,5-6 Days
365635,5-6 Days
480001,5-6 Days
752026,5-6 Days
848117,5-6 Days
583102,5-6 Days
416116,5-6 Days
415109,5-6 Days
680688,5-6 Days
626103,5-6 Days
394360,5-6 Days
415522,5-6 Days
712704,5-6 Days
505501,5-6 Days
515110,5-6 Days
445002,5-6 Days
713127,5-6 Days
756044,5-6 Days
700025,5-6 Days
752054,5-6 Days
382213,5-6 Days
365410,5-6 Days
561212,5-6 Days
799275,5-6 Days
410208,5-6 Days
695303,5-6 Days
767041,5-6 Days
281304,5-6 Days
571321,5-6 Days
424104,5-6 Days
622402,5-6 Days
425132,5-6 Days
174305,5-6 Days
734217,5-6 Days
392165,5-6 Days
745010,5-6 Days
413707,5-6 Days
688527,5-6 Days
571120,5-6 Days
831018,5-6 Days
700055,5-6 Days
607004,5-6 Days
222302,5-6 Days
244902,5-6 Days
305023,5-6 Days
271402,5-6 Days
625604,5-6 Days
722135,5-6 Days
625015,5-6 Days
414607,5-6 Days
391230,5-6 Days
577227,5-6 Days
458664,5-6 Days
508207,5-6 Days
148108,5-6 Days
423109,5-6 Days
422004,5-6 Days
495684,5-6 Days
735101,5-6 Days
700032,5-6 Days
680589,5-6 Days
829122,5-6 Days
767067,5-6 Days
622202,5-6 Days
641303,5-6 Days
272002,5-6 Days
581112,5-6 Days
414303,5-6 Days
670595,5-6 Days
392115,5-6 Days
571313,5-6 Days
752066,5-6 Days
757045,5-6 Days
621315,5-6 Days
743702,5-6 Days
799254,5-6 Days
690001,5-6 Days
811304,5-6 Days
824302,5-6 Days
211012,5-6 Days
622203,5-6 Days
624701,5-6 Days
626607,5-6 Days
600124,5-6 Days
583282,5-6 Days
142001,5-6 Days
743338,5-6 Days
532123,5-6 Days
782002,5-6 Days
670679,5-6 Days
851216,5-6 Days
311605,5-6 Days
560090,5-6 Days
523272,5-6 Days
416526,5-6 Days
624803,5-6 Days
230128,5-6 Days
683545,5-6 Days
805129,5-6 Days
400093,5-6 Days
522261,5-6 Days
721441,5-6 Days
140408,5-6 Days
833104,5-6 Days
854103,5-6 Days
